seed,window_size,send_max_try,request_count,simulation_duration_s,simulator_accuracy,node_count,edge_probability,memory_size,query_time_s,link_rate_pairs_s,link_delay_s,link_buffer,algorithm,congestion_history_weight,smoothing_epsilon,mean_request_throughput_pairs_s,total_edr_pairs_s,completed_pairs,dropped_pairs,in_flight_pairs,request_edrs_pairs_s,edr_cv,topology_signature,request_pairs,mean_signal_gap,mean_abs_signal_gap
101,1,1,5,10.000000,1000,50,0.100000,10,0.050000,1000.000000,0.001000,1,historical_only,1.000000,0.500000,19.520000,97.600000,976,0,10,19.500000;19.500000;19.500000;19.500000;19.600000,0.002049,7e7b3091ef99,n34->n24;n7->n41;n33->n12;n45->n24;n37->n18,0.180000,0.180000
101,1,1,5,10.000000,1000,50,0.100000,10,0.050000,1000.000000,0.001000,1,real_time_memory_aware,0.500000,0.500000,19.520000,97.600000,976,0,10,19.500000;19.500000;19.500000;19.500000;19.600000,0.002049,7e7b3091ef99,n34->n24;n7->n41;n33->n12;n45->n24;n37->n18,0.180000,0.180000
202,1,1,5,10.000000,1000,50,0.100000,10,0.050000,1000.000000,0.001000,1,historical_only,1.000000,0.500000,19.520000,97.600000,976,0,12,19.500000;19.500000;19.600000;19.500000;19.500000,0.002049,8811bf5b22ad,n42->n6;n7->n50;n18->n10;n47->n46;n6->n11,0.166667,0.166667
202,1,1,5,10.000000,1000,50,0.100000,10,0.050000,1000.000000,0.001000,1,real_time_memory_aware,0.500000,0.500000,19.520000,97.600000,976,0,12,19.500000;19.500000;19.600000;19.500000;19.500000,0.002049,8811bf5b22ad,n42->n6;n7->n50;n18->n10;n47->n46;n6->n11,0.166667,0.166667
303,1,1,5,10.000000,1000,50,0.100000,10,0.050000,1000.000000,0.001000,1,historical_only,1.000000,0.500000,19.520000,97.600000,976,0,10,19.500000;19.500000;19.500000;19.500000;19.600000,0.002049,9ada2f3a47de,n42->n14;n39->n1;n37->n28;n24->n31;n36->n28,0.160000,0.160000
303,1,1,5,10.000000,1000,50,0.100000,10,0.050000,1000.000000,0.001000,1,real_time_memory_aware,0.500000,0.500000,19.520000,97.600000,976,0,10,19.500000;19.500000;19.500000;19.500000;19.600000,0.002049,9ada2f3a47de,n42->n14;n39->n1;n37->n28;n24->n31;n36->n28,0.160000,0.160000
101,1,2,5,10.000000,1000,50,0.100000,10,0.050000,1000.000000,0.001000,1,historical_only,1.000000,0.500000,19.520000,97.600000,976,0,10,19.500000;19.500000;19.500000;19.500000;19.600000,0.002049,7e7b3091ef99,n34->n24;n7->n41;n33->n12;n45->n24;n37->n18,0.180000,0.180000
101,1,2,5,10.000000,1000,50,0.100000,10,0.050000,1000.000000,0.001000,1,real_time_memory_aware,0.500000,0.500000,19.520000,97.600000,976,0,10,19.500000;19.500000;19.500000;19.500000;19.600000,0.002049,7e7b3091ef99,n34->n24;n7->n41;n33->n12;n45->n24;n37->n18,0.112500,0.112500
202,1,2,5,10.000000,1000,50,0.100000,10,0.050000,1000.000000,0.001000,1,historical_only,1.000000,0.500000,19.520000,97.600000,976,0,12,19.500000;19.500000;19.600000;19.500000;19.500000,0.002049,8811bf5b22ad,n42->n6;n7->n50;n18->n10;n47->n46;n6->n11,0.166667,0.166667
202,1,2,5,10.000000,1000,50,0.100000,10,0.050000,1000.000000,0.001000,1,real_time_memory_aware,0.500000,0.500000,19.520000,97.600000,976,0,12,19.500000;19.500000;19.600000;19.500000;19.500000,0.002049,8811bf5b22ad,n42->n6;n7->n50;n18->n10;n47->n46;n6->n11,0.133333,0.133333
303,1,2,5,10.000000,1000,50,0.100000,10,0.050000,1000.000000,0.001000,1,historical_only,1.000000,0.500000,19.520000,97.600000,976,0,10,19.500000;19.500000;19.500000;19.500000;19.600000,0.002049,9ada2f3a47de,n42->n14;n39->n1;n37->n28;n24->n31;n36->n28,0.160000,0.160000
303,1,2,5,10.000000,1000,50,0.100000,10,0.050000,1000.000000,0.001000,1,real_time_memory_aware,0.500000,0.500000,19.520000,97.600000,976,0,10,19.500000;19.500000;19.500000;19.500000;19.600000,0.002049,9ada2f3a47de,n42->n14;n39->n1;n37->n28;n24->n31;n36->n28,0.133333,0.133333
101,1,3,5,10.000000,1000,50,0.100000,10,0.050000,1000.000000,0.001000,1,historical_only,1.000000,0.500000,19.520000,97.600000,976,0,10,19.500000;19.500000;19.500000;19.500000;19.600000,0.002049,7e7b3091ef99,n34->n24;n7->n41;n33->n12;n45->n24;n37->n18,0.180000,0.180000
101,1,3,5,10.000000,1000,50,0.100000,10,0.050000,1000.000000,0.001000,1,real_time_memory_aware,0.500000,0.500000,19.520000,97.600000,976,0,10,19.500000;19.500000;19.500000;19.500000;19.600000,0.002049,7e7b3091ef99,n34->n24;n7->n41;n33->n12;n45->n24;n37->n18,0.112500,0.112500
202,1,3,5,10.000000,1000,50,0.100000,10,0.050000,1000.000000,0.001000,1,historical_only,1.000000,0.500000,19.520000,97.600000,976,0,12,19.500000;19.500000;19.600000;19.500000;19.500000,0.002049,8811bf5b22ad,n42->n6;n7->n50;n18->n10;n47->n46;n6->n11,0.166667,0.166667
202,1,3,5,10.000000,1000,50,0.100000,10,0.050000,1000.000000,0.001000,1,real_time_memory_aware,0.500000,0.500000,19.520000,97.600000,976,0,12,19.500000;19.500000;19.600000;19.500000;19.500000,0.002049,8811bf5b22ad,n42->n6;n7->n50;n18->n10;n47->n46;n6->n11,0.133333,0.133333
303,1,3,5,10.000000,1000,50,0.100000,10,0.050000,1000.000000,0.001000,1,historical_only,1.000000,0.500000,19.520000,97.600000,976,0,10,19.500000;19.500000;19.500000;19.500000;19.600000,0.002049,9ada2f3a47de,n42->n14;n39->n1;n37->n28;n24->n31;n36->n28,0.160000,0.160000
303,1,3,5,10.000000,1000,50,0.100000,10,0.050000,1000.000000,0.001000,1,real_time_memory_aware,0.500000,0.500000,19.520000,97.600000,976,0,10,19.500000;19.500000;19.500000;19.500000;19.600000,0.002049,9ada2f3a47de,n42->n14;n39->n1;n37->n28;n24->n31;n36->n28,0.133333,0.133333
101,1,4,5,10.000000,1000,50,0.100000,10,0.050000,1000.000000,0.001000,1,historical_only,1.000000,0.500000,19.520000,97.600000,976,0,10,19.500000;19.500000;19.500000;19.500000;19.600000,0.002049,7e7b3091ef99,n34->n24;n7->n41;n33->n12;n45->n24;n37->n18,0.180000,0.180000
101,1,4,5,10.000000,1000,50,0.100000,10,0.050000,1000.000000,0.001000,1,real_time_memory_aware,0.500000,0.500000,19.520000,97.600000,976,0,10,19.500000;19.500000;19.500000;19.500000;19.600000,0.002049,7e7b3091ef99,n34->n24;n7->n41;n33->n12;n45->n24;n37->n18,0.112500,0.112500
202,1,4,5,10.000000,1000,50,0.100000,10,0.050000,1000.000000,0.001000,1,historical_only,1.000000,0.500000,19.520000,97.600000,976,0,12,19.500000;19.500000;19.600000;19.500000;19.500000,0.002049,8811bf5b22ad,n42->n6;n7->n50;n18->n10;n47->n46;n6->n11,0.166667,0.166667
202,1,4,5,10.000000,1000,50,0.100000,10,0.050000,1000.000000,0.001000,1,real_time_memory_aware,0.500000,0.500000,19.520000,97.600000,976,0,12,19.500000;19.500000;19.600000;19.500000;19.500000,0.002049,8811bf5b22ad,n42->n6;n7->n50;n18->n10;n47->n46;n6->n11,0.133333,0.133333
303,1,4,5,10.000000,1000,50,0.100000,10,0.050000,1000.000000,0.001000,1,historical_only,1.000000,0.500000,19.520000,97.600000,976,0,10,19.500000;19.500000;19.500000;19.500000;19.600000,0.002049,9ada2f3a47de,n42->n14;n39->n1;n37->n28;n24->n31;n36->n28,0.160000,0.160000
303,1,4,5,10.000000,1000,50,0.100000,10,0.050000,1000.000000,0.001000,1,real_time_memory_aware,0.500000,0.500000,19.520000,97.600000,976,0,10,19.500000;19.500000;19.500000;19.500000;19.600000,0.002049,9ada2f3a47de,n42->n14;n39->n1;n37->n28;n24->n31;n36->n28,0.133333,0.133333
101,1,5,5,10.000000,1000,50,0.100000,10,0.050000,1000.000000,0.001000,1,historical_only,1.000000,0.500000,19.520000,97.600000,976,0,10,19.500000;19.500000;19.500000;19.500000;19.600000,0.002049,7e7b3091ef99,n34->n24;n7->n41;n33->n12;n45->n24;n37->n18,0.180000,0.180000
101,1,5,5,10.000000,1000,50,0.100000,10,0.050000,1000.000000,0.001000,1,real_time_memory_aware,0.500000,0.500000,19.520000,97.600000,976,0,10,19.500000;19.500000;19.500000;19.500000;19.600000,0.002049,7e7b3091ef99,n34->n24;n7->n41;n33->n12;n45->n24;n37->n18,0.112500,0.112500
202,1,5,5,10.000000,1000,50,0.100000,10,0.050000,1000.000000,0.001000,1,historical_only,1.000000,0.500000,19.520000,97.600000,976,0,12,19.500000;19.500000;19.600000;19.500000;19.500000,0.002049,8811bf5b22ad,n42->n6;n7->n50;n18->n10;n47->n46;n6->n11,0.166667,0.166667
202,1,5,5,10.000000,1000,50,0.100000,10,0.050000,1000.000000,0.001000,1,real_time_memory_aware,0.500000,0.500000,19.520000,97.600000,976,0,12,19.500000;19.500000;19.600000;19.500000;19.500000,0.002049,8811bf5b22ad,n42->n6;n7->n50;n18->n10;n47->n46;n6->n11,0.133333,0.133333
303,1,5,5,10.000000,1000,50,0.100000,10,0.050000,1000.000000,0.001000,1,historical_only,1.000000,0.500000,19.520000,97.600000,976,0,10,19.500000;19.500000;19.500000;19.500000;19.600000,0.002049,9ada2f3a47de,n42->n14;n39->n1;n37->n28;n24->n31;n36->n28,0.160000,0.160000
303,1,5,5,10.000000,1000,50,0.100000,10,0.050000,1000.000000,0.001000,1,real_time_memory_aware,0.500000,0.500000,19.520000,97.600000,976,0,10,19.500000;19.500000;19.500000;19.500000;19.600000,0.002049,9ada2f3a47de,n42->n14;n39->n1;n37->n28;n24->n31;n36->n28,0.133333,0.133333
101,1,6,5,10.000000,1000,50,0.100000,10,0.050000,1000.000000,0.001000,1,historical_only,1.000000,0.500000,19.520000,97.600000,976,0,10,19.500000;19.500000;19.500000;19.500000;19.600000,0.002049,7e7b3091ef99,n34->n24;n7->n41;n33->n12;n45->n24;n37->n18,0.180000,0.180000
101,1,6,5,10.000000,1000,50,0.100000,10,0.050000,1000.000000,0.001000,1,real_time_memory_aware,0.500000,0.500000,19.520000,97.600000,976,0,10,19.500000;19.500000;19.500000;19.500000;19.600000,0.002049,7e7b3091ef99,n34->n24;n7->n41;n33->n12;n45->n24;n37->n18,0.112500,0.112500
202,1,6,5,10.000000,1000,50,0.100000,10,0.050000,1000.000000,0.001000,1,historical_only,1.000000,0.500000,19.520000,97.600000,976,0,12,19.500000;19.500000;19.600000;19.500000;19.500000,0.002049,8811bf5b22ad,n42->n6;n7->n50;n18->n10;n47->n46;n6->n11,0.166667,0.166667
202,1,6,5,10.000000,1000,50,0.100000,10,0.050000,1000.000000,0.001000,1,real_time_memory_aware,0.500000,0.500000,19.520000,97.600000,976,0,12,19.500000;19.500000;19.600000;19.500000;19.500000,0.002049,8811bf5b22ad,n42->n6;n7->n50;n18->n10;n47->n46;n6->n11,0.133333,0.133333
303,1,6,5,10.000000,1000,50,0.100000,10,0.050000,1000.000000,0.001000,1,historical_only,1.000000,0.500000,19.520000,97.600000,976,0,10,19.500000;19.500000;19.500000;19.500000;19.600000,0.002049,9ada2f3a47de,n42->n14;n39->n1;n37->n28;n24->n31;n36->n28,0.160000,0.160000
303,1,6,5,10.000000,1000,50,0.100000,10,0.050000,1000.000000,0.001000,1,real_time_memory_aware,0.500000,0.500000,19.520000,97.600000,976,0,10,19.500000;19.500000;19.500000;19.500000;19.600000,0.002049,9ada2f3a47de,n42->n14;n39->n1;n37->n28;n24->n31;n36->n28,0.133333,0.133333
101,1,7,5,10.000000,1000,50,0.100000,10,0.050000,1000.000000,0.001000,1,historical_only,1.000000,0.500000,19.520000,97.600000,976,0,10,19.500000;19.500000;19.500000;19.500000;19.600000,0.002049,7e7b3091ef99,n34->n24;n7->n41;n33->n12;n45->n24;n37->n18,0.180000,0.180000
101,1,7,5,10.000000,1000,50,0.100000,10,0.050000,1000.000000,0.001000,1,real_time_memory_aware,0.500000,0.500000,19.520000,97.600000,976,0,10,19.500000;19.500000;19.500000;19.500000;19.600000,0.002049,7e7b3091ef99,n34->n24;n7->n41;n33->n12;n45->n24;n37->n18,0.112500,0.112500
202,1,7,5,10.000000,1000,50,0.100000,10,0.050000,1000.000000,0.001000,1,historical_only,1.000000,0.500000,19.520000,97.600000,976,0,12,19.500000;19.500000;19.600000;19.500000;19.500000,0.002049,8811bf5b22ad,n42->n6;n7->n50;n18->n10;n47->n46;n6->n11,0.166667,0.166667
202,1,7,5,10.000000,1000,50,0.100000,10,0.050000,1000.000000,0.001000,1,real_time_memory_aware,0.500000,0.500000,19.520000,97.600000,976,0,12,19.500000;19.500000;19.600000;19.500000;19.500000,0.002049,8811bf5b22ad,n42->n6;n7->n50;n18->n10;n47->n46;n6->n11,0.133333,0.133333
303,1,7,5,10.000000,1000,50,0.100000,10,0.050000,1000.000000,0.001000,1,historical_only,1.000000,0.500000,19.520000,97.600000,976,0,10,19.500000;19.500000;19.500000;19.500000;19.600000,0.002049,9ada2f3a47de,n42->n14;n39->n1;n37->n28;n24->n31;n36->n28,0.160000,0.160000
303,1,7,5,10.000000,1000,50,0.100000,10,0.050000,1000.000000,0.001000,1,real_time_memory_aware,0.500000,0.500000,19.520000,97.600000,976,0,10,19.500000;19.500000;19.500000;19.500000;19.600000,0.002049,9ada2f3a47de,n42->n14;n39->n1;n37->n28;n24->n31;n36->n28,0.133333,0.133333
101,1,8,5,10.000000,1000,50,0.100000,10,0.050000,1000.000000,0.001000,1,historical_only,1.000000,0.500000,19.520000,97.600000,976,0,10,19.500000;19.500000;19.500000;19.500000;19.600000,0.002049,7e7b3091ef99,n34->n24;n7->n41;n33->n12;n45->n24;n37->n18,0.180000,0.180000
101,1,8,5,10.000000,1000,50,0.100000,10,0.050000,1000.000000,0.001000,1,real_time_memory_aware,0.500000,0.500000,19.520000,97.600000,976,0,10,19.500000;19.500000;19.500000;19.500000;19.600000,0.002049,7e7b3091ef99,n34->n24;n7->n41;n33->n12;n45->n24;n37->n18,0.112500,0.112500
202,1,8,5,10.000000,1000,50,0.100000,10,0.050000,1000.000000,0.001000,1,historical_only,1.000000,0.500000,19.520000,97.600000,976,0,12,19.500000;19.500000;19.600000;19.500000;19.500000,0.002049,8811bf5b22ad,n42->n6;n7->n50;n18->n10;n47->n46;n6->n11,0.166667,0.166667
202,1,8,5,10.000000,1000,50,0.100000,10,0.050000,1000.000000,0.001000,1,real_time_memory_aware,0.500000,0.500000,19.520000,97.600000,976,0,12,19.500000;19.500000;19.600000;19.500000;19.500000,0.002049,8811bf5b22ad,n42->n6;n7->n50;n18->n10;n47->n46;n6->n11,0.133333,0.133333
303,1,8,5,10.000000,1000,50,0.100000,10,0.050000,1000.000000,0.001000,1,historical_only,1.000000,0.500000,19.520000,97.600000,976,0,10,19.500000;19.500000;19.500000;19.500000;19.600000,0.002049,9ada2f3a47de,n42->n14;n39->n1;n37->n28;n24->n31;n36->n28,0.160000,0.160000
303,1,8,5,10.000000,1000,50,0.100000,10,0.050000,1000.000000,0.001000,1,real_time_memory_aware,0.500000,0.500000,19.520000,97.600000,976,0,10,19.500000;19.500000;19.500000;19.500000;19.600000,0.002049,9ada2f3a47de,n42->n14;n39->n1;n37->n28;n24->n31;n36->n28,0.133333,0.133333
101,1,9,5,10.000000,1000,50,0.100000,10,0.050000,1000.000000,0.001000,1,historical_only,1.000000,0.500000,19.520000,97.600000,976,0,10,19.500000;19.500000;19.500000;19.500000;19.600000,0.002049,7e7b3091ef99,n34->n24;n7->n41;n33->n12;n45->n24;n37->n18,0.180000,0.180000
101,1,9,5,10.000000,1000,50,0.100000,10,0.050000,1000.000000,0.001000,1,real_time_memory_aware,0.500000,0.500000,19.520000,97.600000,976,0,10,19.500000;19.500000;19.500000;19.500000;19.600000,0.002049,7e7b3091ef99,n34->n24;n7->n41;n33->n12;n45->n24;n37->n18,0.112500,0.112500
202,1,9,5,10.000000,1000,50,0.100000,10,0.050000,1000.000000,0.001000,1,historical_only,1.000000,0.500000,19.520000,97.600000,976,0,12,19.500000;19.500000;19.600000;19.500000;19.500000,0.002049,8811bf5b22ad,n42->n6;n7->n50;n18->n10;n47->n46;n6->n11,0.166667,0.166667
202,1,9,5,10.000000,1000,50,0.100000,10,0.050000,1000.000000,0.001000,1,real_time_memory_aware,0.500000,0.500000,19.520000,97.600000,976,0,12,19.500000;19.500000;19.600000;19.500000;19.500000,0.002049,8811bf5b22ad,n42->n6;n7->n50;n18->n10;n47->n46;n6->n11,0.133333,0.133333
303,1,9,5,10.000000,1000,50,0.100000,10,0.050000,1000.000000,0.001000,1,historical_only,1.000000,0.500000,19.520000,97.600000,976,0,10,19.500000;19.500000;19.500000;19.500000;19.600000,0.002049,9ada2f3a47de,n42->n14;n39->n1;n37->n28;n24->n31;n36->n28,0.160000,0.160000
303,1,9,5,10.000000,1000,50,0.100000,10,0.050000,1000.000000,0.001000,1,real_time_memory_aware,0.500000,0.500000,19.520000,97.600000,976,0,10,19.500000;19.500000;19.500000;19.500000;19.600000,0.002049,9ada2f3a47de,n42->n14;n39->n1;n37->n28;n24->n31;n36->n28,0.133333,0.133333
101,1,10,5,10.000000,1000,50,0.100000,10,0.050000,1000.000000,0.001000,1,historical_only,1.000000,0.500000,19.520000,97.600000,976,0,10,19.500000;19.500000;19.500000;19.500000;19.600000,0.002049,7e7b3091ef99,n34->n24;n7->n41;n33->n12;n45->n24;n37->n18,0.180000,0.180000
101,1,10,5,10.000000,1000,50,0.100000,10,0.050000,1000.000000,0.001000,1,real_time_memory_aware,0.500000,0.500000,19.520000,97.600000,976,0,10,19.500000;19.500000;19.500000;19.500000;19.600000,0.002049,7e7b3091ef99,n34->n24;n7->n41;n33->n12;n45->n24;n37->n18,0.112500,0.112500
202,1,10,5,10.000000,1000,50,0.100000,10,0.050000,1000.000000,0.001000,1,historical_only,1.000000,0.500000,19.520000,97.600000,976,0,12,19.500000;19.500000;19.600000;19.500000;19.500000,0.002049,8811bf5b22ad,n42->n6;n7->n50;n18->n10;n47->n46;n6->n11,0.166667,0.166667
202,1,10,5,10.000000,1000,50,0.100000,10,0.050000,1000.000000,0.001000,1,real_time_memory_aware,0.500000,0.500000,19.520000,97.600000,976,0,12,19.500000;19.500000;19.600000;19.500000;19.500000,0.002049,8811bf5b22ad,n42->n6;n7->n50;n18->n10;n47->n46;n6->n11,0.133333,0.133333
303,1,10,5,10.000000,1000,50,0.100000,10,0.050000,1000.000000,0.001000,1,historical_only,1.000000,0.500000,19.520000,97.600000,976,0,10,19.500000;19.500000;19.500000;19.500000;19.600000,0.002049,9ada2f3a47de,n42->n14;n39->n1;n37->n28;n24->n31;n36->n28,0.160000,0.160000
303,1,10,5,10.000000,1000,50,0.100000,10,0.050000,1000.000000,0.001000,1,real_time_memory_aware,0.500000,0.500000,19.520000,97.600000,976,0,10,19.500000;19.500000;19.500000;19.500000;19.600000,0.002049,9ada2f3a47de,n42->n14;n39->n1;n37->n28;n24->n31;n36->n28,0.133333,0.133333
101,2,1,5,10.000000,1000,50,0.100000,10,0.050000,1000.000000,0.001000,1,historical_only,1.000000,0.500000,38.960000,194.800000,1948,0,20,38.900000;38.900000;38.900000;39.000000;39.100000,0.002053,7e7b3091ef99,n34->n24;n7->n41;n33->n12;n45->n24;n37->n18,0.380000,0.380000
101,2,1,5,10.000000,1000,50,0.100000,10,0.050000,1000.000000,0.001000,1,real_time_memory_aware,0.500000,0.500000,38.960000,194.800000,1948,0,20,38.900000;38.900000;38.900000;39.000000;39.100000,0.002053,7e7b3091ef99,n34->n24;n7->n41;n33->n12;n45->n24;n37->n18,0.380000,0.380000
202,2,1,5,10.000000,1000,50,0.100000,10,0.050000,1000.000000,0.001000,1,historical_only,1.000000,0.500000,36.400000,182.000000,1820,130,24,32.500000;38.900000;39.100000;32.500000;39.000000,0.087499,8811bf5b22ad,n42->n6;n7->n50;n18->n10;n47->n46;n6->n11,0.268254,0.268254
202,2,1,5,10.000000,1000,50,0.100000,10,0.050000,1000.000000,0.001000,1,real_time_memory_aware,0.500000,0.500000,36.400000,182.000000,1820,130,24,32.500000;38.900000;39.100000;32.500000;39.000000,0.087499,8811bf5b22ad,n42->n6;n7->n50;n18->n10;n47->n46;n6->n11,0.268254,0.268254
303,2,1,5,10.000000,1000,50,0.100000,10,0.050000,1000.000000,0.001000,1,historical_only,1.000000,0.500000,38.960000,194.800000,1948,0,20,39.000000;38.900000;38.900000;38.900000;39.100000,0.002053,9ada2f3a47de,n42->n14;n39->n1;n37->n28;n24->n31;n36->n28,0.350000,0.350000
303,2,1,5,10.000000,1000,50,0.100000,10,0.050000,1000.000000,0.001000,1,real_time_memory_aware,0.500000,0.500000,38.960000,194.800000,1948,0,20,39.000000;38.900000;38.900000;38.900000;39.100000,0.002053,9ada2f3a47de,n42->n14;n39->n1;n37->n28;n24->n31;n36->n28,0.350000,0.350000
101,2,2,5,10.000000,1000,50,0.100000,10,0.050000,1000.000000,0.001000,1,historical_only,1.000000,0.500000,38.960000,194.800000,1948,0,20,38.900000;38.900000;38.900000;39.000000;39.100000,0.002053,7e7b3091ef99,n34->n24;n7->n41;n33->n12;n45->n24;n37->n18,0.380000,0.380000
101,2,2,5,10.000000,1000,50,0.100000,10,0.050000,1000.000000,0.001000,1,real_time_memory_aware,0.500000,0.500000,38.960000,194.800000,1948,0,20,38.900000;38.900000;38.900000;39.000000;39.100000,0.002053,7e7b3091ef99,n34->n24;n7->n41;n33->n12;n45->n24;n37->n18,0.243750,0.243750
202,2,2,5,10.000000,1000,50,0.100000,10,0.050000,1000.000000,0.001000,1,historical_only,1.000000,0.500000,38.720000,193.600000,1936,2,24,38.300000;38.900000;39.100000;38.300000;39.000000,0.009006,8811bf5b22ad,n42->n6;n7->n50;n18->n10;n47->n46;n6->n11,0.362500,0.362500
202,2,2,5,10.000000,1000,50,0.100000,10,0.050000,1000.000000,0.001000,1,real_time_memory_aware,0.500000,0.500000,38.240000,191.200000,1912,0,24,37.100000;38.900000;39.100000;37.200000;38.900000,0.023366,8811bf5b22ad,n42->n6;n7->n50;n18->n10;n47->n46;n6->n11,0.239130,0.239130
303,2,2,5,10.000000,1000,50,0.100000,10,0.050000,1000.000000,0.001000,1,historical_only,1.000000,0.500000,38.960000,194.800000,1948,0,20,39.000000;38.900000;38.900000;38.900000;39.100000,0.002053,9ada2f3a47de,n42->n14;n39->n1;n37->n28;n24->n31;n36->n28,0.350000,0.350000
303,2,2,5,10.000000,1000,50,0.100000,10,0.050000,1000.000000,0.001000,1,real_time_memory_aware,0.500000,0.500000,38.960000,194.800000,1948,0,20,39.000000;38.900000;38.900000;38.900000;39.100000,0.002053,9ada2f3a47de,n42->n14;n39->n1;n37->n28;n24->n31;n36->n28,0.291667,0.291667
101,2,3,5,10.000000,1000,50,0.100000,10,0.050000,1000.000000,0.001000,1,historical_only,1.000000,0.500000,38.960000,194.800000,1948,0,20,38.900000;38.900000;38.900000;39.000000;39.100000,0.002053,7e7b3091ef99,n34->n24;n7->n41;n33->n12;n45->n24;n37->n18,0.380000,0.380000
101,2,3,5,10.000000,1000,50,0.100000,10,0.050000,1000.000000,0.001000,1,real_time_memory_aware,0.500000,0.500000,38.960000,194.800000,1948,0,20,38.900000;38.900000;38.900000;39.000000;39.100000,0.002053,7e7b3091ef99,n34->n24;n7->n41;n33->n12;n45->n24;n37->n18,0.243750,0.243750
202,2,3,5,10.000000,1000,50,0.100000,10,0.050000,1000.000000,0.001000,1,historical_only,1.000000,0.500000,38.520000,192.600000,1926,0,24,37.800000;38.900000;39.100000;37.800000;39.000000,0.015350,8811bf5b22ad,n42->n6;n7->n50;n18->n10;n47->n46;n6->n11,0.350000,0.350000
202,2,3,5,10.000000,1000,50,0.100000,10,0.050000,1000.000000,0.001000,1,real_time_memory_aware,0.500000,0.500000,39.000000,195.000000,1950,0,24,39.000000;38.900000;39.100000;39.000000;39.000000,0.001622,8811bf5b22ad,n42->n6;n7->n50;n18->n10;n47->n46;n6->n11,0.225000,0.225000
303,2,3,5,10.000000,1000,50,0.100000,10,0.050000,1000.000000,0.001000,1,historical_only,1.000000,0.500000,38.960000,194.800000,1948,0,20,39.000000;38.900000;38.900000;38.900000;39.100000,0.002053,9ada2f3a47de,n42->n14;n39->n1;n37->n28;n24->n31;n36->n28,0.350000,0.350000
303,2,3,5,10.000000,1000,50,0.100000,10,0.050000,1000.000000,0.001000,1,real_time_memory_aware,0.500000,0.500000,38.960000,194.800000,1948,0,20,39.000000;38.900000;38.900000;38.900000;39.100000,0.002053,9ada2f3a47de,n42->n14;n39->n1;n37->n28;n24->n31;n36->n28,0.291667,0.291667
101,2,4,5,10.000000,1000,50,0.100000,10,0.050000,1000.000000,0.001000,1,historical_only,1.000000,0.500000,38.960000,194.800000,1948,0,20,38.900000;38.900000;38.900000;39.000000;39.100000,0.002053,7e7b3091ef99,n34->n24;n7->n41;n33->n12;n45->n24;n37->n18,0.380000,0.380000
101,2,4,5,10.000000,1000,50,0.100000,10,0.050000,1000.000000,0.001000,1,real_time_memory_aware,0.500000,0.500000,38.960000,194.800000,1948,0,20,38.900000;38.900000;38.900000;39.000000;39.100000,0.002053,7e7b3091ef99,n34->n24;n7->n41;n33->n12;n45->n24;n37->n18,0.243750,0.243750
202,2,4,5,10.000000,1000,50,0.100000,10,0.050000,1000.000000,0.001000,1,historical_only,1.000000,0.500000,38.800000,194.000000,1940,0,24,38.500000;38.900000;39.100000;38.500000;39.000000,0.006520,8811bf5b22ad,n42->n6;n7->n50;n18->n10;n47->n46;n6->n11,0.415385,0.415385
202,2,4,5,10.000000,1000,50,0.100000,10,0.050000,1000.000000,0.001000,1,real_time_memory_aware,0.500000,0.500000,39.000000,195.000000,1950,0,24,39.000000;38.900000;39.100000;39.000000;39.000000,0.001622,8811bf5b22ad,n42->n6;n7->n50;n18->n10;n47->n46;n6->n11,0.225000,0.225000
303,2,4,5,10.000000,1000,50,0.100000,10,0.050000,1000.000000,0.001000,1,historical_only,1.000000,0.500000,38.960000,194.800000,1948,0,20,39.000000;38.900000;38.900000;38.900000;39.100000,0.002053,9ada2f3a47de,n42->n14;n39->n1;n37->n28;n24->n31;n36->n28,0.350000,0.350000
303,2,4,5,10.000000,1000,50,0.100000,10,0.050000,1000.000000,0.001000,1,real_time_memory_aware,0.500000,0.500000,38.960000,194.800000,1948,0,20,39.000000;38.900000;38.900000;38.900000;39.100000,0.002053,9ada2f3a47de,n42->n14;n39->n1;n37->n28;n24->n31;n36->n28,0.291667,0.291667
101,2,5,5,10.000000,1000,50,0.100000,10,0.050000,1000.000000,0.001000,1,historical_only,1.000000,0.500000,38.960000,194.800000,1948,0,20,38.900000;38.900000;38.900000;39.000000;39.100000,0.002053,7e7b3091ef99,n34->n24;n7->n41;n33->n12;n45->n24;n37->n18,0.380000,0.380000
101,2,5,5,10.000000,1000,50,0.100000,10,0.050000,1000.000000,0.001000,1,real_time_memory_aware,0.500000,0.500000,38.960000,194.800000,1948,0,20,38.900000;38.900000;38.900000;39.000000;39.100000,0.002053,7e7b3091ef99,n34->n24;n7->n41;n33->n12;n45->n24;n37->n18,0.243750,0.243750
202,2,5,5,10.000000,1000,50,0.100000,10,0.050000,1000.000000,0.001000,1,historical_only,1.000000,0.500000,37.200000,186.000000,1860,0,24,34.500000;38.900000;39.100000;34.500000;39.000000,0.059286,8811bf5b22ad,n42->n6;n7->n50;n18->n10;n47->n46;n6->n11,0.203175,0.330159
202,2,5,5,10.000000,1000,50,0.100000,10,0.050000,1000.000000,0.001000,1,real_time_memory_aware,0.500000,0.500000,39.000000,195.000000,1950,0,24,39.000000;38.900000;39.100000;39.000000;39.000000,0.001622,8811bf5b22ad,n42->n6;n7->n50;n18->n10;n47->n46;n6->n11,0.225000,0.225000
303,2,5,5,10.000000,1000,50,0.100000,10,0.050000,1000.000000,0.001000,1,historical_only,1.000000,0.500000,38.960000,194.800000,1948,0,20,39.000000;38.900000;38.900000;38.900000;39.100000,0.002053,9ada2f3a47de,n42->n14;n39->n1;n37->n28;n24->n31;n36->n28,0.350000,0.350000
303,2,5,5,10.000000,1000,50,0.100000,10,0.050000,1000.000000,0.001000,1,real_time_memory_aware,0.500000,0.500000,38.960000,194.800000,1948,0,20,39.000000;38.900000;38.900000;38.900000;39.100000,0.002053,9ada2f3a47de,n42->n14;n39->n1;n37->n28;n24->n31;n36->n28,0.291667,0.291667
101,2,6,5,10.000000,1000,50,0.100000,10,0.050000,1000.000000,0.001000,1,historical_only,1.000000,0.500000,38.960000,194.800000,1948,0,20,38.900000;38.900000;38.900000;39.000000;39.100000,0.002053,7e7b3091ef99,n34->n24;n7->n41;n33->n12;n45->n24;n37->n18,0.380000,0.380000
101,2,6,5,10.000000,1000,50,0.100000,10,0.050000,1000.000000,0.001000,1,real_time_memory_aware,0.500000,0.500000,38.960000,194.800000,1948,0,20,38.900000;38.900000;38.900000;39.000000;39.100000,0.002053,7e7b3091ef99,n34->n24;n7->n41;n33->n12;n45->n24;n37->n18,0.243750,0.243750
202,2,6,5,10.000000,1000,50,0.100000,10,0.050000,1000.000000,0.001000,1,historical_only,1.000000,0.500000,37.200000,186.000000,1860,0,24,34.500000;38.900000;39.100000;34.500000;39.000000,0.059286,8811bf5b22ad,n42->n6;n7->n50;n18->n10;n47->n46;n6->n11,0.203175,0.330159
202,2,6,5,10.000000,1000,50,0.100000,10,0.050000,1000.000000,0.001000,1,real_time_memory_aware,0.500000,0.500000,39.000000,195.000000,1950,0,24,39.000000;38.900000;39.100000;39.000000;39.000000,0.001622,8811bf5b22ad,n42->n6;n7->n50;n18->n10;n47->n46;n6->n11,0.225000,0.225000
303,2,6,5,10.000000,1000,50,0.100000,10,0.050000,1000.000000,0.001000,1,historical_only,1.000000,0.500000,38.960000,194.800000,1948,0,20,39.000000;38.900000;38.900000;38.900000;39.100000,0.002053,9ada2f3a47de,n42->n14;n39->n1;n37->n28;n24->n31;n36->n28,0.350000,0.350000
303,2,6,5,10.000000,1000,50,0.100000,10,0.050000,1000.000000,0.001000,1,real_time_memory_aware,0.500000,0.500000,38.960000,194.800000,1948,0,20,39.000000;38.900000;38.900000;38.900000;39.100000,0.002053,9ada2f3a47de,n42->n14;n39->n1;n37->n28;n24->n31;n36->n28,0.291667,0.291667
101,2,7,5,10.000000,1000,50,0.100000,10,0.050000,1000.000000,0.001000,1,historical_only,1.000000,0.500000,38.960000,194.800000,1948,0,20,38.900000;38.900000;38.900000;39.000000;39.100000,0.002053,7e7b3091ef99,n34->n24;n7->n41;n33->n12;n45->n24;n37->n18,0.380000,0.380000
101,2,7,5,10.000000,1000,50,0.100000,10,0.050000,1000.000000,0.001000,1,real_time_memory_aware,0.500000,0.500000,38.960000,194.800000,1948,0,20,38.900000;38.900000;38.900000;39.000000;39.100000,0.002053,7e7b3091ef99,n34->n24;n7->n41;n33->n12;n45->n24;n37->n18,0.243750,0.243750
202,2,7,5,10.000000,1000,50,0.100000,10,0.050000,1000.000000,0.001000,1,historical_only,1.000000,0.500000,37.200000,186.000000,1860,0,24,34.500000;38.900000;39.100000;34.500000;39.000000,0.059286,8811bf5b22ad,n42->n6;n7->n50;n18->n10;n47->n46;n6->n11,0.203175,0.330159
202,2,7,5,10.000000,1000,50,0.100000,10,0.050000,1000.000000,0.001000,1,real_time_memory_aware,0.500000,0.500000,39.000000,195.000000,1950,0,24,39.000000;38.900000;39.100000;39.000000;39.000000,0.001622,8811bf5b22ad,n42->n6;n7->n50;n18->n10;n47->n46;n6->n11,0.225000,0.225000
303,2,7,5,10.000000,1000,50,0.100000,10,0.050000,1000.000000,0.001000,1,historical_only,1.000000,0.500000,38.960000,194.800000,1948,0,20,39.000000;38.900000;38.900000;38.900000;39.100000,0.002053,9ada2f3a47de,n42->n14;n39->n1;n37->n28;n24->n31;n36->n28,0.350000,0.350000
303,2,7,5,10.000000,1000,50,0.100000,10,0.050000,1000.000000,0.001000,1,real_time_memory_aware,0.500000,0.500000,38.960000,194.800000,1948,0,20,39.000000;38.900000;38.900000;38.900000;39.100000,0.002053,9ada2f3a47de,n42->n14;n39->n1;n37->n28;n24->n31;n36->n28,0.291667,0.291667
101,2,8,5,10.000000,1000,50,0.100000,10,0.050000,1000.000000,0.001000,1,historical_only,1.000000,0.500000,38.960000,194.800000,1948,0,20,38.900000;38.900000;38.900000;39.000000;39.100000,0.002053,7e7b3091ef99,n34->n24;n7->n41;n33->n12;n45->n24;n37->n18,0.380000,0.380000
101,2,8,5,10.000000,1000,50,0.100000,10,0.050000,1000.000000,0.001000,1,real_time_memory_aware,0.500000,0.500000,38.960000,194.800000,1948,0,20,38.900000;38.900000;38.900000;39.000000;39.100000,0.002053,7e7b3091ef99,n34->n24;n7->n41;n33->n12;n45->n24;n37->n18,0.243750,0.243750
202,2,8,5,10.000000,1000,50,0.100000,10,0.050000,1000.000000,0.001000,1,historical_only,1.000000,0.500000,37.200000,186.000000,1860,0,24,34.500000;38.900000;39.100000;34.500000;39.000000,0.059286,8811bf5b22ad,n42->n6;n7->n50;n18->n10;n47->n46;n6->n11,0.203175,0.330159
202,2,8,5,10.000000,1000,50,0.100000,10,0.050000,1000.000000,0.001000,1,real_time_memory_aware,0.500000,0.500000,39.000000,195.000000,1950,0,24,39.000000;38.900000;39.100000;39.000000;39.000000,0.001622,8811bf5b22ad,n42->n6;n7->n50;n18->n10;n47->n46;n6->n11,0.225000,0.225000
303,2,8,5,10.000000,1000,50,0.100000,10,0.050000,1000.000000,0.001000,1,historical_only,1.000000,0.500000,38.960000,194.800000,1948,0,20,39.000000;38.900000;38.900000;38.900000;39.100000,0.002053,9ada2f3a47de,n42->n14;n39->n1;n37->n28;n24->n31;n36->n28,0.350000,0.350000
303,2,8,5,10.000000,1000,50,0.100000,10,0.050000,1000.000000,0.001000,1,real_time_memory_aware,0.500000,0.500000,38.960000,194.800000,1948,0,20,39.000000;38.900000;38.900000;38.900000;39.100000,0.002053,9ada2f3a47de,n42->n14;n39->n1;n37->n28;n24->n31;n36->n28,0.291667,0.291667
101,2,9,5,10.000000,1000,50,0.100000,10,0.050000,1000.000000,0.001000,1,historical_only,1.000000,0.500000,38.960000,194.800000,1948,0,20,38.900000;38.900000;38.900000;39.000000;39.100000,0.002053,7e7b3091ef99,n34->n24;n7->n41;n33->n12;n45->n24;n37->n18,0.380000,0.380000
101,2,9,5,10.000000,1000,50,0.100000,10,0.050000,1000.000000,0.001000,1,real_time_memory_aware,0.500000,0.500000,38.960000,194.800000,1948,0,20,38.900000;38.900000;38.900000;39.000000;39.100000,0.002053,7e7b3091ef99,n34->n24;n7->n41;n33->n12;n45->n24;n37->n18,0.243750,0.243750
202,2,9,5,10.000000,1000,50,0.100000,10,0.050000,1000.000000,0.001000,1,historical_only,1.000000,0.500000,37.200000,186.000000,1860,0,24,34.500000;38.900000;39.100000;34.500000;39.000000,0.059286,8811bf5b22ad,n42->n6;n7->n50;n18->n10;n47->n46;n6->n11,0.203175,0.330159
202,2,9,5,10.000000,1000,50,0.100000,10,0.050000,1000.000000,0.001000,1,real_time_memory_aware,0.500000,0.500000,39.000000,195.000000,1950,0,24,39.000000;38.900000;39.100000;39.000000;39.000000,0.001622,8811bf5b22ad,n42->n6;n7->n50;n18->n10;n47->n46;n6->n11,0.225000,0.225000
303,2,9,5,10.000000,1000,50,0.100000,10,0.050000,1000.000000,0.001000,1,historical_only,1.000000,0.500000,38.960000,194.800000,1948,0,20,39.000000;38.900000;38.900000;38.900000;39.100000,0.002053,9ada2f3a47de,n42->n14;n39->n1;n37->n28;n24->n31;n36->n28,0.350000,0.350000
303,2,9,5,10.000000,1000,50,0.100000,10,0.050000,1000.000000,0.001000,1,real_time_memory_aware,0.500000,0.500000,38.960000,194.800000,1948,0,20,39.000000;38.900000;38.900000;38.900000;39.100000,0.002053,9ada2f3a47de,n42->n14;n39->n1;n37->n28;n24->n31;n36->n28,0.291667,0.291667
101,2,10,5,10.000000,1000,50,0.100000,10,0.050000,1000.000000,0.001000,1,historical_only,1.000000,0.500000,38.960000,194.800000,1948,0,20,38.900000;38.900000;38.900000;39.000000;39.100000,0.002053,7e7b3091ef99,n34->n24;n7->n41;n33->n12;n45->n24;n37->n18,0.380000,0.380000
101,2,10,5,10.000000,1000,50,0.100000,10,0.050000,1000.000000,0.001000,1,real_time_memory_aware,0.500000,0.500000,38.960000,194.800000,1948,0,20,38.900000;38.900000;38.900000;39.000000;39.100000,0.002053,7e7b3091ef99,n34->n24;n7->n41;n33->n12;n45->n24;n37->n18,0.243750,0.243750
202,2,10,5,10.000000,1000,50,0.100000,10,0.050000,1000.000000,0.001000,1,historical_only,1.000000,0.500000,37.200000,186.000000,1860,0,24,34.500000;38.900000;39.100000;34.500000;39.000000,0.059286,8811bf5b22ad,n42->n6;n7->n50;n18->n10;n47->n46;n6->n11,0.203175,0.330159
202,2,10,5,10.000000,1000,50,0.100000,10,0.050000,1000.000000,0.001000,1,real_time_memory_aware,0.500000,0.500000,39.000000,195.000000,1950,0,24,39.000000;38.900000;39.100000;39.000000;39.000000,0.001622,8811bf5b22ad,n42->n6;n7->n50;n18->n10;n47->n46;n6->n11,0.225000,0.225000
303,2,10,5,10.000000,1000,50,0.100000,10,0.050000,1000.000000,0.001000,1,historical_only,1.000000,0.500000,38.960000,194.800000,1948,0,20,39.000000;38.900000;38.900000;38.900000;39.100000,0.002053,9ada2f3a47de,n42->n14;n39->n1;n37->n28;n24->n31;n36->n28,0.350000,0.350000
303,2,10,5,10.000000,1000,50,0.100000,10,0.050000,1000.000000,0.001000,1,real_time_memory_aware,0.500000,0.500000,38.960000,194.800000,1948,0,20,39.000000;38.900000;38.900000;38.900000;39.100000,0.002053,9ada2f3a47de,n42->n14;n39->n1;n37->n28;n24->n31;n36->n28,0.291667,0.291667
101,3,1,5,10.000000,1000,50,0.100000,10,0.050000,1000.000000,0.001000,1,historical_only,1.000000,0.500000,52.340000,261.700000,2617,358,30,58.200000;57.400000;58.300000;29.200000;58.600000,0.221185,7e7b3091ef99,n34->n24;n7->n41;n33->n12;n45->n24;n37->n18,0.542381,0.542381
101,3,1,5,10.000000,1000,50,0.100000,10,0.050000,1000.000000,0.001000,1,real_time_memory_aware,0.500000,0.500000,52.340000,261.700000,2617,358,30,58.200000;57.400000;58.300000;29.200000;58.600000,0.221185,7e7b3091ef99,n34->n24;n7->n41;n33->n12;n45->n24;n37->n18,0.542381,0.542381
202,3,1,5,10.000000,1000,50,0.100000,10,0.050000,1000.000000,0.001000,1,historical_only,1.000000,0.500000,48.940000,244.700000,2447,536,30,31.800000;57.800000;58.600000;38.300000;58.200000,0.235568,8811bf5b22ad,n42->n6;n7->n50;n18->n10;n47->n46;n6->n11,0.419841,0.419841
202,3,1,5,10.000000,1000,50,0.100000,10,0.050000,1000.000000,0.001000,1,real_time_memory_aware,0.500000,0.500000,48.940000,244.700000,2447,536,30,31.800000;57.800000;58.600000;38.300000;58.200000,0.235568,8811bf5b22ad,n42->n6;n7->n50;n18->n10;n47->n46;n6->n11,0.419841,0.419841
303,3,1,5,10.000000,1000,50,0.100000,10,0.050000,1000.000000,0.001000,1,historical_only,1.000000,0.500000,58.340000,291.700000,2917,0,30,58.200000;58.300000;58.300000;58.300000;58.600000,0.002325,9ada2f3a47de,n42->n14;n39->n1;n37->n28;n24->n31;n36->n28,0.570000,0.570000
303,3,1,5,10.000000,1000,50,0.100000,10,0.050000,1000.000000,0.001000,1,real_time_memory_aware,0.500000,0.500000,58.340000,291.700000,2917,0,30,58.200000;58.300000;58.300000;58.300000;58.600000,0.002325,9ada2f3a47de,n42->n14;n39->n1;n37->n28;n24->n31;n36->n28,0.570000,0.570000
101,3,2,5,10.000000,1000,50,0.100000,10,0.050000,1000.000000,0.001000,1,historical_only,1.000000,0.500000,58.280000,291.400000,2914,1,30,58.300000;58.300000;58.300000;57.900000;58.600000,0.003821,7e7b3091ef99,n34->n24;n7->n41;n33->n12;n45->n24;n37->n18,0.562937,0.562937
101,3,2,5,10.000000,1000,50,0.100000,10,0.050000,1000.000000,0.001000,1,real_time_memory_aware,0.500000,0.500000,58.260000,291.300000,2913,0,30,58.100000;58.300000;58.300000;58.000000;58.600000,0.003534,7e7b3091ef99,n34->n24;n7->n41;n33->n12;n45->n24;n37->n18,0.425000,0.425000
202,3,2,5,10.000000,1000,50,0.100000,10,0.050000,1000.000000,0.001000,1,historical_only,1.000000,0.500000,53.480000,267.400000,2674,45,36,46.600000;58.300000;58.600000;46.900000;57.000000,0.103255,8811bf5b22ad,n42->n6;n7->n50;n18->n10;n47->n46;n6->n11,0.402241,0.402241
202,3,2,5,10.000000,1000,50,0.100000,10,0.050000,1000.000000,0.001000,1,real_time_memory_aware,0.500000,0.500000,55.660000,278.300000,2783,1,36,53.200000;58.000000;58.600000;51.300000;57.200000,0.051793,8811bf5b22ad,n42->n6;n7->n50;n18->n10;n47->n46;n6->n11,0.307584,0.307584
303,3,2,5,10.000000,1000,50,0.100000,10,0.050000,1000.000000,0.001000,1,historical_only,1.000000,0.500000,58.340000,291.700000,2917,0,30,58.200000;58.300000;58.300000;58.300000;58.600000,0.002325,9ada2f3a47de,n42->n14;n39->n1;n37->n28;n24->n31;n36->n28,0.570000,0.570000
303,3,2,5,10.000000,1000,50,0.100000,10,0.050000,1000.000000,0.001000,1,real_time_memory_aware,0.500000,0.500000,57.960000,289.800000,2898,0,30,58.200000;58.300000;56.400000;58.300000;58.600000,0.013655,9ada2f3a47de,n42->n14;n39->n1;n37->n28;n24->n31;n36->n28,0.438462,0.438462
101,3,3,5,10.000000,1000,50,0.100000,10,0.050000,1000.000000,0.001000,1,historical_only,1.000000,0.500000,58.300000,291.500000,2915,0,30,58.300000;58.300000;58.300000;58.000000;58.600000,0.003254,7e7b3091ef99,n34->n24;n7->n41;n33->n12;n45->n24;n37->n18,0.574380,0.574380
101,3,3,5,10.000000,1000,50,0.100000,10,0.050000,1000.000000,0.001000,1,real_time_memory_aware,0.500000,0.500000,58.260000,291.300000,2913,0,30,58.100000;58.300000;58.300000;58.000000;58.600000,0.003534,7e7b3091ef99,n34->n24;n7->n41;n33->n12;n45->n24;n37->n18,0.425000,0.425000
202,3,3,5,10.000000,1000,50,0.100000,10,0.050000,1000.000000,0.001000,1,historical_only,1.000000,0.500000,53.480000,267.400000,2674,8,36,47.300000;58.000000;58.600000;45.500000;58.000000,0.108693,8811bf5b22ad,n42->n6;n7->n50;n18->n10;n47->n46;n6->n11,0.426050,0.426050
202,3,3,5,10.000000,1000,50,0.100000,10,0.050000,1000.000000,0.001000,1,real_time_memory_aware,0.500000,0.500000,57.360000,286.800000,2868,0,36,54.200000;58.200000;58.600000;57.600000;58.200000,0.028102,8811bf5b22ad,n42->n6;n7->n50;n18->n10;n47->n46;n6->n11,0.390930,0.390930
303,3,3,5,10.000000,1000,50,0.100000,10,0.050000,1000.000000,0.001000,1,historical_only,1.000000,0.500000,58.340000,291.700000,2917,0,30,58.200000;58.300000;58.300000;58.300000;58.600000,0.002325,9ada2f3a47de,n42->n14;n39->n1;n37->n28;n24->n31;n36->n28,0.570000,0.570000
303,3,3,5,10.000000,1000,50,0.100000,10,0.050000,1000.000000,0.001000,1,real_time_memory_aware,0.500000,0.500000,58.340000,291.700000,2917,0,30,58.200000;58.300000;58.300000;58.300000;58.600000,0.002325,9ada2f3a47de,n42->n14;n39->n1;n37->n28;n24->n31;n36->n28,0.475000,0.475000
101,3,4,5,10.000000,1000,50,0.100000,10,0.050000,1000.000000,0.001000,1,historical_only,1.000000,0.500000,58.300000,291.500000,2915,0,30,58.300000;58.300000;58.300000;58.000000;58.600000,0.003254,7e7b3091ef99,n34->n24;n7->n41;n33->n12;n45->n24;n37->n18,0.574380,0.574380
101,3,4,5,10.000000,1000,50,0.100000,10,0.050000,1000.000000,0.001000,1,real_time_memory_aware,0.500000,0.500000,58.260000,291.300000,2913,0,30,58.100000;58.300000;58.300000;58.000000;58.600000,0.003534,7e7b3091ef99,n34->n24;n7->n41;n33->n12;n45->n24;n37->n18,0.425000,0.425000
202,3,4,5,10.000000,1000,50,0.100000,10,0.050000,1000.000000,0.001000,1,historical_only,1.000000,0.500000,53.380000,266.900000,2669,5,36,46.300000;58.100000;58.600000;46.100000;57.800000,0.109935,8811bf5b22ad,n42->n6;n7->n50;n18->n10;n47->n46;n6->n11,0.477083,0.477083
202,3,4,5,10.000000,1000,50,0.100000,10,0.050000,1000.000000,0.001000,1,real_time_memory_aware,0.500000,0.500000,57.800000,289.000000,2890,0,36,57.100000;58.300000;58.600000;56.800000;58.200000,0.012331,8811bf5b22ad,n42->n6;n7->n50;n18->n10;n47->n46;n6->n11,0.413095,0.413095
303,3,4,5,10.000000,1000,50,0.100000,10,0.050000,1000.000000,0.001000,1,historical_only,1.000000,0.500000,58.340000,291.700000,2917,0,30,58.200000;58.300000;58.300000;58.300000;58.600000,0.002325,9ada2f3a47de,n42->n14;n39->n1;n37->n28;n24->n31;n36->n28,0.570000,0.570000
303,3,4,5,10.000000,1000,50,0.100000,10,0.050000,1000.000000,0.001000,1,real_time_memory_aware,0.500000,0.500000,58.340000,291.700000,2917,0,30,58.200000;58.300000;58.300000;58.300000;58.600000,0.002325,9ada2f3a47de,n42->n14;n39->n1;n37->n28;n24->n31;n36->n28,0.475000,0.475000
101,3,5,5,10.000000,1000,50,0.100000,10,0.050000,1000.000000,0.001000,1,historical_only,1.000000,0.500000,58.300000,291.500000,2915,0,30,58.300000;58.300000;58.300000;58.000000;58.600000,0.003254,7e7b3091ef99,n34->n24;n7->n41;n33->n12;n45->n24;n37->n18,0.574380,0.574380
101,3,5,5,10.000000,1000,50,0.100000,10,0.050000,1000.000000,0.001000,1,real_time_memory_aware,0.500000,0.500000,58.260000,291.300000,2913,0,30,58.100000;58.300000;58.300000;58.000000;58.600000,0.003534,7e7b3091ef99,n34->n24;n7->n41;n33->n12;n45->n24;n37->n18,0.425000,0.425000
202,3,5,5,10.000000,1000,50,0.100000,10,0.050000,1000.000000,0.001000,1,historical_only,1.000000,0.500000,53.440000,267.200000,2672,3,36,46.300000;58.300000;58.600000;45.800000;58.200000,0.112976,8811bf5b22ad,n42->n6;n7->n50;n18->n10;n47->n46;n6->n11,0.452679,0.452679
202,3,5,5,10.000000,1000,50,0.100000,10,0.050000,1000.000000,0.001000,1,real_time_memory_aware,0.500000,0.500000,57.800000,289.000000,2890,0,36,57.100000;58.300000;58.600000;56.800000;58.200000,0.012331,8811bf5b22ad,n42->n6;n7->n50;n18->n10;n47->n46;n6->n11,0.413095,0.413095
303,3,5,5,10.000000,1000,50,0.100000,10,0.050000,1000.000000,0.001000,1,historical_only,1.000000,0.500000,58.340000,291.700000,2917,0,30,58.200000;58.300000;58.300000;58.300000;58.600000,0.002325,9ada2f3a47de,n42->n14;n39->n1;n37->n28;n24->n31;n36->n28,0.570000,0.570000
303,3,5,5,10.000000,1000,50,0.100000,10,0.050000,1000.000000,0.001000,1,real_time_memory_aware,0.500000,0.500000,58.340000,291.700000,2917,0,30,58.200000;58.300000;58.300000;58.300000;58.600000,0.002325,9ada2f3a47de,n42->n14;n39->n1;n37->n28;n24->n31;n36->n28,0.475000,0.475000
101,3,6,5,10.000000,1000,50,0.100000,10,0.050000,1000.000000,0.001000,1,historical_only,1.000000,0.500000,58.300000,291.500000,2915,0,30,58.300000;58.300000;58.300000;58.000000;58.600000,0.003254,7e7b3091ef99,n34->n24;n7->n41;n33->n12;n45->n24;n37->n18,0.574380,0.574380
101,3,6,5,10.000000,1000,50,0.100000,10,0.050000,1000.000000,0.001000,1,real_time_memory_aware,0.500000,0.500000,58.260000,291.300000,2913,0,30,58.100000;58.300000;58.300000;58.000000;58.600000,0.003534,7e7b3091ef99,n34->n24;n7->n41;n33->n12;n45->n24;n37->n18,0.425000,0.425000
202,3,6,5,10.000000,1000,50,0.100000,10,0.050000,1000.000000,0.001000,1,historical_only,1.000000,0.500000,53.220000,266.100000,2661,1,35,45.800000;58.200000;58.600000;45.300000;58.200000,0.117742,8811bf5b22ad,n42->n6;n7->n50;n18->n10;n47->n46;n6->n11,0.433631,0.433631
202,3,6,5,10.000000,1000,50,0.100000,10,0.050000,1000.000000,0.001000,1,real_time_memory_aware,0.500000,0.500000,57.800000,289.000000,2890,0,36,57.100000;58.300000;58.600000;56.800000;58.200000,0.012331,8811bf5b22ad,n42->n6;n7->n50;n18->n10;n47->n46;n6->n11,0.413095,0.413095
303,3,6,5,10.000000,1000,50,0.100000,10,0.050000,1000.000000,0.001000,1,historical_only,1.000000,0.500000,58.340000,291.700000,2917,0,30,58.200000;58.300000;58.300000;58.300000;58.600000,0.002325,9ada2f3a47de,n42->n14;n39->n1;n37->n28;n24->n31;n36->n28,0.570000,0.570000
303,3,6,5,10.000000,1000,50,0.100000,10,0.050000,1000.000000,0.001000,1,real_time_memory_aware,0.500000,0.500000,58.340000,291.700000,2917,0,30,58.200000;58.300000;58.300000;58.300000;58.600000,0.002325,9ada2f3a47de,n42->n14;n39->n1;n37->n28;n24->n31;n36->n28,0.475000,0.475000
101,3,7,5,10.000000,1000,50,0.100000,10,0.050000,1000.000000,0.001000,1,historical_only,1.000000,0.500000,58.300000,291.500000,2915,0,30,58.300000;58.300000;58.300000;58.000000;58.600000,0.003254,7e7b3091ef99,n34->n24;n7->n41;n33->n12;n45->n24;n37->n18,0.574380,0.574380
101,3,7,5,10.000000,1000,50,0.100000,10,0.050000,1000.000000,0.001000,1,real_time_memory_aware,0.500000,0.500000,58.260000,291.300000,2913,0,30,58.100000;58.300000;58.300000;58.000000;58.600000,0.003534,7e7b3091ef99,n34->n24;n7->n41;n33->n12;n45->n24;n37->n18,0.425000,0.425000
202,3,7,5,10.000000,1000,50,0.100000,10,0.050000,1000.000000,0.001000,1,historical_only,1.000000,0.500000,53.200000,266.000000,2660,0,36,45.000000;58.200000;58.600000;46.000000;58.200000,0.118358,8811bf5b22ad,n42->n6;n7->n50;n18->n10;n47->n46;n6->n11,0.440179,0.440179
202,3,7,5,10.000000,1000,50,0.100000,10,0.050000,1000.000000,0.001000,1,real_time_memory_aware,0.500000,0.500000,57.800000,289.000000,2890,0,36,57.100000;58.300000;58.600000;56.800000;58.200000,0.012331,8811bf5b22ad,n42->n6;n7->n50;n18->n10;n47->n46;n6->n11,0.413095,0.413095
303,3,7,5,10.000000,1000,50,0.100000,10,0.050000,1000.000000,0.001000,1,historical_only,1.000000,0.500000,58.340000,291.700000,2917,0,30,58.200000;58.300000;58.300000;58.300000;58.600000,0.002325,9ada2f3a47de,n42->n14;n39->n1;n37->n28;n24->n31;n36->n28,0.570000,0.570000
303,3,7,5,10.000000,1000,50,0.100000,10,0.050000,1000.000000,0.001000,1,real_time_memory_aware,0.500000,0.500000,58.340000,291.700000,2917,0,30,58.200000;58.300000;58.300000;58.300000;58.600000,0.002325,9ada2f3a47de,n42->n14;n39->n1;n37->n28;n24->n31;n36->n28,0.475000,0.475000
101,3,8,5,10.000000,1000,50,0.100000,10,0.050000,1000.000000,0.001000,1,historical_only,1.000000,0.500000,58.300000,291.500000,2915,0,30,58.300000;58.300000;58.300000;58.000000;58.600000,0.003254,7e7b3091ef99,n34->n24;n7->n41;n33->n12;n45->n24;n37->n18,0.574380,0.574380
101,3,8,5,10.000000,1000,50,0.100000,10,0.050000,1000.000000,0.001000,1,real_time_memory_aware,0.500000,0.500000,58.260000,291.300000,2913,0,30,58.100000;58.300000;58.300000;58.000000;58.600000,0.003534,7e7b3091ef99,n34->n24;n7->n41;n33->n12;n45->n24;n37->n18,0.425000,0.425000
202,3,8,5,10.000000,1000,50,0.100000,10,0.050000,1000.000000,0.001000,1,historical_only,1.000000,0.500000,53.280000,266.400000,2664,0,36,45.200000;58.200000;58.600000;46.200000;58.200000,0.116345,8811bf5b22ad,n42->n6;n7->n50;n18->n10;n47->n46;n6->n11,0.461224,0.461224
202,3,8,5,10.000000,1000,50,0.100000,10,0.050000,1000.000000,0.001000,1,real_time_memory_aware,0.500000,0.500000,57.800000,289.000000,2890,0,36,57.100000;58.300000;58.600000;56.800000;58.200000,0.012331,8811bf5b22ad,n42->n6;n7->n50;n18->n10;n47->n46;n6->n11,0.413095,0.413095
303,3,8,5,10.000000,1000,50,0.100000,10,0.050000,1000.000000,0.001000,1,historical_only,1.000000,0.500000,58.340000,291.700000,2917,0,30,58.200000;58.300000;58.300000;58.300000;58.600000,0.002325,9ada2f3a47de,n42->n14;n39->n1;n37->n28;n24->n31;n36->n28,0.570000,0.570000
303,3,8,5,10.000000,1000,50,0.100000,10,0.050000,1000.000000,0.001000,1,real_time_memory_aware,0.500000,0.500000,58.340000,291.700000,2917,0,30,58.200000;58.300000;58.300000;58.300000;58.600000,0.002325,9ada2f3a47de,n42->n14;n39->n1;n37->n28;n24->n31;n36->n28,0.475000,0.475000
101,3,9,5,10.000000,1000,50,0.100000,10,0.050000,1000.000000,0.001000,1,historical_only,1.000000,0.500000,58.300000,291.500000,2915,0,30,58.300000;58.300000;58.300000;58.000000;58.600000,0.003254,7e7b3091ef99,n34->n24;n7->n41;n33->n12;n45->n24;n37->n18,0.574380,0.574380
101,3,9,5,10.000000,1000,50,0.100000,10,0.050000,1000.000000,0.001000,1,real_time_memory_aware,0.500000,0.500000,58.260000,291.300000,2913,0,30,58.100000;58.300000;58.300000;58.000000;58.600000,0.003534,7e7b3091ef99,n34->n24;n7->n41;n33->n12;n45->n24;n37->n18,0.425000,0.425000
202,3,9,5,10.000000,1000,50,0.100000,10,0.050000,1000.000000,0.001000,1,historical_only,1.000000,0.500000,52.940000,264.700000,2647,0,36,44.500000;58.200000;58.600000;45.200000;58.200000,0.124873,8811bf5b22ad,n42->n6;n7->n50;n18->n10;n47->n46;n6->n11,0.489116,0.489116
202,3,9,5,10.000000,1000,50,0.100000,10,0.050000,1000.000000,0.001000,1,real_time_memory_aware,0.500000,0.500000,57.800000,289.000000,2890,0,36,57.100000;58.300000;58.600000;56.800000;58.200000,0.012331,8811bf5b22ad,n42->n6;n7->n50;n18->n10;n47->n46;n6->n11,0.413095,0.413095
303,3,9,5,10.000000,1000,50,0.100000,10,0.050000,1000.000000,0.001000,1,historical_only,1.000000,0.500000,58.340000,291.700000,2917,0,30,58.200000;58.300000;58.300000;58.300000;58.600000,0.002325,9ada2f3a47de,n42->n14;n39->n1;n37->n28;n24->n31;n36->n28,0.570000,0.570000
303,3,9,5,10.000000,1000,50,0.100000,10,0.050000,1000.000000,0.001000,1,real_time_memory_aware,0.500000,0.500000,58.340000,291.700000,2917,0,30,58.200000;58.300000;58.300000;58.300000;58.600000,0.002325,9ada2f3a47de,n42->n14;n39->n1;n37->n28;n24->n31;n36->n28,0.475000,0.475000
101,3,10,5,10.000000,1000,50,0.100000,10,0.050000,1000.000000,0.001000,1,historical_only,1.000000,0.500000,58.300000,291.500000,2915,0,30,58.300000;58.300000;58.300000;58.000000;58.600000,0.003254,7e7b3091ef99,n34->n24;n7->n41;n33->n12;n45->n24;n37->n18,0.574380,0.574380
101,3,10,5,10.000000,1000,50,0.100000,10,0.050000,1000.000000,0.001000,1,real_time_memory_aware,0.500000,0.500000,58.260000,291.300000,2913,0,30,58.100000;58.300000;58.300000;58.000000;58.600000,0.003534,7e7b3091ef99,n34->n24;n7->n41;n33->n12;n45->n24;n37->n18,0.425000,0.425000
202,3,10,5,10.000000,1000,50,0.100000,10,0.050000,1000.000000,0.001000,1,historical_only,1.000000,0.500000,52.960000,264.800000,2648,0,36,44.300000;58.200000;58.600000;45.500000;58.200000,0.124500,8811bf5b22ad,n42->n6;n7->n50;n18->n10;n47->n46;n6->n11,0.553175,0.553175
202,3,10,5,10.000000,1000,50,0.100000,10,0.050000,1000.000000,0.001000,1,real_time_memory_aware,0.500000,0.500000,57.800000,289.000000,2890,0,36,57.100000;58.300000;58.600000;56.800000;58.200000,0.012331,8811bf5b22ad,n42->n6;n7->n50;n18->n10;n47->n46;n6->n11,0.413095,0.413095
303,3,10,5,10.000000,1000,50,0.100000,10,0.050000,1000.000000,0.001000,1,historical_only,1.000000,0.500000,58.340000,291.700000,2917,0,30,58.200000;58.300000;58.300000;58.300000;58.600000,0.002325,9ada2f3a47de,n42->n14;n39->n1;n37->n28;n24->n31;n36->n28,0.570000,0.570000
303,3,10,5,10.000000,1000,50,0.100000,10,0.050000,1000.000000,0.001000,1,real_time_memory_aware,0.500000,0.500000,58.340000,291.700000,2917,0,30,58.200000;58.300000;58.300000;58.300000;58.600000,0.002325,9ada2f3a47de,n42->n14;n39->n1;n37->n28;n24->n31;n36->n28,0.475000,0.475000
101,4,1,5,10.000000,1000,50,0.100000,10,0.050000,1000.000000,0.001000,1,historical_only,1.000000,0.500000,65.280000,326.400000,3264,778,40,77.700000;72.400000;77.700000;20.500000;78.100000,0.344503,7e7b3091ef99,n34->n24;n7->n41;n33->n12;n45->n24;n37->n18,0.583810,0.583810
101,4,1,5,10.000000,1000,50,0.100000,10,0.050000,1000.000000,0.001000,1,real_time_memory_aware,0.500000,0.500000,65.280000,326.400000,3264,778,40,77.700000;72.400000;77.700000;20.500000;78.100000,0.344503,7e7b3091ef99,n34->n24;n7->n41;n33->n12;n45->n24;n37->n18,0.583810,0.583810
202,4,1,5,10.000000,1000,50,0.100000,10,0.050000,1000.000000,0.001000,1,historical_only,1.000000,0.500000,56.440000,282.200000,2822,1382,41,15.200000;77.500000;78.100000;41.700000;69.700000,0.434470,8811bf5b22ad,n42->n6;n7->n50;n18->n10;n47->n46;n6->n11,0.492460,0.492460
202,4,1,5,10.000000,1000,50,0.100000,10,0.050000,1000.000000,0.001000,1,real_time_memory_aware,0.500000,0.500000,56.440000,282.200000,2822,1382,41,15.200000;77.500000;78.100000;41.700000;69.700000,0.434470,8811bf5b22ad,n42->n6;n7->n50;n18->n10;n47->n46;n6->n11,0.492460,0.492460
303,4,1,5,10.000000,1000,50,0.100000,10,0.050000,1000.000000,0.001000,1,historical_only,1.000000,0.500000,76.180000,380.900000,3809,119,40,69.700000;77.700000;77.700000;77.700000;78.100000,0.042579,9ada2f3a47de,n42->n14;n39->n1;n37->n28;n24->n31;n36->n28,0.710952,0.710952
303,4,1,5,10.000000,1000,50,0.100000,10,0.050000,1000.000000,0.001000,1,real_time_memory_aware,0.500000,0.500000,76.180000,380.900000,3809,119,40,69.700000;77.700000;77.700000;77.700000;78.100000,0.042579,9ada2f3a47de,n42->n14;n39->n1;n37->n28;n24->n31;n36->n28,0.710952,0.710952
101,4,2,5,10.000000,1000,50,0.100000,10,0.050000,1000.000000,0.001000,1,historical_only,1.000000,0.500000,75.780000,378.900000,3789,6,40,73.100000;77.700000;77.200000;72.800000;78.100000,0.030749,7e7b3091ef99,n34->n24;n7->n41;n33->n12;n45->n24;n37->n18,0.369728,0.396259
101,4,2,5,10.000000,1000,50,0.100000,10,0.050000,1000.000000,0.001000,1,real_time_memory_aware,0.500000,0.500000,74.080000,370.400000,3704,0,40,60.500000;77.700000;77.700000;76.400000;78.100000,0.091985,7e7b3091ef99,n34->n24;n7->n41;n33->n12;n45->n24;n37->n18,0.500893,0.500893
202,4,2,5,10.000000,1000,50,0.100000,10,0.050000,1000.000000,0.001000,1,historical_only,1.000000,0.500000,67.380000,336.900000,3369,227,47,37.100000;74.800000;78.100000;71.800000;75.100000,0.226637,8811bf5b22ad,n42->n6;n7->n50;n18->n10;n47->n46;n6->n11,0.486540,0.496565
202,4,2,5,10.000000,1000,50,0.100000,10,0.050000,1000.000000,0.001000,1,real_time_memory_aware,0.500000,0.500000,65.740000,328.700000,3287,185,48,40.000000;73.500000;78.100000;63.300000;73.800000,0.209283,8811bf5b22ad,n42->n6;n7->n50;n18->n10;n47->n46;n6->n11,0.284354,0.284354
303,4,2,5,10.000000,1000,50,0.100000,10,0.050000,1000.000000,0.001000,1,historical_only,1.000000,0.500000,77.300000,386.500000,3865,0,40,75.300000;77.700000;77.700000;77.700000;78.100000,0.013091,9ada2f3a47de,n42->n14;n39->n1;n37->n28;n24->n31;n36->n28,0.567460,0.583333
303,4,2,5,10.000000,1000,50,0.100000,10,0.050000,1000.000000,0.001000,1,real_time_memory_aware,0.500000,0.500000,76.120000,380.600000,3806,0,40,77.400000;77.700000;69.700000;77.700000;78.100000,0.042271,9ada2f3a47de,n42->n14;n39->n1;n37->n28;n24->n31;n36->n28,0.507143,0.507143
101,4,3,5,10.000000,1000,50,0.100000,10,0.050000,1000.000000,0.001000,1,historical_only,1.000000,0.500000,75.920000,379.600000,3796,0,40,73.200000;77.700000;77.300000;73.300000;78.100000,0.028911,7e7b3091ef99,n34->n24;n7->n41;n33->n12;n45->n24;n37->n18,0.475301,0.543328
101,4,3,5,10.000000,1000,50,0.100000,10,0.050000,1000.000000,0.001000,1,real_time_memory_aware,0.500000,0.500000,74.080000,370.400000,3704,0,40,60.500000;77.700000;77.700000;76.400000;78.100000,0.091985,7e7b3091ef99,n34->n24;n7->n41;n33->n12;n45->n24;n37->n18,0.500893,0.500893
202,4,3,5,10.000000,1000,50,0.100000,10,0.050000,1000.000000,0.001000,1,historical_only,1.000000,0.500000,68.320000,341.600000,3416,114,48,40.300000;74.400000;78.100000;73.900000;74.900000,0.206186,8811bf5b22ad,n42->n6;n7->n50;n18->n10;n47->n46;n6->n11,0.360000,0.367619
202,4,3,5,10.000000,1000,50,0.100000,10,0.050000,1000.000000,0.001000,1,real_time_memory_aware,0.500000,0.500000,65.980000,329.900000,3299,110,48,36.700000;75.400000;78.100000;65.100000;74.600000,0.231648,8811bf5b22ad,n42->n6;n7->n50;n18->n10;n47->n46;n6->n11,0.320578,0.320578
303,4,3,5,10.000000,1000,50,0.100000,10,0.050000,1000.000000,0.001000,1,historical_only,1.000000,0.500000,77.280000,386.400000,3864,0,40,75.200000;77.700000;77.700000;77.700000;78.100000,0.013606,9ada2f3a47de,n42->n14;n39->n1;n37->n28;n24->n31;n36->n28,0.575794,0.591667
303,4,3,5,10.000000,1000,50,0.100000,10,0.050000,1000.000000,0.001000,1,real_time_memory_aware,0.500000,0.500000,77.720000,388.600000,3886,0,40,77.400000;77.700000;77.700000;77.700000;78.100000,0.002866,9ada2f3a47de,n42->n14;n39->n1;n37->n28;n24->n31;n36->n28,0.591667,0.591667
101,4,4,5,10.000000,1000,50,0.100000,10,0.050000,1000.000000,0.001000,1,historical_only,1.000000,0.500000,75.920000,379.600000,3796,0,40,73.200000;77.700000;77.300000;73.300000;78.100000,0.028911,7e7b3091ef99,n34->n24;n7->n41;n33->n12;n45->n24;n37->n18,0.475301,0.543328
101,4,4,5,10.000000,1000,50,0.100000,10,0.050000,1000.000000,0.001000,1,real_time_memory_aware,0.500000,0.500000,74.080000,370.400000,3704,0,40,60.500000;77.700000;77.700000;76.400000;78.100000,0.091985,7e7b3091ef99,n34->n24;n7->n41;n33->n12;n45->n24;n37->n18,0.500893,0.500893
202,4,4,5,10.000000,1000,50,0.100000,10,0.050000,1000.000000,0.001000,1,historical_only,1.000000,0.500000,69.060000,345.300000,3453,51,48,38.800000;75.300000;78.100000;76.000000;77.100000,0.219520,8811bf5b22ad,n42->n6;n7->n50;n18->n10;n47->n46;n6->n11,0.398857,0.406476
202,4,4,5,10.000000,1000,50,0.100000,10,0.050000,1000.000000,0.001000,1,real_time_memory_aware,0.500000,0.500000,67.300000,336.500000,3365,45,48,40.300000;74.700000;78.100000;66.800000;76.600000,0.208780,8811bf5b22ad,n42->n6;n7->n50;n18->n10;n47->n46;n6->n11,0.340675,0.340675
303,4,4,5,10.000000,1000,50,0.100000,10,0.050000,1000.000000,0.001000,1,historical_only,1.000000,0.500000,77.280000,386.400000,3864,0,40,75.200000;77.700000;77.700000;77.700000;78.100000,0.013606,9ada2f3a47de,n42->n14;n39->n1;n37->n28;n24->n31;n36->n28,0.575794,0.591667
303,4,4,5,10.000000,1000,50,0.100000,10,0.050000,1000.000000,0.001000,1,real_time_memory_aware,0.500000,0.500000,77.720000,388.600000,3886,0,40,77.400000;77.700000;77.700000;77.700000;78.100000,0.002866,9ada2f3a47de,n42->n14;n39->n1;n37->n28;n24->n31;n36->n28,0.591667,0.591667
101,4,5,5,10.000000,1000,50,0.100000,10,0.050000,1000.000000,0.001000,1,historical_only,1.000000,0.500000,75.920000,379.600000,3796,0,40,73.200000;77.700000;77.300000;73.300000;78.100000,0.028911,7e7b3091ef99,n34->n24;n7->n41;n33->n12;n45->n24;n37->n18,0.475301,0.543328
101,4,5,5,10.000000,1000,50,0.100000,10,0.050000,1000.000000,0.001000,1,real_time_memory_aware,0.500000,0.500000,74.080000,370.400000,3704,0,40,60.500000;77.700000;77.700000;76.400000;78.100000,0.091985,7e7b3091ef99,n34->n24;n7->n41;n33->n12;n45->n24;n37->n18,0.500893,0.500893
202,4,5,5,10.000000,1000,50,0.100000,10,0.050000,1000.000000,0.001000,1,historical_only,1.000000,0.500000,68.740000,343.700000,3437,21,48,42.000000;74.200000;78.100000;74.300000;75.100000,0.195589,8811bf5b22ad,n42->n6;n7->n50;n18->n10;n47->n46;n6->n11,0.348526,0.373469
202,4,5,5,10.000000,1000,50,0.100000,10,0.050000,1000.000000,0.001000,1,real_time_memory_aware,0.500000,0.500000,67.940000,339.700000,3397,21,48,43.500000;72.900000;78.100000;70.300000;74.900000,0.183739,8811bf5b22ad,n42->n6;n7->n50;n18->n10;n47->n46;n6->n11,0.351506,0.351506
303,4,5,5,10.000000,1000,50,0.100000,10,0.050000,1000.000000,0.001000,1,historical_only,1.000000,0.500000,77.280000,386.400000,3864,0,40,75.200000;77.700000;77.700000;77.700000;78.100000,0.013606,9ada2f3a47de,n42->n14;n39->n1;n37->n28;n24->n31;n36->n28,0.575794,0.591667
303,4,5,5,10.000000,1000,50,0.100000,10,0.050000,1000.000000,0.001000,1,real_time_memory_aware,0.500000,0.500000,77.720000,388.600000,3886,0,40,77.400000;77.700000;77.700000;77.700000;78.100000,0.002866,9ada2f3a47de,n42->n14;n39->n1;n37->n28;n24->n31;n36->n28,0.591667,0.591667
101,4,6,5,10.000000,1000,50,0.100000,10,0.050000,1000.000000,0.001000,1,historical_only,1.000000,0.500000,75.920000,379.600000,3796,0,40,73.200000;77.700000;77.300000;73.300000;78.100000,0.028911,7e7b3091ef99,n34->n24;n7->n41;n33->n12;n45->n24;n37->n18,0.475301,0.543328
101,4,6,5,10.000000,1000,50,0.100000,10,0.050000,1000.000000,0.001000,1,real_time_memory_aware,0.500000,0.500000,74.080000,370.400000,3704,0,40,60.500000;77.700000;77.700000;76.400000;78.100000,0.091985,7e7b3091ef99,n34->n24;n7->n41;n33->n12;n45->n24;n37->n18,0.500893,0.500893
202,4,6,5,10.000000,1000,50,0.100000,10,0.050000,1000.000000,0.001000,1,historical_only,1.000000,0.500000,68.420000,342.100000,3421,10,48,42.600000;73.800000;78.100000;72.400000;75.200000,0.190691,8811bf5b22ad,n42->n6;n7->n50;n18->n10;n47->n46;n6->n11,0.452381,0.463585
202,4,6,5,10.000000,1000,50,0.100000,10,0.050000,1000.000000,0.001000,1,real_time_memory_aware,0.500000,0.500000,67.480000,337.400000,3374,8,48,40.800000;74.500000;78.100000;68.900000;75.100000,0.202538,8811bf5b22ad,n42->n6;n7->n50;n18->n10;n47->n46;n6->n11,0.417460,0.417460
303,4,6,5,10.000000,1000,50,0.100000,10,0.050000,1000.000000,0.001000,1,historical_only,1.000000,0.500000,77.280000,386.400000,3864,0,40,75.200000;77.700000;77.700000;77.700000;78.100000,0.013606,9ada2f3a47de,n42->n14;n39->n1;n37->n28;n24->n31;n36->n28,0.575794,0.591667
303,4,6,5,10.000000,1000,50,0.100000,10,0.050000,1000.000000,0.001000,1,real_time_memory_aware,0.500000,0.500000,77.720000,388.600000,3886,0,40,77.400000;77.700000;77.700000;77.700000;78.100000,0.002866,9ada2f3a47de,n42->n14;n39->n1;n37->n28;n24->n31;n36->n28,0.591667,0.591667
101,4,7,5,10.000000,1000,50,0.100000,10,0.050000,1000.000000,0.001000,1,historical_only,1.000000,0.500000,75.920000,379.600000,3796,0,40,73.200000;77.700000;77.300000;73.300000;78.100000,0.028911,7e7b3091ef99,n34->n24;n7->n41;n33->n12;n45->n24;n37->n18,0.475301,0.543328
101,4,7,5,10.000000,1000,50,0.100000,10,0.050000,1000.000000,0.001000,1,real_time_memory_aware,0.500000,0.500000,74.080000,370.400000,3704,0,40,60.500000;77.700000;77.700000;76.400000;78.100000,0.091985,7e7b3091ef99,n34->n24;n7->n41;n33->n12;n45->n24;n37->n18,0.500893,0.500893
202,4,7,5,10.000000,1000,50,0.100000,10,0.050000,1000.000000,0.001000,1,historical_only,1.000000,0.500000,68.840000,344.200000,3442,7,48,44.200000;73.200000;78.100000;73.500000;75.200000,0.180742,8811bf5b22ad,n42->n6;n7->n50;n18->n10;n47->n46;n6->n11,0.399735,0.420899
202,4,7,5,10.000000,1000,50,0.100000,10,0.050000,1000.000000,0.001000,1,real_time_memory_aware,0.500000,0.500000,67.620000,338.100000,3381,3,48,41.300000;73.800000;78.100000;69.700000;75.200000,0.198690,8811bf5b22ad,n42->n6;n7->n50;n18->n10;n47->n46;n6->n11,0.432275,0.432275
303,4,7,5,10.000000,1000,50,0.100000,10,0.050000,1000.000000,0.001000,1,historical_only,1.000000,0.500000,77.280000,386.400000,3864,0,40,75.200000;77.700000;77.700000;77.700000;78.100000,0.013606,9ada2f3a47de,n42->n14;n39->n1;n37->n28;n24->n31;n36->n28,0.575794,0.591667
303,4,7,5,10.000000,1000,50,0.100000,10,0.050000,1000.000000,0.001000,1,real_time_memory_aware,0.500000,0.500000,77.720000,388.600000,3886,0,40,77.400000;77.700000;77.700000;77.700000;78.100000,0.002866,9ada2f3a47de,n42->n14;n39->n1;n37->n28;n24->n31;n36->n28,0.591667,0.591667
101,4,8,5,10.000000,1000,50,0.100000,10,0.050000,1000.000000,0.001000,1,historical_only,1.000000,0.500000,75.920000,379.600000,3796,0,40,73.200000;77.700000;77.300000;73.300000;78.100000,0.028911,7e7b3091ef99,n34->n24;n7->n41;n33->n12;n45->n24;n37->n18,0.475301,0.543328
101,4,8,5,10.000000,1000,50,0.100000,10,0.050000,1000.000000,0.001000,1,real_time_memory_aware,0.500000,0.500000,74.080000,370.400000,3704,0,40,60.500000;77.700000;77.700000;76.400000;78.100000,0.091985,7e7b3091ef99,n34->n24;n7->n41;n33->n12;n45->n24;n37->n18,0.500893,0.500893
202,4,8,5,10.000000,1000,50,0.100000,10,0.050000,1000.000000,0.001000,1,historical_only,1.000000,0.500000,67.960000,339.800000,3398,1,48,40.700000;75.000000;78.100000;70.800000;75.200000,0.203462,8811bf5b22ad,n42->n6;n7->n50;n18->n10;n47->n46;n6->n11,0.422969,0.442017
202,4,8,5,10.000000,1000,50,0.100000,10,0.050000,1000.000000,0.001000,1,real_time_memory_aware,0.500000,0.500000,67.660000,338.300000,3383,3,48,46.100000;72.000000;78.100000;66.900000;75.200000,0.168527,8811bf5b22ad,n42->n6;n7->n50;n18->n10;n47->n46;n6->n11,0.420370,0.420370
303,4,8,5,10.000000,1000,50,0.100000,10,0.050000,1000.000000,0.001000,1,historical_only,1.000000,0.500000,77.280000,386.400000,3864,0,40,75.200000;77.700000;77.700000;77.700000;78.100000,0.013606,9ada2f3a47de,n42->n14;n39->n1;n37->n28;n24->n31;n36->n28,0.575794,0.591667
303,4,8,5,10.000000,1000,50,0.100000,10,0.050000,1000.000000,0.001000,1,real_time_memory_aware,0.500000,0.500000,77.720000,388.600000,3886,0,40,77.400000;77.700000;77.700000;77.700000;78.100000,0.002866,9ada2f3a47de,n42->n14;n39->n1;n37->n28;n24->n31;n36->n28,0.591667,0.591667
101,4,9,5,10.000000,1000,50,0.100000,10,0.050000,1000.000000,0.001000,1,historical_only,1.000000,0.500000,75.920000,379.600000,3796,0,40,73.200000;77.700000;77.300000;73.300000;78.100000,0.028911,7e7b3091ef99,n34->n24;n7->n41;n33->n12;n45->n24;n37->n18,0.475301,0.543328
101,4,9,5,10.000000,1000,50,0.100000,10,0.050000,1000.000000,0.001000,1,real_time_memory_aware,0.500000,0.500000,74.080000,370.400000,3704,0,40,60.500000;77.700000;77.700000;76.400000;78.100000,0.091985,7e7b3091ef99,n34->n24;n7->n41;n33->n12;n45->n24;n37->n18,0.500893,0.500893
202,4,9,5,10.000000,1000,50,0.100000,10,0.050000,1000.000000,0.001000,1,historical_only,1.000000,0.500000,68.460000,342.300000,3423,0,48,42.700000;73.900000;78.100000;72.400000;75.200000,0.190122,8811bf5b22ad,n42->n6;n7->n50;n18->n10;n47->n46;n6->n11,0.440896,0.452101
202,4,9,5,10.000000,1000,50,0.100000,10,0.050000,1000.000000,0.001000,1,real_time_memory_aware,0.500000,0.500000,67.040000,335.200000,3352,1,48,42.800000;73.100000;78.100000;66.000000;75.200000,0.190358,8811bf5b22ad,n42->n6;n7->n50;n18->n10;n47->n46;n6->n11,0.433333,0.433333
303,4,9,5,10.000000,1000,50,0.100000,10,0.050000,1000.000000,0.001000,1,historical_only,1.000000,0.500000,77.280000,386.400000,3864,0,40,75.200000;77.700000;77.700000;77.700000;78.100000,0.013606,9ada2f3a47de,n42->n14;n39->n1;n37->n28;n24->n31;n36->n28,0.575794,0.591667
303,4,9,5,10.000000,1000,50,0.100000,10,0.050000,1000.000000,0.001000,1,real_time_memory_aware,0.500000,0.500000,77.720000,388.600000,3886,0,40,77.400000;77.700000;77.700000;77.700000;78.100000,0.002866,9ada2f3a47de,n42->n14;n39->n1;n37->n28;n24->n31;n36->n28,0.591667,0.591667
101,4,10,5,10.000000,1000,50,0.100000,10,0.050000,1000.000000,0.001000,1,historical_only,1.000000,0.500000,75.920000,379.600000,3796,0,40,73.200000;77.700000;77.300000;73.300000;78.100000,0.028911,7e7b3091ef99,n34->n24;n7->n41;n33->n12;n45->n24;n37->n18,0.475301,0.543328
101,4,10,5,10.000000,1000,50,0.100000,10,0.050000,1000.000000,0.001000,1,real_time_memory_aware,0.500000,0.500000,74.080000,370.400000,3704,0,40,60.500000;77.700000;77.700000;76.400000;78.100000,0.091985,7e7b3091ef99,n34->n24;n7->n41;n33->n12;n45->n24;n37->n18,0.500893,0.500893
202,4,10,5,10.000000,1000,50,0.100000,10,0.050000,1000.000000,0.001000,1,historical_only,1.000000,0.500000,68.580000,342.900000,3429,1,48,41.500000;74.600000;78.100000;73.500000;75.200000,0.198676,8811bf5b22ad,n42->n6;n7->n50;n18->n10;n47->n46;n6->n11,0.480655,0.492560
202,4,10,5,10.000000,1000,50,0.100000,10,0.050000,1000.000000,0.001000,1,real_time_memory_aware,0.500000,0.500000,67.600000,338.000000,3380,0,48,44.400000;73.000000;78.100000;67.300000;75.200000,0.179415,8811bf5b22ad,n42->n6;n7->n50;n18->n10;n47->n46;n6->n11,0.450980,0.450980
303,4,10,5,10.000000,1000,50,0.100000,10,0.050000,1000.000000,0.001000,1,historical_only,1.000000,0.500000,77.280000,386.400000,3864,0,40,75.200000;77.700000;77.700000;77.700000;78.100000,0.013606,9ada2f3a47de,n42->n14;n39->n1;n37->n28;n24->n31;n36->n28,0.575794,0.591667
303,4,10,5,10.000000,1000,50,0.100000,10,0.050000,1000.000000,0.001000,1,real_time_memory_aware,0.500000,0.500000,77.720000,388.600000,3886,0,40,77.400000;77.700000;77.700000;77.700000;78.100000,0.002866,9ada2f3a47de,n42->n14;n39->n1;n37->n28;n24->n31;n36->n28,0.591667,0.591667
101,5,1,5,10.000000,1000,50,0.100000,10,0.050000,1000.000000,0.001000,1,historical_only,1.000000,0.500000,77.600000,388.000000,3880,1551,46,97.100000;83.700000;97.100000;12.500000;97.600000,0.424895,7e7b3091ef99,n34->n24;n7->n41;n33->n12;n45->n24;n37->n18,0.627143,0.627143
101,5,1,5,10.000000,1000,50,0.100000,10,0.050000,1000.000000,0.001000,1,real_time_memory_aware,0.500000,0.500000,77.600000,388.000000,3880,1551,46,97.100000;83.700000;97.100000;12.500000;97.600000,0.424895,7e7b3091ef99,n34->n24;n7->n41;n33->n12;n45->n24;n37->n18,0.627143,0.627143
202,5,1,5,10.000000,1000,50,0.100000,10,0.050000,1000.000000,0.001000,1,historical_only,1.000000,0.500000,65.800000,329.000000,3290,2227,54,2.800000;95.500000;97.600000;40.500000;92.600000,0.577534,8811bf5b22ad,n42->n6;n7->n50;n18->n10;n47->n46;n6->n11,0.496825,0.496825
202,5,1,5,10.000000,1000,50,0.100000,10,0.050000,1000.000000,0.001000,1,real_time_memory_aware,0.500000,0.500000,65.800000,329.000000,3290,2227,54,2.800000;95.500000;97.600000;40.500000;92.600000,0.577534,8811bf5b22ad,n42->n6;n7->n50;n18->n10;n47->n46;n6->n11,0.496825,0.496825
303,5,1,5,10.000000,1000,50,0.100000,10,0.050000,1000.000000,0.001000,1,historical_only,1.000000,0.500000,93.240000,466.200000,4662,251,49,90.700000;97.100000;84.200000;97.100000;97.100000,0.055288,9ada2f3a47de,n42->n14;n39->n1;n37->n28;n24->n31;n36->n28,0.810952,0.810952
303,5,1,5,10.000000,1000,50,0.100000,10,0.050000,1000.000000,0.001000,1,real_time_memory_aware,0.500000,0.500000,93.240000,466.200000,4662,251,49,90.700000;97.100000;84.200000;97.100000;97.100000,0.055288,9ada2f3a47de,n42->n14;n39->n1;n37->n28;n24->n31;n36->n28,0.810952,0.810952
101,5,2,5,10.000000,1000,50,0.100000,10,0.050000,1000.000000,0.001000,1,historical_only,1.000000,0.500000,89.120000,445.600000,4456,76,50,78.900000;97.000000;94.900000;77.200000;97.600000,0.102097,7e7b3091ef99,n34->n24;n7->n41;n33->n12;n45->n24;n37->n18,0.430476,0.468571
101,5,2,5,10.000000,1000,50,0.100000,10,0.050000,1000.000000,0.001000,1,real_time_memory_aware,0.500000,0.500000,88.760000,443.800000,4438,99,50,69.100000;97.100000;97.100000;82.900000;97.600000,0.127276,7e7b3091ef99,n34->n24;n7->n41;n33->n12;n45->n24;n37->n18,0.537815,0.537815
202,5,2,5,10.000000,1000,50,0.100000,10,0.050000,1000.000000,0.001000,1,historical_only,1.000000,0.500000,71.600000,358.000000,3580,643,59,23.200000;83.900000;97.600000;72.700000;80.600000,0.356190,8811bf5b22ad,n42->n6;n7->n50;n18->n10;n47->n46;n6->n11,0.245584,0.305332
202,5,2,5,10.000000,1000,50,0.100000,10,0.050000,1000.000000,0.001000,1,real_time_memory_aware,0.500000,0.500000,74.600000,373.000000,3730,406,57,35.400000;81.100000;97.600000;75.200000;83.700000,0.280610,8811bf5b22ad,n42->n6;n7->n50;n18->n10;n47->n46;n6->n11,0.308416,0.308416
303,5,2,5,10.000000,1000,50,0.100000,10,0.050000,1000.000000,0.001000,1,historical_only,1.000000,0.500000,94.720000,473.600000,4736,0,50,93.600000;97.100000;90.100000;97.100000;95.700000,0.027888,9ada2f3a47de,n42->n14;n39->n1;n37->n28;n24->n31;n36->n28,0.667857,0.683730
303,5,2,5,10.000000,1000,50,0.100000,10,0.050000,1000.000000,0.001000,1,real_time_memory_aware,0.500000,0.500000,91.660000,458.300000,4583,0,50,96.600000;97.100000;70.200000;97.100000;97.300000,0.117090,9ada2f3a47de,n42->n14;n39->n1;n37->n28;n24->n31;n36->n28,0.579252,0.579252
101,5,3,5,10.000000,1000,50,0.100000,10,0.050000,1000.000000,0.001000,1,historical_only,1.000000,0.500000,90.340000,451.700000,4517,26,50,85.800000;97.000000;96.100000;75.200000;97.600000,0.096509,7e7b3091ef99,n34->n24;n7->n41;n33->n12;n45->n24;n37->n18,0.367118,0.462406
101,5,3,5,10.000000,1000,50,0.100000,10,0.050000,1000.000000,0.001000,1,real_time_memory_aware,0.500000,0.500000,88.180000,440.900000,4409,0,50,67.500000;97.100000;97.100000;81.600000;97.600000,0.135974,7e7b3091ef99,n34->n24;n7->n41;n33->n12;n45->n24;n37->n18,0.571131,0.571131
202,5,3,5,10.000000,1000,50,0.100000,10,0.050000,1000.000000,0.001000,1,historical_only,1.000000,0.500000,71.080000,355.400000,3554,388,57,20.400000;86.000000;97.600000;71.400000;80.000000,0.376138,8811bf5b22ad,n42->n6;n7->n50;n18->n10;n47->n46;n6->n11,0.270448,0.320588
202,5,3,5,10.000000,1000,50,0.100000,10,0.050000,1000.000000,0.001000,1,real_time_memory_aware,0.500000,0.500000,73.620000,368.100000,3681,283,59,35.400000;80.600000;97.600000;71.200000;83.300000,0.283893,8811bf5b22ad,n42->n6;n7->n50;n18->n10;n47->n46;n6->n11,0.324067,0.324067
303,5,3,5,10.000000,1000,50,0.100000,10,0.050000,1000.000000,0.001000,1,historical_only,1.000000,0.500000,94.760000,473.800000,4738,0,50,93.600000;97.100000;89.300000;97.100000;96.700000,0.031964,9ada2f3a47de,n42->n14;n39->n1;n37->n28;n24->n31;n36->n28,0.651587,0.667460
303,5,3,5,10.000000,1000,50,0.100000,10,0.050000,1000.000000,0.001000,1,real_time_memory_aware,0.500000,0.500000,95.220000,476.100000,4761,0,50,96.600000;97.100000;88.000000;97.100000;97.300000,0.037990,9ada2f3a47de,n42->n14;n39->n1;n37->n28;n24->n31;n36->n28,0.593537,0.593537
101,5,4,5,10.000000,1000,50,0.100000,10,0.050000,1000.000000,0.001000,1,historical_only,1.000000,0.500000,89.600000,448.000000,4480,7,50,83.000000;97.000000;95.700000;74.700000;97.600000,0.102477,7e7b3091ef99,n34->n24;n7->n41;n33->n12;n45->n24;n37->n18,0.357594,0.452832
101,5,4,5,10.000000,1000,50,0.100000,10,0.050000,1000.000000,0.001000,1,real_time_memory_aware,0.500000,0.500000,88.180000,440.900000,4409,0,50,67.500000;97.100000;97.100000;81.600000;97.600000,0.135974,7e7b3091ef99,n34->n24;n7->n41;n33->n12;n45->n24;n37->n18,0.571131,0.571131
202,5,4,5,10.000000,1000,50,0.100000,10,0.050000,1000.000000,0.001000,1,historical_only,1.000000,0.500000,71.320000,356.600000,3566,275,59,22.200000;85.000000;97.600000;72.000000;79.800000,0.363632,8811bf5b22ad,n42->n6;n7->n50;n18->n10;n47->n46;n6->n11,0.257415,0.273741
202,5,4,5,10.000000,1000,50,0.100000,10,0.050000,1000.000000,0.001000,1,real_time_memory_aware,0.500000,0.500000,73.320000,366.600000,3666,236,60,30.000000;82.900000;97.600000;72.800000;83.300000,0.314451,8811bf5b22ad,n42->n6;n7->n50;n18->n10;n47->n46;n6->n11,0.321750,0.321750
303,5,4,5,10.000000,1000,50,0.100000,10,0.050000,1000.000000,0.001000,1,historical_only,1.000000,0.500000,94.760000,473.800000,4738,0,50,93.600000;97.100000;89.300000;97.100000;96.700000,0.031964,9ada2f3a47de,n42->n14;n39->n1;n37->n28;n24->n31;n36->n28,0.651587,0.667460
303,5,4,5,10.000000,1000,50,0.100000,10,0.050000,1000.000000,0.001000,1,real_time_memory_aware,0.500000,0.500000,95.360000,476.800000,4768,0,50,96.600000;97.100000;89.200000;97.100000;96.800000,0.032360,9ada2f3a47de,n42->n14;n39->n1;n37->n28;n24->n31;n36->n28,0.675794,0.675794
101,5,5,5,10.000000,1000,50,0.100000,10,0.050000,1000.000000,0.001000,1,historical_only,1.000000,0.500000,90.260000,451.300000,4513,1,50,83.900000;97.000000;95.900000;76.900000;97.600000,0.092701,7e7b3091ef99,n34->n24;n7->n41;n33->n12;n45->n24;n37->n18,0.422218,0.549203
101,5,5,5,10.000000,1000,50,0.100000,10,0.050000,1000.000000,0.001000,1,real_time_memory_aware,0.500000,0.500000,88.180000,440.900000,4409,0,50,67.500000;97.100000;97.100000;81.600000;97.600000,0.135974,7e7b3091ef99,n34->n24;n7->n41;n33->n12;n45->n24;n37->n18,0.571131,0.571131
202,5,5,5,10.000000,1000,50,0.100000,10,0.050000,1000.000000,0.001000,1,historical_only,1.000000,0.500000,73.300000,366.500000,3665,208,60,23.100000;84.500000;97.600000;80.500000;80.800000,0.352816,8811bf5b22ad,n42->n6;n7->n50;n18->n10;n47->n46;n6->n11,0.192109,0.219320
202,5,5,5,10.000000,1000,50,0.100000,10,0.050000,1000.000000,0.001000,1,real_time_memory_aware,0.500000,0.500000,72.700000,363.500000,3635,190,58,26.600000;84.200000;97.600000;71.700000;83.400000,0.336536,8811bf5b22ad,n42->n6;n7->n50;n18->n10;n47->n46;n6->n11,0.270340,0.274422
303,5,5,5,10.000000,1000,50,0.100000,10,0.050000,1000.000000,0.001000,1,historical_only,1.000000,0.500000,94.760000,473.800000,4738,0,50,93.600000;97.100000;89.300000;97.100000;96.700000,0.031964,9ada2f3a47de,n42->n14;n39->n1;n37->n28;n24->n31;n36->n28,0.651587,0.667460
303,5,5,5,10.000000,1000,50,0.100000,10,0.050000,1000.000000,0.001000,1,real_time_memory_aware,0.500000,0.500000,95.360000,476.800000,4768,0,50,96.600000;97.100000;89.200000;97.100000;96.800000,0.032360,9ada2f3a47de,n42->n14;n39->n1;n37->n28;n24->n31;n36->n28,0.675794,0.675794
101,5,6,5,10.000000,1000,50,0.100000,10,0.050000,1000.000000,0.001000,1,historical_only,1.000000,0.500000,90.340000,451.700000,4517,0,50,84.100000;97.000000;95.900000;77.100000;97.600000,0.091576,7e7b3091ef99,n34->n24;n7->n41;n33->n12;n45->n24;n37->n18,0.402189,0.554570
101,5,6,5,10.000000,1000,50,0.100000,10,0.050000,1000.000000,0.001000,1,real_time_memory_aware,0.500000,0.500000,88.180000,440.900000,4409,0,50,67.500000;97.100000;97.100000;81.600000;97.600000,0.135974,7e7b3091ef99,n34->n24;n7->n41;n33->n12;n45->n24;n37->n18,0.571131,0.571131
202,5,6,5,10.000000,1000,50,0.100000,10,0.050000,1000.000000,0.001000,1,historical_only,1.000000,0.500000,73.760000,368.800000,3688,150,59,26.100000;82.800000;97.600000;77.000000;85.300000,0.335679,8811bf5b22ad,n42->n6;n7->n50;n18->n10;n47->n46;n6->n11,0.249097,0.281938
202,5,6,5,10.000000,1000,50,0.100000,10,0.050000,1000.000000,0.001000,1,real_time_memory_aware,0.500000,0.500000,73.080000,365.400000,3654,158,60,28.000000;82.600000;97.600000;72.200000;85.000000,0.327661,8811bf5b22ad,n42->n6;n7->n50;n18->n10;n47->n46;n6->n11,0.282028,0.282028
303,5,6,5,10.000000,1000,50,0.100000,10,0.050000,1000.000000,0.001000,1,historical_only,1.000000,0.500000,94.760000,473.800000,4738,0,50,93.600000;97.100000;89.300000;97.100000;96.700000,0.031964,9ada2f3a47de,n42->n14;n39->n1;n37->n28;n24->n31;n36->n28,0.651587,0.667460
303,5,6,5,10.000000,1000,50,0.100000,10,0.050000,1000.000000,0.001000,1,real_time_memory_aware,0.500000,0.500000,95.360000,476.800000,4768,0,50,96.600000;97.100000;89.200000;97.100000;96.800000,0.032360,9ada2f3a47de,n42->n14;n39->n1;n37->n28;n24->n31;n36->n28,0.675794,0.675794
101,5,7,5,10.000000,1000,50,0.100000,10,0.050000,1000.000000,0.001000,1,historical_only,1.000000,0.500000,90.340000,451.700000,4517,0,50,84.100000;97.000000;95.900000;77.100000;97.600000,0.091576,7e7b3091ef99,n34->n24;n7->n41;n33->n12;n45->n24;n37->n18,0.402189,0.554570
101,5,7,5,10.000000,1000,50,0.100000,10,0.050000,1000.000000,0.001000,1,real_time_memory_aware,0.500000,0.500000,88.180000,440.900000,4409,0,50,67.500000;97.100000;97.100000;81.600000;97.600000,0.135974,7e7b3091ef99,n34->n24;n7->n41;n33->n12;n45->n24;n37->n18,0.571131,0.571131
202,5,7,5,10.000000,1000,50,0.100000,10,0.050000,1000.000000,0.001000,1,historical_only,1.000000,0.500000,74.940000,374.700000,3747,118,60,24.800000;83.700000;97.600000;84.600000;84.000000,0.341754,8811bf5b22ad,n42->n6;n7->n50;n18->n10;n47->n46;n6->n11,0.220111,0.243428
202,5,7,5,10.000000,1000,50,0.100000,10,0.050000,1000.000000,0.001000,1,real_time_memory_aware,0.500000,0.500000,74.380000,371.900000,3719,107,59,31.100000;81.600000;97.600000;70.100000;91.500000,0.316780,8811bf5b22ad,n42->n6;n7->n50;n18->n10;n47->n46;n6->n11,0.371230,0.375595
303,5,7,5,10.000000,1000,50,0.100000,10,0.050000,1000.000000,0.001000,1,historical_only,1.000000,0.500000,94.760000,473.800000,4738,0,50,93.600000;97.100000;89.300000;97.100000;96.700000,0.031964,9ada2f3a47de,n42->n14;n39->n1;n37->n28;n24->n31;n36->n28,0.651587,0.667460
303,5,7,5,10.000000,1000,50,0.100000,10,0.050000,1000.000000,0.001000,1,real_time_memory_aware,0.500000,0.500000,95.360000,476.800000,4768,0,50,96.600000;97.100000;89.200000;97.100000;96.800000,0.032360,9ada2f3a47de,n42->n14;n39->n1;n37->n28;n24->n31;n36->n28,0.675794,0.675794
101,5,8,5,10.000000,1000,50,0.100000,10,0.050000,1000.000000,0.001000,1,historical_only,1.000000,0.500000,90.340000,451.700000,4517,0,50,84.100000;97.000000;95.900000;77.100000;97.600000,0.091576,7e7b3091ef99,n34->n24;n7->n41;n33->n12;n45->n24;n37->n18,0.402189,0.554570
101,5,8,5,10.000000,1000,50,0.100000,10,0.050000,1000.000000,0.001000,1,real_time_memory_aware,0.500000,0.500000,88.180000,440.900000,4409,0,50,67.500000;97.100000;97.100000;81.600000;97.600000,0.135974,7e7b3091ef99,n34->n24;n7->n41;n33->n12;n45->n24;n37->n18,0.571131,0.571131
202,5,8,5,10.000000,1000,50,0.100000,10,0.050000,1000.000000,0.001000,1,historical_only,1.000000,0.500000,74.760000,373.800000,3738,105,60,24.500000;83.100000;97.600000;84.300000;84.300000,0.343603,8811bf5b22ad,n42->n6;n7->n50;n18->n10;n47->n46;n6->n11,0.301284,0.317157
202,5,8,5,10.000000,1000,50,0.100000,10,0.050000,1000.000000,0.001000,1,real_time_memory_aware,0.500000,0.500000,74.460000,372.300000,3723,80,60,33.000000;79.800000;97.600000;71.100000;90.800000,0.303958,8811bf5b22ad,n42->n6;n7->n50;n18->n10;n47->n46;n6->n11,0.438095,0.438095
303,5,8,5,10.000000,1000,50,0.100000,10,0.050000,1000.000000,0.001000,1,historical_only,1.000000,0.500000,94.760000,473.800000,4738,0,50,93.600000;97.100000;89.300000;97.100000;96.700000,0.031964,9ada2f3a47de,n42->n14;n39->n1;n37->n28;n24->n31;n36->n28,0.651587,0.667460
303,5,8,5,10.000000,1000,50,0.100000,10,0.050000,1000.000000,0.001000,1,real_time_memory_aware,0.500000,0.500000,95.360000,476.800000,4768,0,50,96.600000;97.100000;89.200000;97.100000;96.800000,0.032360,9ada2f3a47de,n42->n14;n39->n1;n37->n28;n24->n31;n36->n28,0.675794,0.675794
101,5,9,5,10.000000,1000,50,0.100000,10,0.050000,1000.000000,0.001000,1,historical_only,1.000000,0.500000,90.340000,451.700000,4517,0,50,84.100000;97.000000;95.900000;77.100000;97.600000,0.091576,7e7b3091ef99,n34->n24;n7->n41;n33->n12;n45->n24;n37->n18,0.402189,0.554570
101,5,9,5,10.000000,1000,50,0.100000,10,0.050000,1000.000000,0.001000,1,real_time_memory_aware,0.500000,0.500000,88.180000,440.900000,4409,0,50,67.500000;97.100000;97.100000;81.600000;97.600000,0.135974,7e7b3091ef99,n34->n24;n7->n41;n33->n12;n45->n24;n37->n18,0.571131,0.571131
202,5,9,5,10.000000,1000,50,0.100000,10,0.050000,1000.000000,0.001000,1,historical_only,1.000000,0.500000,73.620000,368.100000,3681,71,60,28.000000;82.000000;97.600000;75.200000;85.300000,0.325169,8811bf5b22ad,n42->n6;n7->n50;n18->n10;n47->n46;n6->n11,0.229735,0.277354
202,5,9,5,10.000000,1000,50,0.100000,10,0.050000,1000.000000,0.001000,1,real_time_memory_aware,0.500000,0.500000,74.920000,374.600000,3746,75,60,34.100000;78.900000;97.600000;71.400000;92.600000,0.299739,8811bf5b22ad,n42->n6;n7->n50;n18->n10;n47->n46;n6->n11,0.365801,0.365801
303,5,9,5,10.000000,1000,50,0.100000,10,0.050000,1000.000000,0.001000,1,historical_only,1.000000,0.500000,94.760000,473.800000,4738,0,50,93.600000;97.100000;89.300000;97.100000;96.700000,0.031964,9ada2f3a47de,n42->n14;n39->n1;n37->n28;n24->n31;n36->n28,0.651587,0.667460
303,5,9,5,10.000000,1000,50,0.100000,10,0.050000,1000.000000,0.001000,1,real_time_memory_aware,0.500000,0.500000,95.360000,476.800000,4768,0,50,96.600000;97.100000;89.200000;97.100000;96.800000,0.032360,9ada2f3a47de,n42->n14;n39->n1;n37->n28;n24->n31;n36->n28,0.675794,0.675794
101,5,10,5,10.000000,1000,50,0.100000,10,0.050000,1000.000000,0.001000,1,historical_only,1.000000,0.500000,90.340000,451.700000,4517,0,50,84.100000;97.000000;95.900000;77.100000;97.600000,0.091576,7e7b3091ef99,n34->n24;n7->n41;n33->n12;n45->n24;n37->n18,0.402189,0.554570
101,5,10,5,10.000000,1000,50,0.100000,10,0.050000,1000.000000,0.001000,1,real_time_memory_aware,0.500000,0.500000,88.180000,440.900000,4409,0,50,67.500000;97.100000;97.100000;81.600000;97.600000,0.135974,7e7b3091ef99,n34->n24;n7->n41;n33->n12;n45->n24;n37->n18,0.571131,0.571131
202,5,10,5,10.000000,1000,50,0.100000,10,0.050000,1000.000000,0.001000,1,historical_only,1.000000,0.500000,73.800000,369.000000,3690,44,59,28.200000;81.700000;97.600000;77.900000;83.600000,0.321858,8811bf5b22ad,n42->n6;n7->n50;n18->n10;n47->n46;n6->n11,0.309977,0.324629
202,5,10,5,10.000000,1000,50,0.100000,10,0.050000,1000.000000,0.001000,1,real_time_memory_aware,0.500000,0.500000,74.860000,374.300000,3743,42,60,34.700000;79.100000;97.600000;69.300000;93.600000,0.300488,8811bf5b22ad,n42->n6;n7->n50;n18->n10;n47->n46;n6->n11,0.390909,0.390909
303,5,10,5,10.000000,1000,50,0.100000,10,0.050000,1000.000000,0.001000,1,historical_only,1.000000,0.500000,94.760000,473.800000,4738,0,50,93.600000;97.100000;89.300000;97.100000;96.700000,0.031964,9ada2f3a47de,n42->n14;n39->n1;n37->n28;n24->n31;n36->n28,0.651587,0.667460
303,5,10,5,10.000000,1000,50,0.100000,10,0.050000,1000.000000,0.001000,1,real_time_memory_aware,0.500000,0.500000,95.360000,476.800000,4768,0,50,96.600000;97.100000;89.200000;97.100000;96.800000,0.032360,9ada2f3a47de,n42->n14;n39->n1;n37->n28;n24->n31;n36->n28,0.675794,0.675794
101,6,1,5,10.000000,1000,50,0.100000,10,0.050000,1000.000000,0.001000,1,historical_only,1.000000,0.500000,81.560000,407.800000,4078,2968,58,96.900000;82.600000;97.100000;14.100000;117.100000,0.434937,7e7b3091ef99,n34->n24;n7->n41;n33->n12;n45->n24;n37->n18,0.520476,0.520476
101,6,1,5,10.000000,1000,50,0.100000,10,0.050000,1000.000000,0.001000,1,real_time_memory_aware,0.500000,0.500000,81.560000,407.800000,4078,2968,58,96.900000;82.600000;97.100000;14.100000;117.100000,0.434937,7e7b3091ef99,n34->n24;n7->n41;n33->n12;n45->n24;n37->n18,0.520476,0.520476
202,6,1,5,10.000000,1000,50,0.100000,10,0.050000,1000.000000,0.001000,1,historical_only,1.000000,0.500000,69.160000,345.800000,3458,3985,67,3.900000;94.900000;117.100000;38.400000;91.500000,0.601925,8811bf5b22ad,n42->n6;n7->n50;n18->n10;n47->n46;n6->n11,0.488889,0.488889
202,6,1,5,10.000000,1000,50,0.100000,10,0.050000,1000.000000,0.001000,1,real_time_memory_aware,0.500000,0.500000,69.160000,345.800000,3458,3985,67,3.900000;94.900000;117.100000;38.400000;91.500000,0.601925,8811bf5b22ad,n42->n6;n7->n50;n18->n10;n47->n46;n6->n11,0.488889,0.488889
303,6,1,5,10.000000,1000,50,0.100000,10,0.050000,1000.000000,0.001000,1,historical_only,1.000000,0.500000,95.000000,475.000000,4750,1730,55,91.100000;97.100000;76.300000;97.100000;113.400000,0.125637,9ada2f3a47de,n42->n14;n39->n1;n37->n28;n24->n31;n36->n28,0.608095,0.608095
303,6,1,5,10.000000,1000,50,0.100000,10,0.050000,1000.000000,0.001000,1,real_time_memory_aware,0.500000,0.500000,95.000000,475.000000,4750,1730,55,91.100000;97.100000;76.300000;97.100000;113.400000,0.125637,9ada2f3a47de,n42->n14;n39->n1;n37->n28;n24->n31;n36->n28,0.608095,0.608095
101,6,2,5,10.000000,1000,50,0.100000,10,0.050000,1000.000000,0.001000,1,historical_only,1.000000,0.500000,96.940000,484.700000,4847,473,58,80.800000;106.900000;96.300000;83.600000;117.100000,0.141779,7e7b3091ef99,n34->n24;n7->n41;n33->n12;n45->n24;n37->n18,0.268481,0.366893
101,6,2,5,10.000000,1000,50,0.100000,10,0.050000,1000.000000,0.001000,1,real_time_memory_aware,0.500000,0.500000,100.240000,501.200000,5012,333,57,72.200000;116.400000;103.700000;91.800000;117.100000,0.167814,7e7b3091ef99,n34->n24;n7->n41;n33->n12;n45->n24;n37->n18,0.454244,0.454244
202,6,2,5,10.000000,1000,50,0.100000,10,0.050000,1000.000000,0.001000,1,historical_only,1.000000,0.500000,77.480000,387.400000,3874,1025,69,27.500000;82.300000;117.100000;77.600000;82.900000,0.370504,8811bf5b22ad,n42->n6;n7->n50;n18->n10;n47->n46;n6->n11,0.253896,0.331818
202,6,2,5,10.000000,1000,50,0.100000,10,0.050000,1000.000000,0.001000,1,real_time_memory_aware,0.500000,0.500000,83.340000,416.700000,4167,627,72,43.200000;85.100000;117.100000;84.200000;87.100000,0.282369,8811bf5b22ad,n42->n6;n7->n50;n18->n10;n47->n46;n6->n11,0.367553,0.367553
303,6,2,5,10.000000,1000,50,0.100000,10,0.050000,1000.000000,0.001000,1,historical_only,1.000000,0.500000,93.820000,469.100000,4691,462,60,98.800000;97.100000;67.300000;97.000000;108.900000,0.148947,9ada2f3a47de,n42->n14;n39->n1;n37->n28;n24->n31;n36->n28,0.389796,0.389796
303,6,2,5,10.000000,1000,50,0.100000,10,0.050000,1000.000000,0.001000,1,real_time_memory_aware,0.500000,0.500000,97.500000,487.500000,4875,126,59,115.800000;90.700000;63.800000;103.300000;113.900000,0.195649,9ada2f3a47de,n42->n14;n39->n1;n37->n28;n24->n31;n36->n28,0.320879,0.320879
101,6,3,5,10.000000,1000,50,0.100000,10,0.050000,1000.000000,0.001000,1,historical_only,1.000000,0.500000,94.580000,472.900000,4729,374,59,81.900000;98.600000;95.400000;79.900000;117.100000,0.141874,7e7b3091ef99,n34->n24;n7->n41;n33->n12;n45->n24;n37->n18,0.350794,0.441497
101,6,3,5,10.000000,1000,50,0.100000,10,0.050000,1000.000000,0.001000,1,real_time_memory_aware,0.500000,0.500000,99.180000,495.900000,4959,116,60,63.800000;116.400000;106.400000;92.200000;117.100000,0.200148,7e7b3091ef99,n34->n24;n7->n41;n33->n12;n45->n24;n37->n18,0.440043,0.440043
202,6,3,5,10.000000,1000,50,0.100000,10,0.050000,1000.000000,0.001000,1,historical_only,1.000000,0.500000,75.880000,379.400000,3794,660,70,18.300000;87.500000;117.100000;73.000000;83.500000,0.425651,8811bf5b22ad,n42->n6;n7->n50;n18->n10;n47->n46;n6->n11,0.229426,0.315641
202,6,3,5,10.000000,1000,50,0.100000,10,0.050000,1000.000000,0.001000,1,real_time_memory_aware,0.500000,0.500000,79.080000,395.400000,3954,485,71,28.600000;89.600000;117.100000;74.200000;85.900000,0.365396,8811bf5b22ad,n42->n6;n7->n50;n18->n10;n47->n46;n6->n11,0.334727,0.334727
303,6,3,5,10.000000,1000,50,0.100000,10,0.050000,1000.000000,0.001000,1,historical_only,1.000000,0.500000,94.980000,474.900000,4749,295,59,95.600000;97.100000;73.300000;97.100000;111.800000,0.130001,9ada2f3a47de,n42->n14;n39->n1;n37->n28;n24->n31;n36->n28,0.339229,0.402721
303,6,3,5,10.000000,1000,50,0.100000,10,0.050000,1000.000000,0.001000,1,real_time_memory_aware,0.500000,0.500000,99.360000,496.800000,4968,118,60,115.800000;97.100000;69.100000;103.500000;111.300000,0.165421,9ada2f3a47de,n42->n14;n39->n1;n37->n28;n24->n31;n36->n28,0.351984,0.351984
101,6,4,5,10.000000,1000,50,0.100000,10,0.050000,1000.000000,0.001000,1,historical_only,1.000000,0.500000,94.980000,474.900000,4749,256,60,82.700000;98.600000;95.400000;81.100000;117.100000,0.136954,7e7b3091ef99,n34->n24;n7->n41;n33->n12;n45->n24;n37->n18,0.204989,0.375057
101,6,4,5,10.000000,1000,50,0.100000,10,0.050000,1000.000000,0.001000,1,real_time_memory_aware,0.500000,0.500000,98.520000,492.600000,4926,91,60,64.300000;116.400000;104.500000;90.300000;117.100000,0.199897,7e7b3091ef99,n34->n24;n7->n41;n33->n12;n45->n24;n37->n18,0.449567,0.449567
202,6,4,5,10.000000,1000,50,0.100000,10,0.050000,1000.000000,0.001000,1,historical_only,1.000000,0.500000,78.440000,392.200000,3922,422,71,27.300000;83.000000;117.100000;80.600000;84.200000,0.368103,8811bf5b22ad,n42->n6;n7->n50;n18->n10;n47->n46;n6->n11,0.210745,0.244933
202,6,4,5,10.000000,1000,50,0.100000,10,0.050000,1000.000000,0.001000,1,real_time_memory_aware,0.500000,0.500000,80.860000,404.300000,4043,273,71,39.000000;84.700000;117.100000;77.500000;86.000000,0.308832,8811bf5b22ad,n42->n6;n7->n50;n18->n10;n47->n46;n6->n11,0.267596,0.267596
303,6,4,5,10.000000,1000,50,0.100000,10,0.050000,1000.000000,0.001000,1,historical_only,1.000000,0.500000,94.960000,474.800000,4748,250,60,93.600000;97.100000;77.200000;97.100000;109.800000,0.110111,9ada2f3a47de,n42->n14;n39->n1;n37->n28;n24->n31;n36->n28,0.353133,0.433333
303,6,4,5,10.000000,1000,50,0.100000,10,0.050000,1000.000000,0.001000,1,real_time_memory_aware,0.500000,0.500000,100.360000,501.800000,5018,82,60,115.800000;97.100000;76.900000;102.200000;109.800000,0.133079,9ada2f3a47de,n42->n14;n39->n1;n37->n28;n24->n31;n36->n28,0.345714,0.345714
101,6,5,5,10.000000,1000,50,0.100000,10,0.050000,1000.000000,0.001000,1,historical_only,1.000000,0.500000,94.360000,471.800000,4718,170,60,83.200000;99.900000;90.700000;80.900000;117.100000,0.139545,7e7b3091ef99,n34->n24;n7->n41;n33->n12;n45->n24;n37->n18,0.289796,0.423583
101,6,5,5,10.000000,1000,50,0.100000,10,0.050000,1000.000000,0.001000,1,real_time_memory_aware,0.500000,0.500000,99.020000,495.100000,4951,73,60,66.100000;116.400000;103.100000;92.400000;117.100000,0.190180,7e7b3091ef99,n34->n24;n7->n41;n33->n12;n45->n24;n37->n18,0.448485,0.448485
202,6,5,5,10.000000,1000,50,0.100000,10,0.050000,1000.000000,0.001000,1,historical_only,1.000000,0.500000,79.240000,396.200000,3962,309,72,27.100000;82.700000;117.100000;82.400000;86.900000,0.367176,8811bf5b22ad,n42->n6;n7->n50;n18->n10;n47->n46;n6->n11,0.241026,0.334799
202,6,5,5,10.000000,1000,50,0.100000,10,0.050000,1000.000000,0.001000,1,real_time_memory_aware,0.500000,0.500000,81.320000,406.600000,4066,214,71,37.000000;83.100000;117.100000;80.000000;89.400000,0.316619,8811bf5b22ad,n42->n6;n7->n50;n18->n10;n47->n46;n6->n11,0.291870,0.291870
303,6,5,5,10.000000,1000,50,0.100000,10,0.050000,1000.000000,0.001000,1,historical_only,1.000000,0.500000,94.140000,470.700000,4707,212,59,89.100000;97.100000;77.700000;97.100000;109.700000,0.111946,9ada2f3a47de,n42->n14;n39->n1;n37->n28;n24->n31;n36->n28,0.317143,0.402857
303,6,5,5,10.000000,1000,50,0.100000,10,0.050000,1000.000000,0.001000,1,real_time_memory_aware,0.500000,0.500000,99.860000,499.300000,4993,63,60,115.800000;97.100000;74.700000;101.400000;110.300000,0.142050,9ada2f3a47de,n42->n14;n39->n1;n37->n28;n24->n31;n36->n28,0.331393,0.331393
101,6,6,5,10.000000,1000,50,0.100000,10,0.050000,1000.000000,0.001000,1,historical_only,1.000000,0.500000,95.060000,475.300000,4753,154,60,83.300000;98.200000;95.400000;81.300000;117.100000,0.134994,7e7b3091ef99,n34->n24;n7->n41;n33->n12;n45->n24;n37->n18,0.175737,0.346259
101,6,6,5,10.000000,1000,50,0.100000,10,0.050000,1000.000000,0.001000,1,real_time_memory_aware,0.500000,0.500000,98.080000,490.400000,4904,57,60,63.800000;116.400000;102.400000;90.700000;117.100000,0.201124,7e7b3091ef99,n34->n24;n7->n41;n33->n12;n45->n24;n37->n18,0.485065,0.485065
202,6,6,5,10.000000,1000,50,0.100000,10,0.050000,1000.000000,0.001000,1,historical_only,1.000000,0.500000,79.560000,397.800000,3978,264,71,26.900000;81.600000;117.100000;85.300000;86.900000,0.367454,8811bf5b22ad,n42->n6;n7->n50;n18->n10;n47->n46;n6->n11,0.198246,0.248872
202,6,6,5,10.000000,1000,50,0.100000,10,0.050000,1000.000000,0.001000,1,real_time_memory_aware,0.500000,0.500000,80.340000,401.700000,4017,179,72,35.100000;83.300000;117.100000;77.300000;88.900000,0.328812,8811bf5b22ad,n42->n6;n7->n50;n18->n10;n47->n46;n6->n11,0.259410,0.261905
303,6,6,5,10.000000,1000,50,0.100000,10,0.050000,1000.000000,0.001000,1,historical_only,1.000000,0.500000,94.260000,471.300000,4713,181,58,89.500000;97.100000;76.400000;97.100000;111.200000,0.120470,9ada2f3a47de,n42->n14;n39->n1;n37->n28;n24->n31;n36->n28,0.365909,0.466749
303,6,6,5,10.000000,1000,50,0.100000,10,0.050000,1000.000000,0.001000,1,real_time_memory_aware,0.500000,0.500000,99.920000,499.600000,4996,51,60,115.800000;97.100000;75.400000;100.500000;110.800000,0.140117,9ada2f3a47de,n42->n14;n39->n1;n37->n28;n24->n31;n36->n28,0.331393,0.331393
101,6,7,5,10.000000,1000,50,0.100000,10,0.050000,1000.000000,0.001000,1,historical_only,1.000000,0.500000,95.140000,475.700000,4757,135,59,83.900000;98.600000;94.300000;81.800000;117.100000,0.132887,7e7b3091ef99,n34->n24;n7->n41;n33->n12;n45->n24;n37->n18,0.199248,0.457895
101,6,7,5,10.000000,1000,50,0.100000,10,0.050000,1000.000000,0.001000,1,real_time_memory_aware,0.500000,0.500000,97.880000,489.400000,4894,53,60,64.400000;116.400000;101.500000;90.000000;117.100000,0.199603,7e7b3091ef99,n34->n24;n7->n41;n33->n12;n45->n24;n37->n18,0.448701,0.448701
202,6,7,5,10.000000,1000,50,0.100000,10,0.050000,1000.000000,0.001000,1,historical_only,1.000000,0.500000,80.320000,401.600000,4016,170,71,29.700000;81.100000;117.100000;83.600000;90.100000,0.353119,8811bf5b22ad,n42->n6;n7->n50;n18->n10;n47->n46;n6->n11,0.240293,0.269597
202,6,7,5,10.000000,1000,50,0.100000,10,0.050000,1000.000000,0.001000,1,real_time_memory_aware,0.500000,0.500000,80.560000,402.800000,4028,135,71,37.500000;81.200000;117.100000;77.600000;89.400000,0.317768,8811bf5b22ad,n42->n6;n7->n50;n18->n10;n47->n46;n6->n11,0.284807,0.284807
303,6,7,5,10.000000,1000,50,0.100000,10,0.050000,1000.000000,0.001000,1,historical_only,1.000000,0.500000,95.040000,475.200000,4752,155,60,93.500000;97.100000;77.300000;97.100000;110.200000,0.110894,9ada2f3a47de,n42->n14;n39->n1;n37->n28;n24->n31;n36->n28,0.429932,0.538776
303,6,7,5,10.000000,1000,50,0.100000,10,0.050000,1000.000000,0.001000,1,real_time_memory_aware,0.500000,0.500000,100.000000,500.000000,5000,44,60,115.800000;97.100000;75.400000;100.400000;111.300000,0.140788,9ada2f3a47de,n42->n14;n39->n1;n37->n28;n24->n31;n36->n28,0.336813,0.336813
101,6,8,5,10.000000,1000,50,0.100000,10,0.050000,1000.000000,0.001000,1,historical_only,1.000000,0.500000,94.380000,471.900000,4719,114,60,83.300000;97.700000;93.800000;80.000000;117.100000,0.138724,7e7b3091ef99,n34->n24;n7->n41;n33->n12;n45->n24;n37->n18,0.215646,0.432426
101,6,8,5,10.000000,1000,50,0.100000,10,0.050000,1000.000000,0.001000,1,real_time_memory_aware,0.500000,0.500000,98.060000,490.300000,4903,43,60,65.900000;116.400000;101.000000;89.900000;117.100000,0.193940,7e7b3091ef99,n34->n24;n7->n41;n33->n12;n45->n24;n37->n18,0.434848,0.467749
202,6,8,5,10.000000,1000,50,0.100000,10,0.050000,1000.000000,0.001000,1,historical_only,1.000000,0.500000,78.500000,392.500000,3925,136,72,31.400000;80.500000;117.100000;77.800000;85.700000,0.349551,8811bf5b22ad,n42->n6;n7->n50;n18->n10;n47->n46;n6->n11,0.272690,0.306878
202,6,8,5,10.000000,1000,50,0.100000,10,0.050000,1000.000000,0.001000,1,real_time_memory_aware,0.500000,0.500000,80.840000,404.200000,4042,79,72,41.100000;79.200000;117.100000;76.800000;90.000000,0.302852,8811bf5b22ad,n42->n6;n7->n50;n18->n10;n47->n46;n6->n11,0.267544,0.267544
303,6,8,5,10.000000,1000,50,0.100000,10,0.050000,1000.000000,0.001000,1,historical_only,1.000000,0.500000,94.580000,472.900000,4729,137,60,91.300000;97.100000;78.000000;97.100000;109.400000,0.107616,9ada2f3a47de,n42->n14;n39->n1;n37->n28;n24->n31;n36->n28,0.383754,0.484594
303,6,8,5,10.000000,1000,50,0.100000,10,0.050000,1000.000000,0.001000,1,real_time_memory_aware,0.500000,0.500000,99.720000,498.600000,4986,40,60,115.800000;97.100000;75.700000;99.500000;110.500000,0.138855,9ada2f3a47de,n42->n14;n39->n1;n37->n28;n24->n31;n36->n28,0.321429,0.321429
101,6,9,5,10.000000,1000,50,0.100000,10,0.050000,1000.000000,0.001000,1,historical_only,1.000000,0.500000,95.220000,476.100000,4761,89,60,84.500000;98.900000;93.100000;82.500000;117.100000,0.130621,7e7b3091ef99,n34->n24;n7->n41;n33->n12;n45->n24;n37->n18,0.316964,0.527679
101,6,9,5,10.000000,1000,50,0.100000,10,0.050000,1000.000000,0.001000,1,real_time_memory_aware,0.500000,0.500000,98.800000,494.000000,4940,40,60,69.000000;116.400000;100.600000;90.900000;117.100000,0.180964,7e7b3091ef99,n34->n24;n7->n41;n33->n12;n45->n24;n37->n18,0.444156,0.444156
202,6,9,5,10.000000,1000,50,0.100000,10,0.050000,1000.000000,0.001000,1,historical_only,1.000000,0.500000,79.000000,395.000000,3950,146,70,23.900000;83.500000;117.100000;83.200000;87.300000,0.383709,8811bf5b22ad,n42->n6;n7->n50;n18->n10;n47->n46;n6->n11,0.209656,0.262566
202,6,9,5,10.000000,1000,50,0.100000,10,0.050000,1000.000000,0.001000,1,real_time_memory_aware,0.500000,0.500000,79.980000,399.900000,3999,102,72,34.100000;81.000000;117.100000;77.200000;90.500000,0.335602,8811bf5b22ad,n42->n6;n7->n50;n18->n10;n47->n46;n6->n11,0.248780,0.248780
303,6,9,5,10.000000,1000,50,0.100000,10,0.050000,1000.000000,0.001000,1,historical_only,1.000000,0.500000,94.420000,472.100000,4721,120,60,90.400000;97.100000;77.300000;97.100000;110.200000,0.113341,9ada2f3a47de,n42->n14;n39->n1;n37->n28;n24->n31;n36->n28,0.383754,0.484594
303,6,9,5,10.000000,1000,50,0.100000,10,0.050000,1000.000000,0.001000,1,real_time_memory_aware,0.500000,0.500000,99.680000,498.400000,4984,40,60,115.800000;97.100000;76.300000;99.100000;110.100000,0.136233,9ada2f3a47de,n42->n14;n39->n1;n37->n28;n24->n31;n36->n28,0.326476,0.326476
101,6,10,5,10.000000,1000,50,0.100000,10,0.050000,1000.000000,0.001000,1,historical_only,1.000000,0.500000,94.780000,473.900000,4739,81,59,81.800000;98.300000;95.100000;81.600000;117.100000,0.137797,7e7b3091ef99,n34->n24;n7->n41;n33->n12;n45->n24;n37->n18,0.240476,0.437500
101,6,10,5,10.000000,1000,50,0.100000,10,0.050000,1000.000000,0.001000,1,real_time_memory_aware,0.500000,0.500000,98.340000,491.700000,4917,31,60,64.900000;116.400000;100.400000;92.900000;117.100000,0.194550,7e7b3091ef99,n34->n24;n7->n41;n33->n12;n45->n24;n37->n18,0.430519,0.436580
202,6,10,5,10.000000,1000,50,0.100000,10,0.050000,1000.000000,0.001000,1,historical_only,1.000000,0.500000,79.520000,397.600000,3976,96,72,30.400000;80.500000;117.100000;79.200000;90.400000,0.353210,8811bf5b22ad,n42->n6;n7->n50;n18->n10;n47->n46;n6->n11,0.184313,0.239451
202,6,10,5,10.000000,1000,50,0.100000,10,0.050000,1000.000000,0.001000,1,real_time_memory_aware,0.500000,0.500000,79.400000,397.000000,3970,100,71,28.900000;84.000000;117.100000;73.200000;93.800000,0.366691,8811bf5b22ad,n42->n6;n7->n50;n18->n10;n47->n46;n6->n11,0.247347,0.247347
303,6,10,5,10.000000,1000,50,0.100000,10,0.050000,1000.000000,0.001000,1,historical_only,1.000000,0.500000,94.500000,472.500000,4725,102,60,90.900000;97.100000;77.900000;97.100000;109.500000,0.108644,9ada2f3a47de,n42->n14;n39->n1;n37->n28;n24->n31;n36->n28,0.478175,0.636905
303,6,10,5,10.000000,1000,50,0.100000,10,0.050000,1000.000000,0.001000,1,real_time_memory_aware,0.500000,0.500000,99.680000,498.400000,4984,30,60,115.800000;97.100000;76.900000;99.200000;109.400000,0.133102,9ada2f3a47de,n42->n14;n39->n1;n37->n28;n24->n31;n36->n28,0.327976,0.327976
101,7,1,5,10.000000,1000,50,0.100000,10,0.050000,1000.000000,0.001000,1,historical_only,1.000000,0.500000,85.500000,427.500000,4275,4855,70,97.100000;87.600000;97.100000;9.200000;136.500000,0.487769,7e7b3091ef99,n34->n24;n7->n41;n33->n12;n45->n24;n37->n18,0.513333,0.513333
101,7,1,5,10.000000,1000,50,0.100000,10,0.050000,1000.000000,0.001000,1,real_time_memory_aware,0.500000,0.500000,85.500000,427.500000,4275,4855,70,97.100000;87.600000;97.100000;9.200000;136.500000,0.487769,7e7b3091ef99,n34->n24;n7->n41;n33->n12;n45->n24;n37->n18,0.513333,0.513333
202,7,1,5,10.000000,1000,50,0.100000,10,0.050000,1000.000000,0.001000,1,historical_only,1.000000,0.500000,78.000000,390.000000,3900,5692,73,1.500000;96.400000;136.500000;66.600000;89.000000,0.569439,8811bf5b22ad,n42->n6;n7->n50;n18->n10;n47->n46;n6->n11,0.345238,0.403968
202,7,1,5,10.000000,1000,50,0.100000,10,0.050000,1000.000000,0.001000,1,real_time_memory_aware,0.500000,0.500000,78.000000,390.000000,3900,5692,73,1.500000;96.400000;136.500000;66.600000;89.000000,0.569439,8811bf5b22ad,n42->n6;n7->n50;n18->n10;n47->n46;n6->n11,0.345238,0.403968
303,7,1,5,10.000000,1000,50,0.100000,10,0.050000,1000.000000,0.001000,1,historical_only,1.000000,0.500000,95.160000,475.800000,4758,3448,67,92.600000;97.100000;56.300000;97.100000;132.700000,0.254536,9ada2f3a47de,n42->n14;n39->n1;n37->n28;n24->n31;n36->n28,0.560952,0.560952
303,7,1,5,10.000000,1000,50,0.100000,10,0.050000,1000.000000,0.001000,1,real_time_memory_aware,0.500000,0.500000,95.160000,475.800000,4758,3448,67,92.600000;97.100000;56.300000;97.100000;132.700000,0.254536,9ada2f3a47de,n42->n14;n39->n1;n37->n28;n24->n31;n36->n28,0.560952,0.560952
101,7,2,5,10.000000,1000,50,0.100000,10,0.050000,1000.000000,0.001000,1,historical_only,1.000000,0.500000,102.060000,510.300000,5103,780,69,80.200000;113.400000;94.500000;85.700000;136.500000,0.201631,7e7b3091ef99,n34->n24;n7->n41;n33->n12;n45->n24;n37->n18,0.255732,0.399295
101,7,2,5,10.000000,1000,50,0.100000,10,0.050000,1000.000000,0.001000,1,real_time_memory_aware,0.500000,0.500000,111.440000,557.200000,5572,580,70,76.000000;135.600000;112.400000;96.700000;136.500000,0.207978,7e7b3091ef99,n34->n24;n7->n41;n33->n12;n45->n24;n37->n18,0.490278,0.490278
202,7,2,5,10.000000,1000,50,0.100000,10,0.050000,1000.000000,0.001000,1,historical_only,1.000000,0.500000,85.040000,425.200000,4252,1318,81,34.800000;82.600000;136.500000;84.400000;86.900000,0.378565,8811bf5b22ad,n42->n6;n7->n50;n18->n10;n47->n46;n6->n11,0.171946,0.275052
202,7,2,5,10.000000,1000,50,0.100000,10,0.050000,1000.000000,0.001000,1,real_time_memory_aware,0.500000,0.500000,92.140000,460.700000,4607,898,84,53.000000;91.400000;136.500000;91.900000;87.900000,0.287896,8811bf5b22ad,n42->n6;n7->n50;n18->n10;n47->n46;n6->n11,0.400775,0.400775
303,7,2,5,10.000000,1000,50,0.100000,10,0.050000,1000.000000,0.001000,1,historical_only,1.000000,0.500000,93.340000,466.700000,4667,761,66,110.000000;75.300000;60.900000;99.500000;121.000000,0.237559,9ada2f3a47de,n42->n14;n39->n1;n37->n28;n24->n31;n36->n28,0.198810,0.241667
303,7,2,5,10.000000,1000,50,0.100000,10,0.050000,1000.000000,0.001000,1,real_time_memory_aware,0.500000,0.500000,102.720000,513.600000,5136,336,68,127.500000;90.200000;60.700000;112.700000;122.500000,0.239546,9ada2f3a47de,n42->n14;n39->n1;n37->n28;n24->n31;n36->n28,0.304497,0.304497
101,7,3,5,10.000000,1000,50,0.100000,10,0.050000,1000.000000,0.001000,1,historical_only,1.000000,0.500000,100.800000,504.000000,5040,584,70,78.900000;106.400000;97.300000;84.900000;136.500000,0.200903,7e7b3091ef99,n34->n24;n7->n41;n33->n12;n45->n24;n37->n18,0.141815,0.240327
101,7,3,5,10.000000,1000,50,0.100000,10,0.050000,1000.000000,0.001000,1,real_time_memory_aware,0.500000,0.500000,111.500000,557.500000,5575,282,69,71.800000;135.600000;113.500000;100.100000;136.500000,0.216583,7e7b3091ef99,n34->n24;n7->n41;n33->n12;n45->n24;n37->n18,0.539610,0.539610
202,7,3,5,10.000000,1000,50,0.100000,10,0.050000,1000.000000,0.001000,1,historical_only,1.000000,0.500000,85.800000,429.000000,4290,758,84,29.200000;83.400000;136.500000;92.000000;87.900000,0.397730,8811bf5b22ad,n42->n6;n7->n50;n18->n10;n47->n46;n6->n11,0.223052,0.332143
202,7,3,5,10.000000,1000,50,0.100000,10,0.050000,1000.000000,0.001000,1,real_time_memory_aware,0.500000,0.500000,87.800000,439.000000,4390,623,82,33.500000;96.000000;136.500000;84.700000;88.300000,0.374204,8811bf5b22ad,n42->n6;n7->n50;n18->n10;n47->n46;n6->n11,0.387188,0.387188
303,7,3,5,10.000000,1000,50,0.100000,10,0.050000,1000.000000,0.001000,1,historical_only,1.000000,0.500000,97.160000,485.800000,4858,636,70,103.100000;97.100000;70.700000;97.100000;117.800000,0.156864,9ada2f3a47de,n42->n14;n39->n1;n37->n28;n24->n31;n36->n28,0.219540,0.291790
303,7,3,5,10.000000,1000,50,0.100000,10,0.050000,1000.000000,0.001000,1,real_time_memory_aware,0.500000,0.500000,105.060000,525.300000,5253,294,70,134.900000;97.100000;70.900000;108.500000;113.900000,0.200143,9ada2f3a47de,n42->n14;n39->n1;n37->n28;n24->n31;n36->n28,0.366497,0.366497
101,7,4,5,10.000000,1000,50,0.100000,10,0.050000,1000.000000,0.001000,1,historical_only,1.000000,0.500000,99.220000,496.100000,4961,523,69,82.500000;100.700000;92.700000;83.700000;136.500000,0.199288,7e7b3091ef99,n34->n24;n7->n41;n33->n12;n45->n24;n37->n18,0.197865,0.294745
101,7,4,5,10.000000,1000,50,0.100000,10,0.050000,1000.000000,0.001000,1,real_time_memory_aware,0.500000,0.500000,110.400000,552.000000,5520,174,70,67.900000;135.600000;111.900000;100.100000;136.500000,0.230252,7e7b3091ef99,n34->n24;n7->n41;n33->n12;n45->n24;n37->n18,0.522727,0.522727
202,7,4,5,10.000000,1000,50,0.100000,10,0.050000,1000.000000,0.001000,1,historical_only,1.000000,0.500000,85.560000,427.800000,4278,544,83,29.600000;83.600000;136.500000;89.300000;88.800000,0.396512,8811bf5b22ad,n42->n6;n7->n50;n18->n10;n47->n46;n6->n11,0.272789,0.345351
202,7,4,5,10.000000,1000,50,0.100000,10,0.050000,1000.000000,0.001000,1,real_time_memory_aware,0.500000,0.500000,85.660000,428.300000,4283,436,84,30.300000;94.000000;136.500000;80.400000;87.100000,0.395843,8811bf5b22ad,n42->n6;n7->n50;n18->n10;n47->n46;n6->n11,0.293084,0.293084
303,7,4,5,10.000000,1000,50,0.100000,10,0.050000,1000.000000,0.001000,1,historical_only,1.000000,0.500000,96.620000,483.100000,4831,491,68,99.300000;97.100000;73.000000;97.100000;116.600000,0.143766,9ada2f3a47de,n42->n14;n39->n1;n37->n28;n24->n31;n36->n28,0.309524,0.362476
303,7,4,5,10.000000,1000,50,0.100000,10,0.050000,1000.000000,0.001000,1,real_time_memory_aware,0.500000,0.500000,105.400000,527.000000,5270,189,70,134.900000;97.100000;71.700000;107.400000;115.900000,0.198520,9ada2f3a47de,n42->n14;n39->n1;n37->n28;n24->n31;n36->n28,0.341837,0.341837
101,7,5,5,10.000000,1000,50,0.100000,10,0.050000,1000.000000,0.001000,1,historical_only,1.000000,0.500000,100.100000,500.500000,5005,344,69,81.500000;102.100000;96.200000;84.200000;136.500000,0.196929,7e7b3091ef99,n34->n24;n7->n41;n33->n12;n45->n24;n37->n18,0.194745,0.304433
101,7,5,5,10.000000,1000,50,0.100000,10,0.050000,1000.000000,0.001000,1,real_time_memory_aware,0.500000,0.500000,109.440000,547.200000,5472,140,70,64.300000;135.600000;109.100000;101.700000;136.500000,0.242245,7e7b3091ef99,n34->n24;n7->n41;n33->n12;n45->n24;n37->n18,0.499351,0.499351
202,7,5,5,10.000000,1000,50,0.100000,10,0.050000,1000.000000,0.001000,1,historical_only,1.000000,0.500000,85.600000,428.000000,4280,388,84,27.800000;83.200000;136.500000;92.900000;87.600000,0.404506,8811bf5b22ad,n42->n6;n7->n50;n18->n10;n47->n46;n6->n11,0.202130,0.301629
202,7,5,5,10.000000,1000,50,0.100000,10,0.050000,1000.000000,0.001000,1,real_time_memory_aware,0.500000,0.500000,85.680000,428.400000,4284,316,83,36.100000;90.600000;136.500000;76.400000;88.800000,0.374972,8811bf5b22ad,n42->n6;n7->n50;n18->n10;n47->n46;n6->n11,0.279025,0.281746
303,7,5,5,10.000000,1000,50,0.100000,10,0.050000,1000.000000,0.001000,1,historical_only,1.000000,0.500000,96.460000,482.300000,4823,369,69,99.500000;97.100000;74.700000;96.900000;114.100000,0.130683,9ada2f3a47de,n42->n14;n39->n1;n37->n28;n24->n31;n36->n28,0.214638,0.278131
303,7,5,5,10.000000,1000,50,0.100000,10,0.050000,1000.000000,0.001000,1,real_time_memory_aware,0.500000,0.500000,105.200000,526.000000,5260,141,70,134.900000;97.100000;82.000000;104.800000;107.200000,0.164099,9ada2f3a47de,n42->n14;n39->n1;n37->n28;n24->n31;n36->n28,0.321340,0.321340
101,7,6,5,10.000000,1000,50,0.100000,10,0.050000,1000.000000,0.001000,1,historical_only,1.000000,0.500000,100.240000,501.200000,5012,310,70,84.500000;98.600000;95.600000;86.000000;136.500000,0.188731,7e7b3091ef99,n34->n24;n7->n41;n33->n12;n45->n24;n37->n18,0.161905,0.330159
101,7,6,5,10.000000,1000,50,0.100000,10,0.050000,1000.000000,0.001000,1,real_time_memory_aware,0.500000,0.500000,109.440000,547.200000,5472,115,70,69.600000;135.600000;106.900000;98.600000;136.500000,0.228537,7e7b3091ef99,n34->n24;n7->n41;n33->n12;n45->n24;n37->n18,0.445671,0.460390
202,7,6,5,10.000000,1000,50,0.100000,10,0.050000,1000.000000,0.001000,1,historical_only,1.000000,0.500000,85.600000,428.000000,4280,283,84,30.100000;84.400000;136.500000;89.400000;87.600000,0.394124,8811bf5b22ad,n42->n6;n7->n50;n18->n10;n47->n46;n6->n11,0.225063,0.306266
202,7,6,5,10.000000,1000,50,0.100000,10,0.050000,1000.000000,0.001000,1,real_time_memory_aware,0.500000,0.500000,86.260000,431.300000,4313,257,84,31.200000;90.400000;136.500000;84.300000;88.900000,0.387403,8811bf5b22ad,n42->n6;n7->n50;n18->n10;n47->n46;n6->n11,0.302721,0.302721
303,7,6,5,10.000000,1000,50,0.100000,10,0.050000,1000.000000,0.001000,1,historical_only,1.000000,0.500000,95.940000,479.700000,4797,324,69,97.600000;97.100000;70.600000;97.100000;117.300000,0.154868,9ada2f3a47de,n42->n14;n39->n1;n37->n28;n24->n31;n36->n28,0.219429,0.295619
303,7,6,5,10.000000,1000,50,0.100000,10,0.050000,1000.000000,0.001000,1,real_time_memory_aware,0.500000,0.500000,105.000000,525.000000,5250,98,68,134.900000;97.100000;79.800000;104.200000;109.000000,0.170798,9ada2f3a47de,n42->n14;n39->n1;n37->n28;n24->n31;n36->n28,0.299320,0.299320
101,7,7,5,10.000000,1000,50,0.100000,10,0.050000,1000.000000,0.001000,1,historical_only,1.000000,0.500000,98.860000,494.300000,4943,269,70,82.800000;98.200000;92.400000;84.400000;136.500000,0.198526,7e7b3091ef99,n34->n24;n7->n41;n33->n12;n45->n24;n37->n18,0.132540,0.297619
101,7,7,5,10.000000,1000,50,0.100000,10,0.050000,1000.000000,0.001000,1,real_time_memory_aware,0.500000,0.500000,109.100000,545.500000,5455,100,70,68.500000;135.600000;106.200000;98.700000;136.500000,0.232530,7e7b3091ef99,n34->n24;n7->n41;n33->n12;n45->n24;n37->n18,0.553030,0.553030
202,7,7,5,10.000000,1000,50,0.100000,10,0.050000,1000.000000,0.001000,1,historical_only,1.000000,0.500000,82.820000,414.100000,4141,255,84,27.400000;82.000000;136.500000;83.400000;84.800000,0.416797,8811bf5b22ad,n42->n6;n7->n50;n18->n10;n47->n46;n6->n11,0.215995,0.281929
202,7,7,5,10.000000,1000,50,0.100000,10,0.050000,1000.000000,0.001000,1,real_time_memory_aware,0.500000,0.500000,85.740000,428.700000,4287,191,84,32.600000;88.700000;136.500000;81.600000;89.300000,0.384673,8811bf5b22ad,n42->n6;n7->n50;n18->n10;n47->n46;n6->n11,0.314739,0.314739
303,7,7,5,10.000000,1000,50,0.100000,10,0.050000,1000.000000,0.001000,1,historical_only,1.000000,0.500000,95.620000,478.100000,4781,273,69,95.900000;97.100000;72.700000;97.100000;115.300000,0.141635,9ada2f3a47de,n42->n14;n39->n1;n37->n28;n24->n31;n36->n28,0.215048,0.291238
303,7,7,5,10.000000,1000,50,0.100000,10,0.050000,1000.000000,0.001000,1,real_time_memory_aware,0.500000,0.500000,104.940000,524.700000,5247,77,70,134.900000;97.100000;77.000000;103.800000;111.900000,0.180274,9ada2f3a47de,n42->n14;n39->n1;n37->n28;n24->n31;n36->n28,0.314462,0.314462
101,7,8,5,10.000000,1000,50,0.100000,10,0.050000,1000.000000,0.001000,1,historical_only,1.000000,0.500000,100.400000,502.000000,5020,232,70,86.100000;98.700000;94.700000;86.000000;136.500000,0.186361,7e7b3091ef99,n34->n24;n7->n41;n33->n12;n45->n24;n37->n18,0.147443,0.336155
101,7,8,5,10.000000,1000,50,0.100000,10,0.050000,1000.000000,0.001000,1,real_time_memory_aware,0.500000,0.500000,107.840000,539.200000,5392,87,70,63.000000;135.600000;104.800000;99.300000;136.500000,0.251735,7e7b3091ef99,n34->n24;n7->n41;n33->n12;n45->n24;n37->n18,0.532035,0.532035
202,7,8,5,10.000000,1000,50,0.100000,10,0.050000,1000.000000,0.001000,1,historical_only,1.000000,0.500000,81.240000,406.200000,4062,195,84,27.700000;83.400000;136.500000;74.500000;84.100000,0.425638,8811bf5b22ad,n42->n6;n7->n50;n18->n10;n47->n46;n6->n11,0.267287,0.329063
202,7,8,5,10.000000,1000,50,0.100000,10,0.050000,1000.000000,0.001000,1,real_time_memory_aware,0.500000,0.500000,86.060000,430.300000,4303,141,84,35.300000;86.300000;136.500000;82.000000;90.200000,0.373083,8811bf5b22ad,n42->n6;n7->n50;n18->n10;n47->n46;n6->n11,0.285476,0.285476
303,7,8,5,10.000000,1000,50,0.100000,10,0.050000,1000.000000,0.001000,1,historical_only,1.000000,0.500000,95.980000,479.900000,4799,250,68,97.700000;97.100000;74.900000;97.100000;113.100000,0.127001,9ada2f3a47de,n42->n14;n39->n1;n37->n28;n24->n31;n36->n28,0.228175,0.323413
303,7,8,5,10.000000,1000,50,0.100000,10,0.050000,1000.000000,0.001000,1,real_time_memory_aware,0.500000,0.500000,104.700000,523.500000,5235,83,70,134.900000;97.100000;76.400000;101.800000;113.300000,0.183871,9ada2f3a47de,n42->n14;n39->n1;n37->n28;n24->n31;n36->n28,0.306803,0.306803
101,7,9,5,10.000000,1000,50,0.100000,10,0.050000,1000.000000,0.001000,1,historical_only,1.000000,0.500000,98.320000,491.600000,4916,180,70,83.500000;99.100000;89.400000;83.100000;136.500000,0.202866,7e7b3091ef99,n34->n24;n7->n41;n33->n12;n45->n24;n37->n18,0.137274,0.320197
101,7,9,5,10.000000,1000,50,0.100000,10,0.050000,1000.000000,0.001000,1,real_time_memory_aware,0.500000,0.500000,107.800000,539.000000,5390,71,70,61.600000;135.600000;103.600000;101.700000;136.500000,0.255256,7e7b3091ef99,n34->n24;n7->n41;n33->n12;n45->n24;n37->n18,0.535498,0.535498
202,7,9,5,10.000000,1000,50,0.100000,10,0.050000,1000.000000,0.001000,1,historical_only,1.000000,0.500000,82.260000,411.300000,4113,159,84,26.700000;83.600000;136.500000;80.300000;84.200000,0.422458,8811bf5b22ad,n42->n6;n7->n50;n18->n10;n47->n46;n6->n11,0.202233,0.257416
202,7,9,5,10.000000,1000,50,0.100000,10,0.050000,1000.000000,0.001000,1,real_time_memory_aware,0.500000,0.500000,85.500000,427.500000,4275,133,84,33.500000;85.400000;136.500000;81.800000;90.300000,0.382288,8811bf5b22ad,n42->n6;n7->n50;n18->n10;n47->n46;n6->n11,0.295935,0.295935
303,7,9,5,10.000000,1000,50,0.100000,10,0.050000,1000.000000,0.001000,1,historical_only,1.000000,0.500000,95.920000,479.600000,4796,215,69,96.800000;97.100000;72.600000;97.000000;116.100000,0.144035,9ada2f3a47de,n42->n14;n39->n1;n37->n28;n24->n31;n36->n28,0.238302,0.328571
303,7,9,5,10.000000,1000,50,0.100000,10,0.050000,1000.000000,0.001000,1,real_time_memory_aware,0.500000,0.500000,104.400000,522.000000,5220,56,70,134.900000;97.100000;75.100000;102.200000;112.700000,0.187493,9ada2f3a47de,n42->n14;n39->n1;n37->n28;n24->n31;n36->n28,0.322046,0.322046
101,7,10,5,10.000000,1000,50,0.100000,10,0.050000,1000.000000,0.001000,1,historical_only,1.000000,0.500000,99.240000,496.200000,4962,156,70,83.400000;98.400000;94.200000;83.700000;136.500000,0.196781,7e7b3091ef99,n34->n24;n7->n41;n33->n12;n45->n24;n37->n18,0.147795,0.307937
101,7,10,5,10.000000,1000,50,0.100000,10,0.050000,1000.000000,0.001000,1,real_time_memory_aware,0.500000,0.500000,109.220000,546.100000,5461,66,70,68.600000;135.600000;102.800000;102.600000;136.500000,0.230724,7e7b3091ef99,n34->n24;n7->n41;n33->n12;n45->n24;n37->n18,0.490909,0.490909
202,7,10,5,10.000000,1000,50,0.100000,10,0.050000,1000.000000,0.001000,1,historical_only,1.000000,0.500000,82.680000,413.400000,4134,139,83,26.300000;80.800000;136.500000;81.400000;88.400000,0.422910,8811bf5b22ad,n42->n6;n7->n50;n18->n10;n47->n46;n6->n11,0.256015,0.306140
202,7,10,5,10.000000,1000,50,0.100000,10,0.050000,1000.000000,0.001000,1,real_time_memory_aware,0.500000,0.500000,85.220000,426.100000,4261,107,84,36.200000;82.900000;136.500000;80.900000;89.600000,0.373875,8811bf5b22ad,n42->n6;n7->n50;n18->n10;n47->n46;n6->n11,0.245064,0.245064
303,7,10,5,10.000000,1000,50,0.100000,10,0.050000,1000.000000,0.001000,1,historical_only,1.000000,0.500000,95.660000,478.300000,4783,177,69,96.300000;97.100000;75.600000;97.100000;112.200000,0.121958,9ada2f3a47de,n42->n14;n39->n1;n37->n28;n24->n31;n36->n28,0.242404,0.333107
303,7,10,5,10.000000,1000,50,0.100000,10,0.050000,1000.000000,0.001000,1,real_time_memory_aware,0.500000,0.500000,104.280000,521.400000,5214,52,70,134.900000;97.100000;76.200000;100.900000;112.300000,0.184627,9ada2f3a47de,n42->n14;n39->n1;n37->n28;n24->n31;n36->n28,0.317813,0.317813
101,8,1,5,10.000000,1000,50,0.100000,10,0.050000,1000.000000,0.001000,1,historical_only,1.000000,0.500000,89.440000,447.200000,4472,6583,79,97.100000;92.400000;97.100000;4.700000;155.900000,0.541402,7e7b3091ef99,n34->n24;n7->n41;n33->n12;n45->n24;n37->n18,0.474762,0.474762
101,8,1,5,10.000000,1000,50,0.100000,10,0.050000,1000.000000,0.001000,1,real_time_memory_aware,0.500000,0.500000,89.440000,447.200000,4472,6583,79,97.100000;92.400000;97.100000;4.700000;155.900000,0.541402,7e7b3091ef99,n34->n24;n7->n41;n33->n12;n45->n24;n37->n18,0.474762,0.474762
202,8,1,5,10.000000,1000,50,0.100000,10,0.050000,1000.000000,0.001000,1,historical_only,1.000000,0.500000,78.500000,392.500000,3925,8192,89,4.300000;94.600000;155.900000;44.000000;93.700000,0.653961,8811bf5b22ad,n42->n6;n7->n50;n18->n10;n47->n46;n6->n11,0.411508,0.436905
202,8,1,5,10.000000,1000,50,0.100000,10,0.050000,1000.000000,0.001000,1,real_time_memory_aware,0.500000,0.500000,78.500000,392.500000,3925,8192,89,4.300000;94.600000;155.900000;44.000000;93.700000,0.653961,8811bf5b22ad,n42->n6;n7->n50;n18->n10;n47->n46;n6->n11,0.411508,0.436905
303,8,1,5,10.000000,1000,50,0.100000,10,0.050000,1000.000000,0.001000,1,historical_only,1.000000,0.500000,94.900000,474.500000,4745,5337,75,92.300000;97.100000;36.900000;97.100000;151.100000,0.381066,9ada2f3a47de,n42->n14;n39->n1;n37->n28;n24->n31;n36->n28,0.583333,0.583333
303,8,1,5,10.000000,1000,50,0.100000,10,0.050000,1000.000000,0.001000,1,real_time_memory_aware,0.500000,0.500000,94.900000,474.500000,4745,5337,75,92.300000;97.100000;36.900000;97.100000;151.100000,0.381066,9ada2f3a47de,n42->n14;n39->n1;n37->n28;n24->n31;n36->n28,0.583333,0.583333
101,8,2,5,10.000000,1000,50,0.100000,10,0.050000,1000.000000,0.001000,1,historical_only,1.000000,0.500000,107.940000,539.700000,5397,1128,77,79.100000;111.600000;104.400000;88.700000;155.900000,0.246092,7e7b3091ef99,n34->n24;n7->n41;n33->n12;n45->n24;n37->n18,0.231092,0.319888
101,8,2,5,10.000000,1000,50,0.100000,10,0.050000,1000.000000,0.001000,1,real_time_memory_aware,0.500000,0.500000,121.180000,605.900000,6059,825,80,70.200000;154.700000;121.300000;103.800000;155.900000,0.266894,7e7b3091ef99,n34->n24;n7->n41;n33->n12;n45->n24;n37->n18,0.518871,0.518871
202,8,2,5,10.000000,1000,50,0.100000,10,0.050000,1000.000000,0.001000,1,historical_only,1.000000,0.500000,88.840000,444.200000,4442,1843,93,35.400000;82.600000;155.900000;82.600000;87.700000,0.433971,8811bf5b22ad,n42->n6;n7->n50;n18->n10;n47->n46;n6->n11,0.342133,0.424948
202,8,2,5,10.000000,1000,50,0.100000,10,0.050000,1000.000000,0.001000,1,real_time_memory_aware,0.500000,0.500000,96.860000,484.300000,4843,1379,96,41.600000;100.400000;155.900000;96.800000;89.600000,0.375228,8811bf5b22ad,n42->n6;n7->n50;n18->n10;n47->n46;n6->n11,0.420487,0.420487
303,8,2,5,10.000000,1000,50,0.100000,10,0.050000,1000.000000,0.001000,1,historical_only,1.000000,0.500000,98.120000,490.600000,4906,968,75,114.400000;82.400000;56.000000;107.300000;130.500000,0.266506,9ada2f3a47de,n42->n14;n39->n1;n37->n28;n24->n31;n36->n28,0.282754,0.338867
303,8,2,5,10.000000,1000,50,0.100000,10,0.050000,1000.000000,0.001000,1,real_time_memory_aware,0.500000,0.500000,106.860000,534.300000,5343,585,78,135.700000;89.100000;51.900000;121.100000;136.500000,0.303208,9ada2f3a47de,n42->n14;n39->n1;n37->n28;n24->n31;n36->n28,0.312155,0.312155
101,8,3,5,10.000000,1000,50,0.100000,10,0.050000,1000.000000,0.001000,1,historical_only,1.000000,0.500000,107.100000,535.500000,5355,725,76,73.300000;108.800000;104.500000;93.000000;155.900000,0.255103,7e7b3091ef99,n34->n24;n7->n41;n33->n12;n45->n24;n37->n18,0.221989,0.316106
101,8,3,5,10.000000,1000,50,0.100000,10,0.050000,1000.000000,0.001000,1,real_time_memory_aware,0.500000,0.500000,120.460000,602.300000,6023,453,79,66.900000;153.800000;122.100000;103.600000;155.900000,0.275909,7e7b3091ef99,n34->n24;n7->n41;n33->n12;n45->n24;n37->n18,0.492460,0.507143
202,8,3,5,10.000000,1000,50,0.100000,10,0.050000,1000.000000,0.001000,1,historical_only,1.000000,0.500000,89.480000,447.400000,4474,1086,94,20.800000;90.500000;155.900000;92.800000;87.400000,0.477947,8811bf5b22ad,n42->n6;n7->n50;n18->n10;n47->n46;n6->n11,0.262319,0.394410
202,8,3,5,10.000000,1000,50,0.100000,10,0.050000,1000.000000,0.001000,1,real_time_memory_aware,0.500000,0.500000,94.920000,474.600000,4746,844,95,33.700000;101.600000;155.900000;92.500000;90.900000,0.408925,8811bf5b22ad,n42->n6;n7->n50;n18->n10;n47->n46;n6->n11,0.368328,0.368328
303,8,3,5,10.000000,1000,50,0.100000,10,0.050000,1000.000000,0.001000,1,historical_only,1.000000,0.500000,99.800000,499.000000,4990,773,79,111.000000;97.100000;60.900000;102.300000;127.700000,0.220923,9ada2f3a47de,n42->n14;n39->n1;n37->n28;n24->n31;n36->n28,0.292857,0.352381
303,8,3,5,10.000000,1000,50,0.100000,10,0.050000,1000.000000,0.001000,1,real_time_memory_aware,0.500000,0.500000,110.140000,550.700000,5507,376,80,153.800000;92.200000;58.000000;117.100000;129.600000,0.297652,9ada2f3a47de,n42->n14;n39->n1;n37->n28;n24->n31;n36->n28,0.406803,0.406803
101,8,4,5,10.000000,1000,50,0.100000,10,0.050000,1000.000000,0.001000,1,historical_only,1.000000,0.500000,105.460000,527.300000,5273,604,78,77.800000;108.600000;98.900000;86.100000;155.900000,0.259231,7e7b3091ef99,n34->n24;n7->n41;n33->n12;n45->n24;n37->n18,0.182931,0.306057
101,8,4,5,10.000000,1000,50,0.100000,10,0.050000,1000.000000,0.001000,1,real_time_memory_aware,0.500000,0.500000,118.600000,593.000000,5930,268,79,61.000000;154.700000;117.600000;103.800000;155.900000,0.297683,7e7b3091ef99,n34->n24;n7->n41;n33->n12;n45->n24;n37->n18,0.509524,0.509524
202,8,4,5,10.000000,1000,50,0.100000,10,0.050000,1000.000000,0.001000,1,historical_only,1.000000,0.500000,90.040000,450.200000,4502,736,96,19.600000;95.800000;155.900000;90.900000;88.000000,0.479946,8811bf5b22ad,n42->n6;n7->n50;n18->n10;n47->n46;n6->n11,0.237967,0.356486
202,8,4,5,10.000000,1000,50,0.100000,10,0.050000,1000.000000,0.001000,1,real_time_memory_aware,0.500000,0.500000,90.740000,453.700000,4537,626,96,24.400000;103.000000;155.900000;83.600000;86.800000,0.464004,8811bf5b22ad,n42->n6;n7->n50;n18->n10;n47->n46;n6->n11,0.285147,0.285147
303,8,4,5,10.000000,1000,50,0.100000,10,0.050000,1000.000000,0.001000,1,historical_only,1.000000,0.500000,98.920000,494.600000,4946,645,79,107.800000;97.100000;60.700000;99.700000;129.300000,0.224528,9ada2f3a47de,n42->n14;n39->n1;n37->n28;n24->n31;n36->n28,0.182213,0.249440
303,8,4,5,10.000000,1000,50,0.100000,10,0.050000,1000.000000,0.001000,1,real_time_memory_aware,0.500000,0.500000,107.480000,537.400000,5374,325,80,138.100000;97.100000;59.000000;113.400000;129.800000,0.260808,9ada2f3a47de,n42->n14;n39->n1;n37->n28;n24->n31;n36->n28,0.407760,0.407760
101,8,5,5,10.000000,1000,50,0.100000,10,0.050000,1000.000000,0.001000,1,historical_only,1.000000,0.500000,106.580000,532.900000,5329,412,79,76.600000;108.500000;103.300000;88.600000;155.900000,0.254163,7e7b3091ef99,n34->n24;n7->n41;n33->n12;n45->n24;n37->n18,0.146499,0.278431
101,8,5,5,10.000000,1000,50,0.100000,10,0.050000,1000.000000,0.001000,1,real_time_memory_aware,0.500000,0.500000,119.640000,598.200000,5982,213,80,61.600000;154.800000;115.400000;110.500000;155.900000,0.290054,7e7b3091ef99,n34->n24;n7->n41;n33->n12;n45->n24;n37->n18,0.554762,0.554762
202,8,5,5,10.000000,1000,50,0.100000,10,0.050000,1000.000000,0.001000,1,historical_only,1.000000,0.500000,90.400000,452.000000,4520,498,94,23.700000;88.800000;155.900000;96.000000;87.600000,0.463571,8811bf5b22ad,n42->n6;n7->n50;n18->n10;n47->n46;n6->n11,0.254506,0.366004
202,8,5,5,10.000000,1000,50,0.100000,10,0.050000,1000.000000,0.001000,1,real_time_memory_aware,0.500000,0.500000,91.520000,457.600000,4576,409,95,31.500000;99.100000;155.900000;82.900000;88.200000,0.434047,8811bf5b22ad,n42->n6;n7->n50;n18->n10;n47->n46;n6->n11,0.358163,0.358163
303,8,5,5,10.000000,1000,50,0.100000,10,0.050000,1000.000000,0.001000,1,historical_only,1.000000,0.500000,98.440000,492.200000,4922,459,79,106.600000;97.100000;63.500000;99.100000;125.900000,0.205376,9ada2f3a47de,n42->n14;n39->n1;n37->n28;n24->n31;n36->n28,0.237649,0.297173
303,8,5,5,10.000000,1000,50,0.100000,10,0.050000,1000.000000,0.001000,1,real_time_memory_aware,0.500000,0.500000,107.620000,538.100000,5381,221,80,139.300000;97.100000;65.000000;112.100000;124.600000,0.236503,9ada2f3a47de,n42->n14;n39->n1;n37->n28;n24->n31;n36->n28,0.336395,0.336395
101,8,6,5,10.000000,1000,50,0.100000,10,0.050000,1000.000000,0.001000,1,historical_only,1.000000,0.500000,102.600000,513.000000,5130,433,77,75.800000;100.800000;94.800000;85.700000;155.900000,0.272515,7e7b3091ef99,n34->n24;n7->n41;n33->n12;n45->n24;n37->n18,0.141708,0.353202
101,8,6,5,10.000000,1000,50,0.100000,10,0.050000,1000.000000,0.001000,1,real_time_memory_aware,0.500000,0.500000,117.780000,588.900000,5889,169,80,59.100000;154.600000;113.300000;106.000000;155.900000,0.304024,7e7b3091ef99,n34->n24;n7->n41;n33->n12;n45->n24;n37->n18,0.514935,0.520130
202,8,6,5,10.000000,1000,50,0.100000,10,0.050000,1000.000000,0.001000,1,historical_only,1.000000,0.500000,89.080000,445.400000,4454,435,96,22.100000;85.600000;155.900000;93.100000;88.700000,0.475734,8811bf5b22ad,n42->n6;n7->n50;n18->n10;n47->n46;n6->n11,0.219881,0.311310
202,8,6,5,10.000000,1000,50,0.100000,10,0.050000,1000.000000,0.001000,1,real_time_memory_aware,0.500000,0.500000,89.240000,446.200000,4462,344,95,27.300000;98.400000;155.900000;75.000000;89.600000,0.463840,8811bf5b22ad,n42->n6;n7->n50;n18->n10;n47->n46;n6->n11,0.330499,0.330499
303,8,6,5,10.000000,1000,50,0.100000,10,0.050000,1000.000000,0.001000,1,historical_only,1.000000,0.500000,97.980000,489.900000,4899,381,78,103.300000;97.100000;64.100000;99.600000;125.800000,0.201737,9ada2f3a47de,n42->n14;n39->n1;n37->n28;n24->n31;n36->n28,0.216508,0.280000
303,8,6,5,10.000000,1000,50,0.100000,10,0.050000,1000.000000,0.001000,1,real_time_memory_aware,0.500000,0.500000,106.700000,533.500000,5335,156,80,138.000000;97.100000;69.300000;109.000000;120.100000,0.215983,9ada2f3a47de,n42->n14;n39->n1;n37->n28;n24->n31;n36->n28,0.354901,0.354901
101,8,7,5,10.000000,1000,50,0.100000,10,0.050000,1000.000000,0.001000,1,historical_only,1.000000,0.500000,103.580000,517.900000,5179,295,80,81.100000;104.800000;93.300000;82.800000;155.900000,0.265511,7e7b3091ef99,n34->n24;n7->n41;n33->n12;n45->n24;n37->n18,0.156250,0.285714
101,8,7,5,10.000000,1000,50,0.100000,10,0.050000,1000.000000,0.001000,1,real_time_memory_aware,0.500000,0.500000,119.760000,598.800000,5988,150,80,67.700000;154.800000;110.600000;109.800000;155.900000,0.275102,7e7b3091ef99,n34->n24;n7->n41;n33->n12;n45->n24;n37->n18,0.532900,0.532900
202,8,7,5,10.000000,1000,50,0.100000,10,0.050000,1000.000000,0.001000,1,historical_only,1.000000,0.500000,87.840000,439.200000,4392,348,93,23.500000;87.500000;155.900000;87.000000;85.300000,0.477031,8811bf5b22ad,n42->n6;n7->n50;n18->n10;n47->n46;n6->n11,0.235476,0.334762
202,8,7,5,10.000000,1000,50,0.100000,10,0.050000,1000.000000,0.001000,1,real_time_memory_aware,0.500000,0.500000,91.300000,456.500000,4565,281,96,27.000000;96.200000;155.900000;87.300000;90.100000,0.447573,8811bf5b22ad,n42->n6;n7->n50;n18->n10;n47->n46;n6->n11,0.292971,0.303855
303,8,7,5,10.000000,1000,50,0.100000,10,0.050000,1000.000000,0.001000,1,historical_only,1.000000,0.500000,97.720000,488.600000,4886,338,80,103.500000;97.100000;64.800000;97.600000;125.600000,0.199212,9ada2f3a47de,n42->n14;n39->n1;n37->n28;n24->n31;n36->n28,0.187865,0.249309
303,8,7,5,10.000000,1000,50,0.100000,10,0.050000,1000.000000,0.001000,1,real_time_memory_aware,0.500000,0.500000,106.900000,534.500000,5345,127,80,138.800000;97.100000;68.300000;107.900000;122.400000,0.223135,9ada2f3a47de,n42->n14;n39->n1;n37->n28;n24->n31;n36->n28,0.326531,0.326531
101,8,8,5,10.000000,1000,50,0.100000,10,0.050000,1000.000000,0.001000,1,historical_only,1.000000,0.500000,103.560000,517.800000,5178,260,80,79.100000;100.200000;93.900000;88.700000;155.900000,0.261368,7e7b3091ef99,n34->n24;n7->n41;n33->n12;n45->n24;n37->n18,0.163025,0.327731
101,8,8,5,10.000000,1000,50,0.100000,10,0.050000,1000.000000,0.001000,1,real_time_memory_aware,0.500000,0.500000,118.160000,590.800000,5908,120,80,59.300000;154.800000;110.100000;110.700000;155.900000,0.301645,7e7b3091ef99,n34->n24;n7->n41;n33->n12;n45->n24;n37->n18,0.572727,0.572727
202,8,8,5,10.000000,1000,50,0.100000,10,0.050000,1000.000000,0.001000,1,historical_only,1.000000,0.500000,89.240000,446.200000,4462,320,96,20.300000;86.700000;155.900000;93.900000;89.400000,0.481311,8811bf5b22ad,n42->n6;n7->n50;n18->n10;n47->n46;n6->n11,0.199652,0.251916
202,8,8,5,10.000000,1000,50,0.100000,10,0.050000,1000.000000,0.001000,1,real_time_memory_aware,0.500000,0.500000,90.900000,454.500000,4545,245,96,25.500000;95.000000;155.900000;87.700000;90.400000,0.454372,8811bf5b22ad,n42->n6;n7->n50;n18->n10;n47->n46;n6->n11,0.301587,0.301587
303,8,8,5,10.000000,1000,50,0.100000,10,0.050000,1000.000000,0.001000,1,historical_only,1.000000,0.500000,97.240000,486.200000,4862,312,79,102.300000;97.100000;64.600000;97.000000;125.200000,0.199029,9ada2f3a47de,n42->n14;n39->n1;n37->n28;n24->n31;n36->n28,0.214966,0.296599
303,8,8,5,10.000000,1000,50,0.100000,10,0.050000,1000.000000,0.001000,1,real_time_memory_aware,0.500000,0.500000,109.740000,548.700000,5487,101,80,153.400000;97.100000;73.300000;107.800000;117.100000,0.239426,9ada2f3a47de,n42->n14;n39->n1;n37->n28;n24->n31;n36->n28,0.350510,0.350510
101,8,9,5,10.000000,1000,50,0.100000,10,0.050000,1000.000000,0.001000,1,historical_only,1.000000,0.500000,103.400000,517.000000,5170,222,80,78.200000;100.800000;95.800000;86.300000;155.900000,0.264793,7e7b3091ef99,n34->n24;n7->n41;n33->n12;n45->n24;n37->n18,0.138095,0.303274
101,8,9,5,10.000000,1000,50,0.100000,10,0.050000,1000.000000,0.001000,1,real_time_memory_aware,0.500000,0.500000,117.340000,586.700000,5867,110,80,62.400000;154.600000;108.600000;105.200000;155.900000,0.298092,7e7b3091ef99,n34->n24;n7->n41;n33->n12;n45->n24;n37->n18,0.558874,0.558874
202,8,9,5,10.000000,1000,50,0.100000,10,0.050000,1000.000000,0.001000,1,historical_only,1.000000,0.500000,85.700000,428.500000,4285,278,95,20.500000;84.100000;155.900000;84.200000;83.800000,0.500188,8811bf5b22ad,n42->n6;n7->n50;n18->n10;n47->n46;n6->n11,0.263044,0.336304
202,8,9,5,10.000000,1000,50,0.100000,10,0.050000,1000.000000,0.001000,1,real_time_memory_aware,0.500000,0.500000,89.940000,449.700000,4497,226,96,22.500000;94.300000;155.900000;87.500000;89.500000,0.469724,8811bf5b22ad,n42->n6;n7->n50;n18->n10;n47->n46;n6->n11,0.252494,0.252494
303,8,9,5,10.000000,1000,50,0.100000,10,0.050000,1000.000000,0.001000,1,historical_only,1.000000,0.500000,96.640000,483.200000,4832,283,80,99.100000;97.100000;63.100000;97.100000;126.800000,0.209066,9ada2f3a47de,n42->n14;n39->n1;n37->n28;n24->n31;n36->n28,0.193190,0.280436
303,8,9,5,10.000000,1000,50,0.100000,10,0.050000,1000.000000,0.001000,1,real_time_memory_aware,0.500000,0.500000,106.400000,532.000000,5320,72,80,138.100000;97.100000;65.600000;106.700000;124.500000,0.233405,9ada2f3a47de,n42->n14;n39->n1;n37->n28;n24->n31;n36->n28,0.309014,0.309014
101,8,10,5,10.000000,1000,50,0.100000,10,0.050000,1000.000000,0.001000,1,historical_only,1.000000,0.500000,103.220000,516.100000,5161,215,80,81.000000;99.300000;93.900000;86.000000;155.900000,0.262389,7e7b3091ef99,n34->n24;n7->n41;n33->n12;n45->n24;n37->n18,0.107292,0.284375
101,8,10,5,10.000000,1000,50,0.100000,10,0.050000,1000.000000,0.001000,1,real_time_memory_aware,0.500000,0.500000,117.240000,586.200000,5862,106,79,61.600000;154.600000;106.700000;107.400000;155.900000,0.300212,7e7b3091ef99,n34->n24;n7->n41;n33->n12;n45->n24;n37->n18,0.563420,0.563420
202,8,10,5,10.000000,1000,50,0.100000,10,0.050000,1000.000000,0.001000,1,historical_only,1.000000,0.500000,85.920000,429.600000,4296,217,96,24.200000;84.900000;155.900000;79.600000;85.000000,0.486838,8811bf5b22ad,n42->n6;n7->n50;n18->n10;n47->n46;n6->n11,0.214571,0.307041
202,8,10,5,10.000000,1000,50,0.100000,10,0.050000,1000.000000,0.001000,1,real_time_memory_aware,0.500000,0.500000,89.880000,449.400000,4494,218,94,19.500000;95.300000;155.900000;88.200000;90.500000,0.480985,8811bf5b22ad,n42->n6;n7->n50;n18->n10;n47->n46;n6->n11,0.303288,0.303288
303,8,10,5,10.000000,1000,50,0.100000,10,0.050000,1000.000000,0.001000,1,historical_only,1.000000,0.500000,97.560000,487.800000,4878,211,80,103.300000;97.100000;63.000000;97.400000;127.000000,0.209779,9ada2f3a47de,n42->n14;n39->n1;n37->n28;n24->n31;n36->n28,0.157655,0.239580
303,8,10,5,10.000000,1000,50,0.100000,10,0.050000,1000.000000,0.001000,1,real_time_memory_aware,0.500000,0.500000,106.780000,533.900000,5339,70,80,140.600000;97.100000;66.400000;105.100000;124.700000,0.236622,9ada2f3a47de,n42->n14;n39->n1;n37->n28;n24->n31;n36->n28,0.287585,0.287585
101,9,1,5,10.000000,1000,50,0.100000,10,0.050000,1000.000000,0.001000,1,historical_only,1.000000,0.500000,93.300000,466.500000,4665,8499,82,97.100000;83.000000;97.100000;14.000000;175.300000,0.549610,7e7b3091ef99,n34->n24;n7->n41;n33->n12;n45->n24;n37->n18,0.466667,0.466667
101,9,1,5,10.000000,1000,50,0.100000,10,0.050000,1000.000000,0.001000,1,real_time_memory_aware,0.500000,0.500000,93.300000,466.500000,4665,8499,82,97.100000;83.000000;97.100000;14.000000;175.300000,0.549610,7e7b3091ef99,n34->n24;n7->n41;n33->n12;n45->n24;n37->n18,0.466667,0.466667
202,9,1,5,10.000000,1000,50,0.100000,10,0.050000,1000.000000,0.001000,1,historical_only,1.000000,0.500000,79.800000,399.000000,3990,10430,100,4.700000;94.600000;175.300000;32.500000;91.900000,0.738456,8811bf5b22ad,n42->n6;n7->n50;n18->n10;n47->n46;n6->n11,0.436508,0.436508
202,9,1,5,10.000000,1000,50,0.100000,10,0.050000,1000.000000,0.001000,1,real_time_memory_aware,0.500000,0.500000,79.800000,399.000000,3990,10430,100,4.700000;94.600000;175.300000;32.500000;91.900000,0.738456,8811bf5b22ad,n42->n6;n7->n50;n18->n10;n47->n46;n6->n11,0.436508,0.436508
303,9,1,5,10.000000,1000,50,0.100000,10,0.050000,1000.000000,0.001000,1,historical_only,1.000000,0.500000,95.400000,477.000000,4770,7189,85,91.800000;97.100000;36.700000;97.100000;154.300000,0.390344,9ada2f3a47de,n42->n14;n39->n1;n37->n28;n24->n31;n36->n28,0.407143,0.407143
303,9,1,5,10.000000,1000,50,0.100000,10,0.050000,1000.000000,0.001000,1,real_time_memory_aware,0.500000,0.500000,95.400000,477.000000,4770,7189,85,91.800000;97.100000;36.700000;97.100000;154.300000,0.390344,9ada2f3a47de,n42->n14;n39->n1;n37->n28;n24->n31;n36->n28,0.407143,0.407143
101,9,2,5,10.000000,1000,50,0.100000,10,0.050000,1000.000000,0.001000,1,historical_only,1.000000,0.500000,111.580000,557.900000,5579,1606,87,80.000000;107.800000;109.100000;85.700000;175.300000,0.303863,7e7b3091ef99,n34->n24;n7->n41;n33->n12;n45->n24;n37->n18,0.207644,0.363033
101,9,2,5,10.000000,1000,50,0.100000,10,0.050000,1000.000000,0.001000,1,real_time_memory_aware,0.500000,0.500000,128.080000,640.400000,6404,1092,90,67.500000;161.300000;131.000000;105.300000;175.300000,0.303006,7e7b3091ef99,n34->n24;n7->n41;n33->n12;n45->n24;n37->n18,0.485034,0.485034
202,9,2,5,10.000000,1000,50,0.100000,10,0.050000,1000.000000,0.001000,1,historical_only,1.000000,0.500000,96.800000,484.000000,4840,2278,103,43.000000;87.500000;175.300000;88.700000;89.500000,0.444625,8811bf5b22ad,n42->n6;n7->n50;n18->n10;n47->n46;n6->n11,0.236607,0.326290
202,9,2,5,10.000000,1000,50,0.100000,10,0.050000,1000.000000,0.001000,1,real_time_memory_aware,0.500000,0.500000,103.940000,519.700000,5197,1816,105,45.300000;107.100000;175.300000;100.500000;91.500000,0.401493,8811bf5b22ad,n42->n6;n7->n50;n18->n10;n47->n46;n6->n11,0.412403,0.412403
303,9,2,5,10.000000,1000,50,0.100000,10,0.050000,1000.000000,0.001000,1,historical_only,1.000000,0.500000,102.240000,511.200000,5112,1280,89,122.000000;85.200000;46.200000;114.600000;143.200000,0.328842,9ada2f3a47de,n42->n14;n39->n1;n37->n28;n24->n31;n36->n28,0.219925,0.294612
303,9,2,5,10.000000,1000,50,0.100000,10,0.050000,1000.000000,0.001000,1,real_time_memory_aware,0.500000,0.500000,110.260000,551.300000,5513,866,88,141.300000;90.600000;46.400000;129.300000;143.700000,0.337132,9ada2f3a47de,n42->n14;n39->n1;n37->n28;n24->n31;n36->n28,0.371679,0.371679
101,9,3,5,10.000000,1000,50,0.100000,10,0.050000,1000.000000,0.001000,1,historical_only,1.000000,0.500000,115.220000,576.100000,5761,849,90,73.400000;118.800000;112.500000;96.100000;175.300000,0.294175,7e7b3091ef99,n34->n24;n7->n41;n33->n12;n45->n24;n37->n18,0.208844,0.305170
101,9,3,5,10.000000,1000,50,0.100000,10,0.050000,1000.000000,0.001000,1,real_time_memory_aware,0.500000,0.500000,128.680000,643.400000,6434,608,89,68.800000;165.700000;127.100000;106.500000;175.300000,0.303455,7e7b3091ef99,n34->n24;n7->n41;n33->n12;n45->n24;n37->n18,0.537143,0.537143
202,9,3,5,10.000000,1000,50,0.100000,10,0.050000,1000.000000,0.001000,1,historical_only,1.000000,0.500000,95.960000,479.800000,4798,1334,107,30.300000;88.700000;175.300000;95.900000;89.600000,0.482060,8811bf5b22ad,n42->n6;n7->n50;n18->n10;n47->n46;n6->n11,0.203693,0.290962
202,9,3,5,10.000000,1000,50,0.100000,10,0.050000,1000.000000,0.001000,1,real_time_memory_aware,0.500000,0.500000,100.280000,501.400000,5014,1087,107,31.100000;107.100000;175.300000;97.100000;90.800000,0.458290,8811bf5b22ad,n42->n6;n7->n50;n18->n10;n47->n46;n6->n11,0.380509,0.380509
303,9,3,5,10.000000,1000,50,0.100000,10,0.050000,1000.000000,0.001000,1,historical_only,1.000000,0.500000,100.560000,502.800000,5028,704,88,116.300000;87.700000;53.400000;109.600000;135.800000,0.279885,9ada2f3a47de,n42->n14;n39->n1;n37->n28;n24->n31;n36->n28,0.191646,0.274269
303,9,3,5,10.000000,1000,50,0.100000,10,0.050000,1000.000000,0.001000,1,real_time_memory_aware,0.500000,0.500000,112.720000,563.600000,5636,500,89,155.700000;92.600000;57.100000;125.300000;132.900000,0.305036,9ada2f3a47de,n42->n14;n39->n1;n37->n28;n24->n31;n36->n28,0.321001,0.321001
101,9,4,5,10.000000,1000,50,0.100000,10,0.050000,1000.000000,0.001000,1,historical_only,1.000000,0.500000,109.620000,548.100000,5481,728,90,76.200000;105.300000;102.300000;89.000000;175.300000,0.314113,7e7b3091ef99,n34->n24;n7->n41;n33->n12;n45->n24;n37->n18,0.203782,0.325070
101,9,4,5,10.000000,1000,50,0.100000,10,0.050000,1000.000000,0.001000,1,real_time_memory_aware,0.500000,0.500000,127.540000,637.700000,6377,379,90,63.900000;164.600000;124.600000;109.300000;175.300000,0.314525,7e7b3091ef99,n34->n24;n7->n41;n33->n12;n45->n24;n37->n18,0.510516,0.510516
202,9,4,5,10.000000,1000,50,0.100000,10,0.050000,1000.000000,0.001000,1,historical_only,1.000000,0.500000,96.940000,484.700000,4847,874,108,22.200000;95.000000;175.300000;103.900000;88.300000,0.502262,8811bf5b22ad,n42->n6;n7->n50;n18->n10;n47->n46;n6->n11,0.218950,0.355588
202,9,4,5,10.000000,1000,50,0.100000,10,0.050000,1000.000000,0.001000,1,real_time_memory_aware,0.500000,0.500000,98.400000,492.000000,4920,793,108,25.300000;108.900000;175.300000;93.000000;89.500000,0.486869,8811bf5b22ad,n42->n6;n7->n50;n18->n10;n47->n46;n6->n11,0.367442,0.367442
303,9,4,5,10.000000,1000,50,0.100000,10,0.050000,1000.000000,0.001000,1,historical_only,1.000000,0.500000,100.900000,504.500000,5045,670,89,113.200000;97.100000;57.400000;104.700000;132.100000,0.244613,9ada2f3a47de,n42->n14;n39->n1;n37->n28;n24->n31;n36->n28,0.258333,0.311243
303,9,4,5,10.000000,1000,50,0.100000,10,0.050000,1000.000000,0.001000,1,real_time_memory_aware,0.500000,0.500000,110.620000,553.100000,5531,457,88,144.400000;97.100000;57.500000;121.700000;132.400000,0.278417,9ada2f3a47de,n42->n14;n39->n1;n37->n28;n24->n31;n36->n28,0.280112,0.280112
101,9,5,5,10.000000,1000,50,0.100000,10,0.050000,1000.000000,0.001000,1,historical_only,1.000000,0.500000,109.020000,545.100000,5451,568,90,79.700000;106.200000;102.600000;81.300000;175.300000,0.319604,7e7b3091ef99,n34->n24;n7->n41;n33->n12;n45->n24;n37->n18,0.229972,0.408403
101,9,5,5,10.000000,1000,50,0.100000,10,0.050000,1000.000000,0.001000,1,real_time_memory_aware,0.500000,0.500000,126.460000,632.300000,6323,298,90,63.700000;162.300000;118.300000;112.700000;175.300000,0.313617,7e7b3091ef99,n34->n24;n7->n41;n33->n12;n45->n24;n37->n18,0.470238,0.475794
202,9,5,5,10.000000,1000,50,0.100000,10,0.050000,1000.000000,0.001000,1,historical_only,1.000000,0.500000,97.500000,487.500000,4875,608,106,29.900000;93.900000;175.300000;98.800000;89.600000,0.474455,8811bf5b22ad,n42->n6;n7->n50;n18->n10;n47->n46;n6->n11,0.156475,0.278022
202,9,5,5,10.000000,1000,50,0.100000,10,0.050000,1000.000000,0.001000,1,real_time_memory_aware,0.500000,0.500000,96.660000,483.300000,4833,574,104,26.200000;106.100000;175.300000;85.000000;90.700000,0.494198,8811bf5b22ad,n42->n6;n7->n50;n18->n10;n47->n46;n6->n11,0.321429,0.321429
303,9,5,5,10.000000,1000,50,0.100000,10,0.050000,1000.000000,0.001000,1,historical_only,1.000000,0.500000,100.980000,504.900000,5049,460,88,114.100000;97.100000;62.800000;104.000000;126.900000,0.213586,9ada2f3a47de,n42->n14;n39->n1;n37->n28;n24->n31;n36->n28,0.263673,0.318095
303,9,5,5,10.000000,1000,50,0.100000,10,0.050000,1000.000000,0.001000,1,real_time_memory_aware,0.500000,0.500000,109.900000,549.500000,5495,309,90,143.300000;97.100000;62.400000;118.600000;128.100000,0.255510,9ada2f3a47de,n42->n14;n39->n1;n37->n28;n24->n31;n36->n28,0.287244,0.292323
101,9,6,5,10.000000,1000,50,0.100000,10,0.050000,1000.000000,0.001000,1,historical_only,1.000000,0.500000,110.180000,550.900000,5509,463,89,77.100000;111.300000;101.300000;85.900000;175.300000,0.314522,7e7b3091ef99,n34->n24;n7->n41;n33->n12;n45->n24;n37->n18,0.186275,0.352661
101,9,6,5,10.000000,1000,50,0.100000,10,0.050000,1000.000000,0.001000,1,real_time_memory_aware,0.500000,0.500000,125.900000,629.500000,6295,240,89,62.900000;164.400000;116.700000;110.200000;175.300000,0.322105,7e7b3091ef99,n34->n24;n7->n41;n33->n12;n45->n24;n37->n18,0.524845,0.524845
202,9,6,5,10.000000,1000,50,0.100000,10,0.050000,1000.000000,0.001000,1,historical_only,1.000000,0.500000,95.020000,475.100000,4751,529,107,24.200000;83.300000;175.300000;102.900000;89.400000,0.508901,8811bf5b22ad,n42->n6;n7->n50;n18->n10;n47->n46;n6->n11,0.158991,0.272016
202,9,6,5,10.000000,1000,50,0.100000,10,0.050000,1000.000000,0.001000,1,real_time_memory_aware,0.500000,0.500000,96.900000,484.500000,4845,420,108,27.500000;103.500000;175.300000;89.300000;88.900000,0.486860,8811bf5b22ad,n42->n6;n7->n50;n18->n10;n47->n46;n6->n11,0.369013,0.369013
303,9,6,5,10.000000,1000,50,0.100000,10,0.050000,1000.000000,0.001000,1,historical_only,1.000000,0.500000,100.160000,500.800000,5008,429,87,112.400000;97.100000;62.600000;100.700000;128.000000,0.216232,9ada2f3a47de,n42->n14;n39->n1;n37->n28;n24->n31;n36->n28,0.158639,0.229388
303,9,6,5,10.000000,1000,50,0.100000,10,0.050000,1000.000000,0.001000,1,real_time_memory_aware,0.500000,0.500000,110.380000,551.900000,5519,211,90,147.800000;97.100000;64.200000;116.000000;126.800000,0.256578,9ada2f3a47de,n42->n14;n39->n1;n37->n28;n24->n31;n36->n28,0.341052,0.341052
101,9,7,5,10.000000,1000,50,0.100000,10,0.050000,1000.000000,0.001000,1,historical_only,1.000000,0.500000,110.040000,550.200000,5502,316,90,78.400000;105.400000;100.300000;90.800000;175.300000,0.308083,7e7b3091ef99,n34->n24;n7->n41;n33->n12;n45->n24;n37->n18,0.122689,0.302241
101,9,7,5,10.000000,1000,50,0.100000,10,0.050000,1000.000000,0.001000,1,real_time_memory_aware,0.500000,0.500000,123.840000,619.200000,6192,203,89,58.700000;164.700000;111.000000;109.500000;175.300000,0.341282,7e7b3091ef99,n34->n24;n7->n41;n33->n12;n45->n24;n37->n18,0.500000,0.500000
202,9,7,5,10.000000,1000,50,0.100000,10,0.050000,1000.000000,0.001000,1,historical_only,1.000000,0.500000,93.860000,469.300000,4693,376,106,24.800000;82.500000;175.300000;97.500000;89.200000,0.512415,8811bf5b22ad,n42->n6;n7->n50;n18->n10;n47->n46;n6->n11,0.170653,0.305316
202,9,7,5,10.000000,1000,50,0.100000,10,0.050000,1000.000000,0.001000,1,real_time_memory_aware,0.500000,0.500000,97.180000,485.900000,4859,329,105,26.300000;101.400000;175.300000;93.300000;89.600000,0.487390,8811bf5b22ad,n42->n6;n7->n50;n18->n10;n47->n46;n6->n11,0.328458,0.328458
303,9,7,5,10.000000,1000,50,0.100000,10,0.050000,1000.000000,0.001000,1,historical_only,1.000000,0.500000,100.320000,501.600000,5016,311,89,111.300000;97.100000;63.700000;102.700000;126.800000,0.208083,9ada2f3a47de,n42->n14;n39->n1;n37->n28;n24->n31;n36->n28,0.262325,0.370728
303,9,7,5,10.000000,1000,50,0.100000,10,0.050000,1000.000000,0.001000,1,real_time_memory_aware,0.500000,0.500000,109.080000,545.400000,5454,168,89,144.500000;97.100000;69.300000;112.600000;121.900000,0.230371,9ada2f3a47de,n42->n14;n39->n1;n37->n28;n24->n31;n36->n28,0.320887,0.320887
101,9,8,5,10.000000,1000,50,0.100000,10,0.050000,1000.000000,0.001000,1,historical_only,1.000000,0.500000,107.200000,536.000000,5360,277,89,75.500000;98.300000;96.300000;90.600000;175.300000,0.326255,7e7b3091ef99,n34->n24;n7->n41;n33->n12;n45->n24;n37->n18,0.122967,0.292801
101,9,8,5,10.000000,1000,50,0.100000,10,0.050000,1000.000000,0.001000,1,real_time_memory_aware,0.500000,0.500000,124.480000,622.400000,6224,170,90,61.400000;164.000000;112.000000;109.700000;175.300000,0.331183,7e7b3091ef99,n34->n24;n7->n41;n33->n12;n45->n24;n37->n18,0.452778,0.452778
202,9,8,5,10.000000,1000,50,0.100000,10,0.050000,1000.000000,0.001000,1,historical_only,1.000000,0.500000,95.380000,476.900000,4769,303,108,26.400000;92.100000;175.300000;92.400000;90.700000,0.495923,8811bf5b22ad,n42->n6;n7->n50;n18->n10;n47->n46;n6->n11,0.243521,0.385876
202,9,8,5,10.000000,1000,50,0.100000,10,0.050000,1000.000000,0.001000,1,real_time_memory_aware,0.500000,0.500000,94.680000,473.400000,4734,313,107,25.700000;100.800000;175.300000;81.200000;90.400000,0.506427,8811bf5b22ad,n42->n6;n7->n50;n18->n10;n47->n46;n6->n11,0.361905,0.361905
303,9,8,5,10.000000,1000,50,0.100000,10,0.050000,1000.000000,0.001000,1,historical_only,1.000000,0.500000,99.680000,498.400000,4984,277,90,110.100000;97.100000;61.400000;101.200000;128.600000,0.220673,9ada2f3a47de,n42->n14;n39->n1;n37->n28;n24->n31;n36->n28,0.221497,0.291973
303,9,8,5,10.000000,1000,50,0.100000,10,0.050000,1000.000000,0.001000,1,real_time_memory_aware,0.500000,0.500000,109.360000,546.800000,5468,122,90,146.300000;97.100000;68.800000;112.000000;122.600000,0.236416,9ada2f3a47de,n42->n14;n39->n1;n37->n28;n24->n31;n36->n28,0.305272,0.305272
101,9,9,5,10.000000,1000,50,0.100000,10,0.050000,1000.000000,0.001000,1,historical_only,1.000000,0.500000,109.760000,548.800000,5488,243,90,83.100000;103.200000;102.300000;84.900000;175.300000,0.308234,7e7b3091ef99,n34->n24;n7->n41;n33->n12;n45->n24;n37->n18,0.148880,0.326751
101,9,9,5,10.000000,1000,50,0.100000,10,0.050000,1000.000000,0.001000,1,real_time_memory_aware,0.500000,0.500000,123.620000,618.100000,6181,148,88,57.400000;166.700000;108.400000;110.300000;175.300000,0.349264,7e7b3091ef99,n34->n24;n7->n41;n33->n12;n45->n24;n37->n18,0.495238,0.495238
202,9,9,5,10.000000,1000,50,0.100000,10,0.050000,1000.000000,0.001000,1,historical_only,1.000000,0.500000,93.740000,468.700000,4687,291,108,28.000000;89.500000;175.300000;87.200000;88.700000,0.501726,8811bf5b22ad,n42->n6;n7->n50;n18->n10;n47->n46;n6->n11,0.200752,0.339098
202,9,9,5,10.000000,1000,50,0.100000,10,0.050000,1000.000000,0.001000,1,real_time_memory_aware,0.500000,0.500000,94.420000,472.100000,4721,254,108,23.200000;98.600000;175.300000;84.700000;90.300000,0.513259,8811bf5b22ad,n42->n6;n7->n50;n18->n10;n47->n46;n6->n11,0.339796,0.339796
303,9,9,5,10.000000,1000,50,0.100000,10,0.050000,1000.000000,0.001000,1,historical_only,1.000000,0.500000,99.240000,496.200000,4962,226,90,106.500000;97.100000;64.400000;101.900000;126.300000,0.202057,9ada2f3a47de,n42->n14;n39->n1;n37->n28;n24->n31;n36->n28,0.245387,0.364435
303,9,9,5,10.000000,1000,50,0.100000,10,0.050000,1000.000000,0.001000,1,real_time_memory_aware,0.500000,0.500000,108.540000,542.700000,5427,100,90,144.000000;97.100000;65.900000;110.100000;125.600000,0.243756,9ada2f3a47de,n42->n14;n39->n1;n37->n28;n24->n31;n36->n28,0.309864,0.309864
101,9,10,5,10.000000,1000,50,0.100000,10,0.050000,1000.000000,0.001000,1,historical_only,1.000000,0.500000,108.700000,543.500000,5435,272,90,82.300000;101.900000;99.800000;84.200000;175.300000,0.314897,7e7b3091ef99,n34->n24;n7->n41;n33->n12;n45->n24;n37->n18,0.123363,0.300149
101,9,10,5,10.000000,1000,50,0.100000,10,0.050000,1000.000000,0.001000,1,real_time_memory_aware,0.500000,0.500000,123.220000,616.100000,6161,135,90,57.600000;165.800000;105.800000;111.600000;175.300000,0.349438,7e7b3091ef99,n34->n24;n7->n41;n33->n12;n45->n24;n37->n18,0.491342,0.491342
202,9,10,5,10.000000,1000,50,0.100000,10,0.050000,1000.000000,0.001000,1,historical_only,1.000000,0.500000,92.660000,463.300000,4633,257,108,22.600000;83.900000;175.300000;92.100000;89.400000,0.524846,8811bf5b22ad,n42->n6;n7->n50;n18->n10;n47->n46;n6->n11,0.240868,0.302773
202,9,10,5,10.000000,1000,50,0.100000,10,0.050000,1000.000000,0.001000,1,real_time_memory_aware,0.500000,0.500000,94.580000,472.900000,4729,228,107,24.700000;98.800000;175.300000;82.000000;92.100000,0.508852,8811bf5b22ad,n42->n6;n7->n50;n18->n10;n47->n46;n6->n11,0.265586,0.265586
303,9,10,5,10.000000,1000,50,0.100000,10,0.050000,1000.000000,0.001000,1,historical_only,1.000000,0.500000,98.820000,494.100000,4941,189,89,105.300000;97.100000;60.700000;101.800000;129.200000,0.223082,9ada2f3a47de,n42->n14;n39->n1;n37->n28;n24->n31;n36->n28,0.161224,0.226531
303,9,10,5,10.000000,1000,50,0.100000,10,0.050000,1000.000000,0.001000,1,real_time_memory_aware,0.500000,0.500000,108.440000,542.200000,5422,92,90,146.100000;97.100000;68.300000;107.900000;122.800000,0.239217,9ada2f3a47de,n42->n14;n39->n1;n37->n28;n24->n31;n36->n28,0.326120,0.326120
101,10,1,5,10.000000,1000,50,0.100000,10,0.050000,1000.000000,0.001000,1,historical_only,1.000000,0.500000,97.180000,485.900000,4859,10141,95,97.100000;83.900000;97.100000;13.100000;194.700000,0.595694,7e7b3091ef99,n34->n24;n7->n41;n33->n12;n45->n24;n37->n18,0.409048,0.409048
101,10,1,5,10.000000,1000,50,0.100000,10,0.050000,1000.000000,0.001000,1,real_time_memory_aware,0.500000,0.500000,97.180000,485.900000,4859,10141,95,97.100000;83.900000;97.100000;13.100000;194.700000,0.595694,7e7b3091ef99,n34->n24;n7->n41;n33->n12;n45->n24;n37->n18,0.409048,0.409048
202,10,1,5,10.000000,1000,50,0.100000,10,0.050000,1000.000000,0.001000,1,historical_only,1.000000,0.500000,83.980000,419.900000,4199,12713,120,2.800000;95.800000;194.700000;34.700000;91.900000,0.780471,8811bf5b22ad,n42->n6;n7->n50;n18->n10;n47->n46;n6->n11,0.395238,0.395238
202,10,1,5,10.000000,1000,50,0.100000,10,0.050000,1000.000000,0.001000,1,real_time_memory_aware,0.500000,0.500000,83.980000,419.900000,4199,12713,120,2.800000;95.800000;194.700000;34.700000;91.900000,0.780471,8811bf5b22ad,n42->n6;n7->n50;n18->n10;n47->n46;n6->n11,0.395238,0.395238
303,10,1,5,10.000000,1000,50,0.100000,10,0.050000,1000.000000,0.001000,1,historical_only,1.000000,0.500000,95.860000,479.300000,4793,9211,94,93.300000;97.100000;37.900000;97.100000;153.900000,0.382940,9ada2f3a47de,n42->n14;n39->n1;n37->n28;n24->n31;n36->n28,0.536667,0.536667
303,10,1,5,10.000000,1000,50,0.100000,10,0.050000,1000.000000,0.001000,1,real_time_memory_aware,0.500000,0.500000,95.860000,479.300000,4793,9211,94,93.300000;97.100000;37.900000;97.100000;153.900000,0.382940,9ada2f3a47de,n42->n14;n39->n1;n37->n28;n24->n31;n36->n28,0.536667,0.536667
101,10,2,5,10.000000,1000,50,0.100000,10,0.050000,1000.000000,0.001000,1,historical_only,1.000000,0.500000,120.960000,604.800000,6048,1965,96,74.500000;123.200000;121.100000;91.300000;194.700000,0.340481,7e7b3091ef99,n34->n24;n7->n41;n33->n12;n45->n24;n37->n18,0.184626,0.320952
101,10,2,5,10.000000,1000,50,0.100000,10,0.050000,1000.000000,0.001000,1,real_time_memory_aware,0.500000,0.500000,133.480000,667.400000,6674,1476,99,69.100000;168.600000;132.900000;102.100000;194.700000,0.336898,7e7b3091ef99,n34->n24;n7->n41;n33->n12;n45->n24;n37->n18,0.509841,0.509841
202,10,2,5,10.000000,1000,50,0.100000,10,0.050000,1000.000000,0.001000,1,historical_only,1.000000,0.500000,102.420000,512.100000,5121,2883,111,40.600000;88.300000;194.700000;96.700000;91.800000,0.491731,8811bf5b22ad,n42->n6;n7->n50;n18->n10;n47->n46;n6->n11,0.268222,0.353353
202,10,2,5,10.000000,1000,50,0.100000,10,0.050000,1000.000000,0.001000,1,real_time_memory_aware,0.500000,0.500000,109.800000,549.000000,5490,2333,119,50.600000;109.900000;194.700000;101.600000;92.200000,0.428916,8811bf5b22ad,n42->n6;n7->n50;n18->n10;n47->n46;n6->n11,0.453156,0.453156
303,10,2,5,10.000000,1000,50,0.100000,10,0.050000,1000.000000,0.001000,1,historical_only,1.000000,0.500000,105.760000,528.800000,5288,1786,96,127.900000;88.500000;29.500000;121.000000;161.900000,0.422595,9ada2f3a47de,n42->n14;n39->n1;n37->n28;n24->n31;n36->n28,0.199399,0.315401
303,10,2,5,10.000000,1000,50,0.100000,10,0.050000,1000.000000,0.001000,1,real_time_memory_aware,0.500000,0.500000,112.420000,562.100000,5621,1208,99,144.700000;91.400000;40.900000;134.600000;150.500000,0.367642,9ada2f3a47de,n42->n14;n39->n1;n37->n28;n24->n31;n36->n28,0.394862,0.394862
101,10,3,5,10.000000,1000,50,0.100000,10,0.050000,1000.000000,0.001000,1,historical_only,1.000000,0.500000,118.080000,590.400000,5904,1071,94,70.700000;117.500000;111.800000;95.700000;194.700000,0.352371,7e7b3091ef99,n34->n24;n7->n41;n33->n12;n45->n24;n37->n18,0.301984,0.423677
101,10,3,5,10.000000,1000,50,0.100000,10,0.050000,1000.000000,0.001000,1,real_time_memory_aware,0.500000,0.500000,134.780000,673.900000,6739,820,99,68.700000;171.200000;131.400000;107.900000;194.700000,0.332098,7e7b3091ef99,n34->n24;n7->n41;n33->n12;n45->n24;n37->n18,0.504563,0.504563
202,10,3,5,10.000000,1000,50,0.100000,10,0.050000,1000.000000,0.001000,1,historical_only,1.000000,0.500000,101.880000,509.400000,5094,1473,117,42.300000;93.600000;194.700000;88.800000;90.000000,0.491678,8811bf5b22ad,n42->n6;n7->n50;n18->n10;n47->n46;n6->n11,0.249077,0.384742
202,10,3,5,10.000000,1000,50,0.100000,10,0.050000,1000.000000,0.001000,1,real_time_memory_aware,0.500000,0.500000,107.580000,537.900000,5379,1362,119,41.300000;110.300000;194.700000;100.000000;91.600000,0.461096,8811bf5b22ad,n42->n6;n7->n50;n18->n10;n47->n46;n6->n11,0.473865,0.473865
303,10,3,5,10.000000,1000,50,0.100000,10,0.050000,1000.000000,0.001000,1,historical_only,1.000000,0.500000,105.100000,525.500000,5255,875,99,132.800000;88.300000;42.500000;112.800000;149.100000,0.355082,9ada2f3a47de,n42->n14;n39->n1;n37->n28;n24->n31;n36->n28,0.198095,0.338231
303,10,3,5,10.000000,1000,50,0.100000,10,0.050000,1000.000000,0.001000,1,real_time_memory_aware,0.500000,0.500000,113.620000,568.100000,5681,773,97,150.900000;93.600000;42.800000;132.000000;148.800000,0.360348,9ada2f3a47de,n42->n14;n39->n1;n37->n28;n24->n31;n36->n28,0.321734,0.321734
101,10,4,5,10.000000,1000,50,0.100000,10,0.050000,1000.000000,0.001000,1,historical_only,1.000000,0.500000,117.280000,586.400000,5864,793,100,70.700000;117.800000;106.700000;96.500000;194.700000,0.355827,7e7b3091ef99,n34->n24;n7->n41;n33->n12;n45->n24;n37->n18,0.178711,0.339496
101,10,4,5,10.000000,1000,50,0.100000,10,0.050000,1000.000000,0.001000,1,real_time_memory_aware,0.500000,0.500000,134.820000,674.100000,6741,524,100,66.400000;174.600000;128.100000;110.300000;194.700000,0.339834,7e7b3091ef99,n34->n24;n7->n41;n33->n12;n45->n24;n37->n18,0.501389,0.501389
202,10,4,5,10.000000,1000,50,0.100000,10,0.050000,1000.000000,0.001000,1,historical_only,1.000000,0.500000,101.400000,507.000000,5070,1039,119,31.500000;85.700000;194.700000;105.200000;89.900000,0.521548,8811bf5b22ad,n42->n6;n7->n50;n18->n10;n47->n46;n6->n11,0.130612,0.315841
202,10,4,5,10.000000,1000,50,0.100000,10,0.050000,1000.000000,0.001000,1,real_time_memory_aware,0.500000,0.500000,104.660000,523.300000,5233,999,119,26.500000;112.800000;194.700000;99.100000;90.200000,0.514937,8811bf5b22ad,n42->n6;n7->n50;n18->n10;n47->n46;n6->n11,0.412735,0.412735
303,10,4,5,10.000000,1000,50,0.100000,10,0.050000,1000.000000,0.001000,1,historical_only,1.000000,0.500000,106.040000,530.200000,5302,779,97,129.900000;97.100000;44.600000;111.600000;147.000000,0.330272,9ada2f3a47de,n42->n14;n39->n1;n37->n28;n24->n31;n36->n28,0.217725,0.279365
303,10,4,5,10.000000,1000,50,0.100000,10,0.050000,1000.000000,0.001000,1,real_time_memory_aware,0.500000,0.500000,115.160000,575.800000,5758,573,100,157.900000;94.700000;46.200000;131.400000;145.600000,0.351468,9ada2f3a47de,n42->n14;n39->n1;n37->n28;n24->n31;n36->n28,0.297143,0.297143
101,10,5,5,10.000000,1000,50,0.100000,10,0.050000,1000.000000,0.001000,1,historical_only,1.000000,0.500000,114.740000,573.700000,5737,575,98,76.300000;102.500000;112.200000;88.000000;194.700000,0.364434,7e7b3091ef99,n34->n24;n7->n41;n33->n12;n45->n24;n37->n18,0.200000,0.350204
101,10,5,5,10.000000,1000,50,0.100000,10,0.050000,1000.000000,0.001000,1,real_time_memory_aware,0.500000,0.500000,133.680000,668.400000,6684,388,97,66.600000;173.700000;123.800000;109.600000;194.700000,0.342838,7e7b3091ef99,n34->n24;n7->n41;n33->n12;n45->n24;n37->n18,0.492063,0.492063
202,10,5,5,10.000000,1000,50,0.100000,10,0.050000,1000.000000,0.001000,1,historical_only,1.000000,0.500000,101.520000,507.600000,5076,785,118,34.400000;85.900000;194.700000;102.400000;90.200000,0.512981,8811bf5b22ad,n42->n6;n7->n50;n18->n10;n47->n46;n6->n11,0.305857,0.418588
202,10,5,5,10.000000,1000,50,0.100000,10,0.050000,1000.000000,0.001000,1,real_time_memory_aware,0.500000,0.500000,102.920000,514.600000,5146,782,119,19.900000;113.200000;194.700000;95.400000;91.400000,0.542910,8811bf5b22ad,n42->n6;n7->n50;n18->n10;n47->n46;n6->n11,0.348639,0.348639
303,10,5,5,10.000000,1000,50,0.100000,10,0.050000,1000.000000,0.001000,1,historical_only,1.000000,0.500000,104.160000,520.800000,5208,573,97,122.400000;97.100000;41.600000;109.500000;150.200000,0.344674,9ada2f3a47de,n42->n14;n39->n1;n37->n28;n24->n31;n36->n28,0.118212,0.249206
303,10,5,5,10.000000,1000,50,0.100000,10,0.050000,1000.000000,0.001000,1,real_time_memory_aware,0.500000,0.500000,114.980000,574.900000,5749,435,99,159.800000;97.100000;52.200000;126.300000;139.500000,0.325400,9ada2f3a47de,n42->n14;n39->n1;n37->n28;n24->n31;n36->n28,0.297463,0.297463
101,10,6,5,10.000000,1000,50,0.100000,10,0.050000,1000.000000,0.001000,1,historical_only,1.000000,0.500000,116.960000,584.800000,5848,496,97,75.500000;112.000000;110.000000;92.600000;194.700000,0.351045,7e7b3091ef99,n34->n24;n7->n41;n33->n12;n45->n24;n37->n18,0.166667,0.305042
101,10,6,5,10.000000,1000,50,0.100000,10,0.050000,1000.000000,0.001000,1,real_time_memory_aware,0.500000,0.500000,133.180000,665.900000,6659,304,100,63.900000;175.300000;118.800000;113.200000;194.700000,0.351618,7e7b3091ef99,n34->n24;n7->n41;n33->n12;n45->n24;n37->n18,0.543064,0.543064
202,10,6,5,10.000000,1000,50,0.100000,10,0.050000,1000.000000,0.001000,1,historical_only,1.000000,0.500000,98.860000,494.300000,4943,672,118,23.400000;95.700000;194.700000;93.800000;86.700000,0.555200,8811bf5b22ad,n42->n6;n7->n50;n18->n10;n47->n46;n6->n11,0.207971,0.355797
202,10,6,5,10.000000,1000,50,0.100000,10,0.050000,1000.000000,0.001000,1,real_time_memory_aware,0.500000,0.500000,100.580000,502.900000,5029,585,118,28.600000;104.300000;194.700000;84.500000;90.800000,0.533705,8811bf5b22ad,n42->n6;n7->n50;n18->n10;n47->n46;n6->n11,0.322532,0.325552
303,10,6,5,10.000000,1000,50,0.100000,10,0.050000,1000.000000,0.001000,1,historical_only,1.000000,0.500000,103.640000,518.200000,5182,409,100,122.900000;97.100000;50.100000;106.700000;141.400000,0.296311,9ada2f3a47de,n42->n14;n39->n1;n37->n28;n24->n31;n36->n28,0.217061,0.294983
303,10,6,5,10.000000,1000,50,0.100000,10,0.050000,1000.000000,0.001000,1,real_time_memory_aware,0.500000,0.500000,113.420000,567.100000,5671,333,98,157.200000;97.100000;50.800000;121.200000;140.800000,0.327873,9ada2f3a47de,n42->n14;n39->n1;n37->n28;n24->n31;n36->n28,0.345408,0.345408
101,10,7,5,10.000000,1000,50,0.100000,10,0.050000,1000.000000,0.001000,1,historical_only,1.000000,0.500000,114.200000,571.000000,5710,366,100,76.000000;103.300000;103.900000;93.100000;194.700000,0.363363,7e7b3091ef99,n34->n24;n7->n41;n33->n12;n45->n24;n37->n18,0.185574,0.382493
101,10,7,5,10.000000,1000,50,0.100000,10,0.050000,1000.000000,0.001000,1,real_time_memory_aware,0.500000,0.500000,131.060000,655.300000,6553,250,100,62.500000;171.900000;114.000000;112.200000;194.700000,0.358942,7e7b3091ef99,n34->n24;n7->n41;n33->n12;n45->n24;n37->n18,0.510973,0.510973
202,10,7,5,10.000000,1000,50,0.100000,10,0.050000,1000.000000,0.001000,1,historical_only,1.000000,0.500000,99.920000,499.600000,4996,487,119,23.000000;89.200000;194.700000;102.700000;90.000000,0.550367,8811bf5b22ad,n42->n6;n7->n50;n18->n10;n47->n46;n6->n11,0.174542,0.329088
202,10,7,5,10.000000,1000,50,0.100000,10,0.050000,1000.000000,0.001000,1,real_time_memory_aware,0.500000,0.500000,99.680000,498.400000,4984,476,119,21.800000;105.700000;194.700000;85.300000;90.900000,0.557016,8811bf5b22ad,n42->n6;n7->n50;n18->n10;n47->n46;n6->n11,0.381859,0.381859
303,10,7,5,10.000000,1000,50,0.100000,10,0.050000,1000.000000,0.001000,1,historical_only,1.000000,0.500000,102.860000,514.300000,5143,344,99,120.500000;97.100000;48.800000;105.100000;142.800000,0.303320,9ada2f3a47de,n42->n14;n39->n1;n37->n28;n24->n31;n36->n28,0.214986,0.310224
303,10,7,5,10.000000,1000,50,0.100000,10,0.050000,1000.000000,0.001000,1,real_time_memory_aware,0.500000,0.500000,114.000000,570.000000,5700,256,99,160.600000;97.100000;50.600000;120.100000;141.600000,0.334617,9ada2f3a47de,n42->n14;n39->n1;n37->n28;n24->n31;n36->n28,0.347222,0.347222
101,10,8,5,10.000000,1000,50,0.100000,10,0.050000,1000.000000,0.001000,1,historical_only,1.000000,0.500000,114.700000,573.500000,5735,333,100,73.600000;103.500000;106.300000;95.400000;194.700000,0.362788,7e7b3091ef99,n34->n24;n7->n41;n33->n12;n45->n24;n37->n18,0.140616,0.327451
101,10,8,5,10.000000,1000,50,0.100000,10,0.050000,1000.000000,0.001000,1,real_time_memory_aware,0.500000,0.500000,130.540000,652.700000,6527,210,99,61.100000;174.000000;111.600000;111.300000;194.700000,0.368279,7e7b3091ef99,n34->n24;n7->n41;n33->n12;n45->n24;n37->n18,0.539337,0.539337
202,10,8,5,10.000000,1000,50,0.100000,10,0.050000,1000.000000,0.001000,1,historical_only,1.000000,0.500000,98.280000,491.400000,4914,469,119,29.900000;89.000000;194.700000;97.400000;80.400000,0.545654,8811bf5b22ad,n42->n6;n7->n50;n18->n10;n47->n46;n6->n11,0.173243,0.359184
202,10,8,5,10.000000,1000,50,0.100000,10,0.050000,1000.000000,0.001000,1,real_time_memory_aware,0.500000,0.500000,99.520000,497.600000,4976,391,119,19.600000;104.900000;194.700000;88.100000;90.300000,0.562895,8811bf5b22ad,n42->n6;n7->n50;n18->n10;n47->n46;n6->n11,0.341610,0.341610
303,10,8,5,10.000000,1000,50,0.100000,10,0.050000,1000.000000,0.001000,1,historical_only,1.000000,0.500000,102.020000,510.100000,5101,268,100,116.700000;97.100000;48.900000;104.800000;142.600000,0.301032,9ada2f3a47de,n42->n14;n39->n1;n37->n28;n24->n31;n36->n28,0.222449,0.289932
303,10,8,5,10.000000,1000,50,0.100000,10,0.050000,1000.000000,0.001000,1,real_time_memory_aware,0.500000,0.500000,112.940000,564.700000,5647,197,100,159.100000;97.100000;59.200000;116.700000;132.600000,0.298174,9ada2f3a47de,n42->n14;n39->n1;n37->n28;n24->n31;n36->n28,0.328741,0.328741
101,10,9,5,10.000000,1000,50,0.100000,10,0.050000,1000.000000,0.001000,1,historical_only,1.000000,0.500000,113.060000,565.300000,5653,285,100,76.500000;99.800000;103.800000;90.500000;194.700000,0.370477,7e7b3091ef99,n34->n24;n7->n41;n33->n12;n45->n24;n37->n18,0.123109,0.312185
101,10,9,5,10.000000,1000,50,0.100000,10,0.050000,1000.000000,0.001000,1,real_time_memory_aware,0.500000,0.500000,126.700000,633.500000,6335,186,100,58.400000;161.600000;105.800000;113.000000;194.700000,0.372403,7e7b3091ef99,n34->n24;n7->n41;n33->n12;n45->n24;n37->n18,0.471222,0.471222
202,10,9,5,10.000000,1000,50,0.100000,10,0.050000,1000.000000,0.001000,1,historical_only,1.000000,0.500000,96.020000,480.100000,4801,419,117,26.100000;80.900000;194.700000;97.000000;81.400000,0.571752,8811bf5b22ad,n42->n6;n7->n50;n18->n10;n47->n46;n6->n11,0.167619,0.312143
202,10,9,5,10.000000,1000,50,0.100000,10,0.050000,1000.000000,0.001000,1,real_time_memory_aware,0.500000,0.500000,101.680000,508.400000,5084,318,119,22.100000;102.800000;194.700000;97.100000;91.700000,0.540600,8811bf5b22ad,n42->n6;n7->n50;n18->n10;n47->n46;n6->n11,0.339342,0.339342
303,10,9,5,10.000000,1000,50,0.100000,10,0.050000,1000.000000,0.001000,1,historical_only,1.000000,0.500000,101.020000,505.100000,5051,241,97,112.800000;97.100000;52.700000;104.500000;138.000000,0.275349,9ada2f3a47de,n42->n14;n39->n1;n37->n28;n24->n31;n36->n28,0.205462,0.295098
303,10,9,5,10.000000,1000,50,0.100000,10,0.050000,1000.000000,0.001000,1,real_time_memory_aware,0.500000,0.500000,112.800000,564.000000,5640,156,100,160.600000;97.100000;56.900000;115.100000;134.300000,0.310250,9ada2f3a47de,n42->n14;n39->n1;n37->n28;n24->n31;n36->n28,0.317687,0.317687
101,10,10,5,10.000000,1000,50,0.100000,10,0.050000,1000.000000,0.001000,1,historical_only,1.000000,0.500000,113.420000,567.100000,5671,283,100,82.700000;105.800000;104.900000;79.000000;194.700000,0.371260,7e7b3091ef99,n34->n24;n7->n41;n33->n12;n45->n24;n37->n18,0.156548,0.339286
101,10,10,5,10.000000,1000,50,0.100000,10,0.050000,1000.000000,0.001000,1,real_time_memory_aware,0.500000,0.500000,128.540000,642.700000,6427,168,96,60.100000;169.100000;105.200000;113.600000;194.700000,0.372682,7e7b3091ef99,n34->n24;n7->n41;n33->n12;n45->n24;n37->n18,0.476786,0.476786
202,10,10,5,10.000000,1000,50,0.100000,10,0.050000,1000.000000,0.001000,1,historical_only,1.000000,0.500000,99.780000,498.900000,4989,226,120,31.800000;85.400000;194.700000;96.900000;90.100000,0.529177,8811bf5b22ad,n42->n6;n7->n50;n18->n10;n47->n46;n6->n11,0.222024,0.306310
202,10,10,5,10.000000,1000,50,0.100000,10,0.050000,1000.000000,0.001000,1,real_time_memory_aware,0.500000,0.500000,99.400000,497.000000,4970,258,120,28.500000;100.300000;194.700000;81.600000;91.900000,0.541446,8811bf5b22ad,n42->n6;n7->n50;n18->n10;n47->n46;n6->n11,0.340418,0.340418
303,10,10,5,10.000000,1000,50,0.100000,10,0.050000,1000.000000,0.001000,1,historical_only,1.000000,0.500000,101.860000,509.300000,5093,196,99,117.000000;97.100000;52.600000;103.800000;138.800000,0.279296,9ada2f3a47de,n42->n14;n39->n1;n37->n28;n24->n31;n36->n28,0.277823,0.359456
303,10,10,5,10.000000,1000,50,0.100000,10,0.050000,1000.000000,0.001000,1,real_time_memory_aware,0.500000,0.500000,112.100000,560.500000,5605,136,100,159.400000;97.100000;59.600000;112.600000;131.800000,0.298724,9ada2f3a47de,n42->n14;n39->n1;n37->n28;n24->n31;n36->n28,0.345918,0.345918
101,11,1,5,10.000000,1000,50,0.100000,10,0.050000,1000.000000,0.001000,1,historical_only,1.000000,0.500000,97.180000,485.900000,4859,11951,107,97.100000;84.100000;97.100000;12.900000;194.700000,0.596198,7e7b3091ef99,n34->n24;n7->n41;n33->n12;n45->n24;n37->n18,0.379524,0.379524
101,11,1,5,10.000000,1000,50,0.100000,10,0.050000,1000.000000,0.001000,1,real_time_memory_aware,0.500000,0.500000,97.180000,485.900000,4859,11951,107,97.100000;84.100000;97.100000;12.900000;194.700000,0.596198,7e7b3091ef99,n34->n24;n7->n41;n33->n12;n45->n24;n37->n18,0.379524,0.379524
202,11,1,5,10.000000,1000,50,0.100000,10,0.050000,1000.000000,0.001000,1,historical_only,1.000000,0.500000,86.980000,434.900000,4349,14728,130,0.900000;96.700000;194.700000;51.800000;90.800000,0.733644,8811bf5b22ad,n42->n6;n7->n50;n18->n10;n47->n46;n6->n11,0.412302,0.412302
202,11,1,5,10.000000,1000,50,0.100000,10,0.050000,1000.000000,0.001000,1,real_time_memory_aware,0.500000,0.500000,86.980000,434.900000,4349,14728,130,0.900000;96.700000;194.700000;51.800000;90.800000,0.733644,8811bf5b22ad,n42->n6;n7->n50;n18->n10;n47->n46;n6->n11,0.412302,0.412302
303,11,1,5,10.000000,1000,50,0.100000,10,0.050000,1000.000000,0.001000,1,historical_only,1.000000,0.500000,95.880000,479.400000,4794,10975,105,92.700000;97.100000;17.100000;97.100000;175.400000,0.522377,9ada2f3a47de,n42->n14;n39->n1;n37->n28;n24->n31;n36->n28,0.430000,0.430000
303,11,1,5,10.000000,1000,50,0.100000,10,0.050000,1000.000000,0.001000,1,real_time_memory_aware,0.500000,0.500000,95.880000,479.400000,4794,10975,105,92.700000;97.100000;17.100000;97.100000;175.400000,0.522377,9ada2f3a47de,n42->n14;n39->n1;n37->n28;n24->n31;n36->n28,0.430000,0.430000
101,11,2,5,10.000000,1000,50,0.100000,10,0.050000,1000.000000,0.001000,1,historical_only,1.000000,0.500000,121.520000,607.600000,6076,2532,107,72.500000;118.900000;127.100000;94.400000;194.700000,0.339928,7e7b3091ef99,n34->n24;n7->n41;n33->n12;n45->n24;n37->n18,0.201224,0.362041
101,11,2,5,10.000000,1000,50,0.100000,10,0.050000,1000.000000,0.001000,1,real_time_memory_aware,0.500000,0.500000,135.240000,676.200000,6762,2016,109,70.900000;177.600000;130.900000;102.100000;194.700000,0.340242,7e7b3091ef99,n34->n24;n7->n41;n33->n12;n45->n24;n37->n18,0.439636,0.439636
202,11,2,5,10.000000,1000,50,0.100000,10,0.050000,1000.000000,0.001000,1,historical_only,1.000000,0.500000,102.200000,511.000000,5110,3580,126,39.000000;86.600000;194.700000;98.700000;92.000000,0.497198,8811bf5b22ad,n42->n6;n7->n50;n18->n10;n47->n46;n6->n11,0.209751,0.295270
202,11,2,5,10.000000,1000,50,0.100000,10,0.050000,1000.000000,0.001000,1,real_time_memory_aware,0.500000,0.500000,109.900000,549.500000,5495,3078,128,48.500000;114.300000;194.700000;100.100000;91.900000,0.434488,8811bf5b22ad,n42->n6;n7->n50;n18->n10;n47->n46;n6->n11,0.435548,0.435548
303,11,2,5,10.000000,1000,50,0.100000,10,0.050000,1000.000000,0.001000,1,historical_only,1.000000,0.500000,108.080000,540.400000,5404,2190,106,134.400000;87.600000;30.000000;126.300000;162.100000,0.423166,9ada2f3a47de,n42->n14;n39->n1;n37->n28;n24->n31;n36->n28,0.185958,0.278755
303,11,2,5,10.000000,1000,50,0.100000,10,0.050000,1000.000000,0.001000,1,real_time_memory_aware,0.500000,0.500000,114.740000,573.700000,5737,1562,106,147.200000;92.300000;36.900000;142.200000;155.100000,0.389748,9ada2f3a47de,n42->n14;n39->n1;n37->n28;n24->n31;n36->n28,0.401003,0.401003
101,11,3,5,10.000000,1000,50,0.100000,10,0.050000,1000.000000,0.001000,1,historical_only,1.000000,0.500000,120.200000,601.000000,6010,1352,108,71.400000;117.900000;119.000000;98.000000;194.700000,0.341631,7e7b3091ef99,n34->n24;n7->n41;n33->n12;n45->n24;n37->n18,0.188163,0.270612
101,11,3,5,10.000000,1000,50,0.100000,10,0.050000,1000.000000,0.001000,1,real_time_memory_aware,0.500000,0.500000,135.380000,676.900000,6769,1110,110,68.500000;175.000000;129.600000;109.100000;194.700000,0.335023,7e7b3091ef99,n34->n24;n7->n41;n33->n12;n45->n24;n37->n18,0.453263,0.453263
202,11,3,5,10.000000,1000,50,0.100000,10,0.050000,1000.000000,0.001000,1,historical_only,1.000000,0.500000,102.140000,510.700000,5107,1965,131,41.600000;82.200000;194.700000;100.100000;92.100000,0.494105,8811bf5b22ad,n42->n6;n7->n50;n18->n10;n47->n46;n6->n11,0.201073,0.355438
202,11,3,5,10.000000,1000,50,0.100000,10,0.050000,1000.000000,0.001000,1,real_time_memory_aware,0.500000,0.500000,111.000000,555.000000,5550,1679,132,46.800000;117.100000;194.700000;104.400000;92.000000,0.433353,8811bf5b22ad,n42->n6;n7->n50;n18->n10;n47->n46;n6->n11,0.435991,0.435991
303,11,3,5,10.000000,1000,50,0.100000,10,0.050000,1000.000000,0.001000,1,historical_only,1.000000,0.500000,107.400000,537.000000,5370,1113,109,135.400000;88.800000;34.200000;120.100000;158.500000,0.400712,9ada2f3a47de,n42->n14;n39->n1;n37->n28;n24->n31;n36->n28,0.237363,0.329426
303,11,3,5,10.000000,1000,50,0.100000,10,0.050000,1000.000000,0.001000,1,real_time_memory_aware,0.500000,0.500000,115.540000,577.700000,5777,935,109,151.800000;93.300000;39.300000;140.100000;153.200000,0.380100,9ada2f3a47de,n42->n14;n39->n1;n37->n28;n24->n31;n36->n28,0.309768,0.309768
101,11,4,5,10.000000,1000,50,0.100000,10,0.050000,1000.000000,0.001000,1,historical_only,1.000000,0.500000,119.860000,599.300000,5993,906,109,73.200000;118.700000;117.200000;95.500000;194.700000,0.341557,7e7b3091ef99,n34->n24;n7->n41;n33->n12;n45->n24;n37->n18,0.187343,0.359023
101,11,4,5,10.000000,1000,50,0.100000,10,0.050000,1000.000000,0.001000,1,real_time_memory_aware,0.500000,0.500000,133.800000,669.000000,6690,750,108,65.700000;171.500000;126.800000;110.300000;194.700000,0.340351,7e7b3091ef99,n34->n24;n7->n41;n33->n12;n45->n24;n37->n18,0.514484,0.514484
202,11,4,5,10.000000,1000,50,0.100000,10,0.050000,1000.000000,0.001000,1,historical_only,1.000000,0.500000,103.060000,515.300000,5153,1294,126,41.200000;91.700000;194.700000;97.100000;90.600000,0.486015,8811bf5b22ad,n42->n6;n7->n50;n18->n10;n47->n46;n6->n11,0.220682,0.393860
202,11,4,5,10.000000,1000,50,0.100000,10,0.050000,1000.000000,0.001000,1,real_time_memory_aware,0.500000,0.500000,109.900000,549.500000,5495,1144,131,47.600000;114.400000;194.700000;100.000000;92.800000,0.436059,8811bf5b22ad,n42->n6;n7->n50;n18->n10;n47->n46;n6->n11,0.404097,0.404097
303,11,4,5,10.000000,1000,50,0.100000,10,0.050000,1000.000000,0.001000,1,historical_only,1.000000,0.500000,106.160000,530.800000,5308,884,109,126.700000;97.100000;44.000000;115.000000;148.000000,0.331612,9ada2f3a47de,n42->n14;n39->n1;n37->n28;n24->n31;n36->n28,0.242453,0.323114
303,11,4,5,10.000000,1000,50,0.100000,10,0.050000,1000.000000,0.001000,1,real_time_memory_aware,0.500000,0.500000,115.920000,579.600000,5796,731,108,158.700000;94.800000;42.000000;134.100000;150.000000,0.370691,9ada2f3a47de,n42->n14;n39->n1;n37->n28;n24->n31;n36->n28,0.317949,0.317949
101,11,5,5,10.000000,1000,50,0.100000,10,0.050000,1000.000000,0.001000,1,historical_only,1.000000,0.500000,118.520000,592.600000,5926,672,110,67.900000;115.100000;113.300000;101.600000;194.700000,0.351770,7e7b3091ef99,n34->n24;n7->n41;n33->n12;n45->n24;n37->n18,0.275646,0.468027
101,11,5,5,10.000000,1000,50,0.100000,10,0.050000,1000.000000,0.001000,1,real_time_memory_aware,0.500000,0.500000,134.040000,670.200000,6702,548,110,67.600000;175.600000;123.600000;108.700000;194.700000,0.343055,7e7b3091ef99,n34->n24;n7->n41;n33->n12;n45->n24;n37->n18,0.527381,0.527381
202,11,5,5,10.000000,1000,50,0.100000,10,0.050000,1000.000000,0.001000,1,historical_only,1.000000,0.500000,103.440000,517.200000,5172,919,129,41.300000;91.300000;194.700000;99.100000;90.800000,0.483676,8811bf5b22ad,n42->n6;n7->n50;n18->n10;n47->n46;n6->n11,0.181827,0.305053
202,11,5,5,10.000000,1000,50,0.100000,10,0.050000,1000.000000,0.001000,1,real_time_memory_aware,0.500000,0.500000,105.520000,527.600000,5276,883,131,36.900000;112.400000;194.700000;92.300000;91.300000,0.484825,8811bf5b22ad,n42->n6;n7->n50;n18->n10;n47->n46;n6->n11,0.381063,0.384164
303,11,5,5,10.000000,1000,50,0.100000,10,0.050000,1000.000000,0.001000,1,historical_only,1.000000,0.500000,107.160000,535.800000,5358,568,108,130.300000;97.100000;48.300000;116.700000;143.400000,0.309657,9ada2f3a47de,n42->n14;n39->n1;n37->n28;n24->n31;n36->n28,0.301764,0.414374
303,11,5,5,10.000000,1000,50,0.100000,10,0.050000,1000.000000,0.001000,1,real_time_memory_aware,0.500000,0.500000,116.760000,583.800000,5838,553,109,165.100000;96.900000;44.200000;129.400000;148.200000,0.366267,9ada2f3a47de,n42->n14;n39->n1;n37->n28;n24->n31;n36->n28,0.302574,0.302574
101,11,6,5,10.000000,1000,50,0.100000,10,0.050000,1000.000000,0.001000,1,historical_only,1.000000,0.500000,117.100000,585.500000,5855,587,110,73.200000;109.800000;113.200000;94.600000;194.700000,0.352592,7e7b3091ef99,n34->n24;n7->n41;n33->n12;n45->n24;n37->n18,0.115686,0.291877
101,11,6,5,10.000000,1000,50,0.100000,10,0.050000,1000.000000,0.001000,1,real_time_memory_aware,0.500000,0.500000,133.480000,667.400000,6674,438,110,67.900000;176.000000;119.400000;109.400000;194.700000,0.345510,7e7b3091ef99,n34->n24;n7->n41;n33->n12;n45->n24;n37->n18,0.486905,0.486905
202,11,6,5,10.000000,1000,50,0.100000,10,0.050000,1000.000000,0.001000,1,historical_only,1.000000,0.500000,104.280000,521.400000,5214,680,130,30.300000;100.900000;194.700000;104.800000;90.700000,0.504614,8811bf5b22ad,n42->n6;n7->n50;n18->n10;n47->n46;n6->n11,0.172123,0.351488
202,11,6,5,10.000000,1000,50,0.100000,10,0.050000,1000.000000,0.001000,1,real_time_memory_aware,0.500000,0.500000,105.360000,526.800000,5268,620,131,41.700000;112.200000;194.700000;86.300000;91.900000,0.476939,8811bf5b22ad,n42->n6;n7->n50;n18->n10;n47->n46;n6->n11,0.372789,0.375283
303,11,6,5,10.000000,1000,50,0.100000,10,0.050000,1000.000000,0.001000,1,historical_only,1.000000,0.500000,105.760000,528.800000,5288,490,110,129.200000;97.100000;45.800000;110.500000;146.200000,0.324183,9ada2f3a47de,n42->n14;n39->n1;n37->n28;n24->n31;n36->n28,0.233671,0.321718
303,11,6,5,10.000000,1000,50,0.100000,10,0.050000,1000.000000,0.001000,1,real_time_memory_aware,0.500000,0.500000,116.560000,582.800000,5828,420,108,166.600000;95.700000;44.600000;128.100000;147.800000,0.368539,9ada2f3a47de,n42->n14;n39->n1;n37->n28;n24->n31;n36->n28,0.339029,0.339029
101,11,7,5,10.000000,1000,50,0.100000,10,0.050000,1000.000000,0.001000,1,historical_only,1.000000,0.500000,117.400000,587.000000,5870,468,108,76.000000;107.800000;115.700000;92.800000;194.700000,0.348910,7e7b3091ef99,n34->n24;n7->n41;n33->n12;n45->n24;n37->n18,0.118347,0.313025
101,11,7,5,10.000000,1000,50,0.100000,10,0.050000,1000.000000,0.001000,1,real_time_memory_aware,0.500000,0.500000,131.820000,659.100000,6591,345,110,65.700000;174.500000;115.000000;109.200000;194.700000,0.354879,7e7b3091ef99,n34->n24;n7->n41;n33->n12;n45->n24;n37->n18,0.537060,0.537060
202,11,7,5,10.000000,1000,50,0.100000,10,0.050000,1000.000000,0.001000,1,historical_only,1.000000,0.500000,104.860000,524.300000,5243,495,132,43.600000;89.800000;194.700000;104.000000;92.200000,0.471298,8811bf5b22ad,n42->n6;n7->n50;n18->n10;n47->n46;n6->n11,0.098016,0.269643
202,11,7,5,10.000000,1000,50,0.100000,10,0.050000,1000.000000,0.001000,1,real_time_memory_aware,0.500000,0.500000,104.760000,523.800000,5238,505,128,42.300000;104.500000;194.700000;90.400000;91.900000,0.474642,8811bf5b22ad,n42->n6;n7->n50;n18->n10;n47->n46;n6->n11,0.364966,0.364966
303,11,7,5,10.000000,1000,50,0.100000,10,0.050000,1000.000000,0.001000,1,historical_only,1.000000,0.500000,106.740000,533.700000,5337,391,110,133.400000;97.100000;49.000000;111.300000;142.900000,0.309756,9ada2f3a47de,n42->n14;n39->n1;n37->n28;n24->n31;n36->n28,0.160816,0.348844
303,11,7,5,10.000000,1000,50,0.100000,10,0.050000,1000.000000,0.001000,1,real_time_memory_aware,0.500000,0.500000,115.820000,579.100000,5791,323,108,165.500000;97.100000;59.300000;124.700000;132.500000,0.308181,9ada2f3a47de,n42->n14;n39->n1;n37->n28;n24->n31;n36->n28,0.317797,0.317797
101,11,8,5,10.000000,1000,50,0.100000,10,0.050000,1000.000000,0.001000,1,historical_only,1.000000,0.500000,116.040000,580.200000,5802,387,109,76.400000;107.000000;112.500000;89.600000;194.700000,0.356404,7e7b3091ef99,n34->n24;n7->n41;n33->n12;n45->n24;n37->n18,0.191036,0.345938
101,11,8,5,10.000000,1000,50,0.100000,10,0.050000,1000.000000,0.001000,1,real_time_memory_aware,0.500000,0.500000,131.900000,659.500000,6595,303,109,66.500000;172.700000;114.700000;110.900000;194.700000,0.349448,7e7b3091ef99,n34->n24;n7->n41;n33->n12;n45->n24;n37->n18,0.462103,0.462103
202,11,8,5,10.000000,1000,50,0.100000,10,0.050000,1000.000000,0.001000,1,historical_only,1.000000,0.500000,103.120000,515.600000,5156,383,129,43.200000;89.200000;194.700000;97.000000;91.500000,0.481828,8811bf5b22ad,n42->n6;n7->n50;n18->n10;n47->n46;n6->n11,0.067791,0.296098
202,11,8,5,10.000000,1000,50,0.100000,10,0.050000,1000.000000,0.001000,1,real_time_memory_aware,0.500000,0.500000,102.620000,513.100000,5131,429,132,38.500000;103.900000;194.700000;83.600000;92.400000,0.497990,8811bf5b22ad,n42->n6;n7->n50;n18->n10;n47->n46;n6->n11,0.362018,0.362018
303,11,8,5,10.000000,1000,50,0.100000,10,0.050000,1000.000000,0.001000,1,historical_only,1.000000,0.500000,105.020000,525.100000,5251,352,110,129.400000;97.100000;49.100000;106.800000;142.700000,0.307285,9ada2f3a47de,n42->n14;n39->n1;n37->n28;n24->n31;n36->n28,0.158862,0.295899
303,11,8,5,10.000000,1000,50,0.100000,10,0.050000,1000.000000,0.001000,1,real_time_memory_aware,0.500000,0.500000,115.260000,576.300000,5763,257,110,165.900000;97.100000;56.000000;121.600000;135.700000,0.321457,9ada2f3a47de,n42->n14;n39->n1;n37->n28;n24->n31;n36->n28,0.310268,0.310268
101,11,9,5,10.000000,1000,50,0.100000,10,0.050000,1000.000000,0.001000,1,historical_only,1.000000,0.500000,115.560000,577.800000,5778,317,109,75.100000;104.700000;110.800000;92.500000;194.700000,0.358312,7e7b3091ef99,n34->n24;n7->n41;n33->n12;n45->n24;n37->n18,0.193994,0.347919
101,11,9,5,10.000000,1000,50,0.100000,10,0.050000,1000.000000,0.001000,1,real_time_memory_aware,0.500000,0.500000,131.920000,659.600000,6596,254,109,66.300000;175.200000;110.000000;113.400000;194.700000,0.354643,7e7b3091ef99,n34->n24;n7->n41;n33->n12;n45->n24;n37->n18,0.485714,0.485714
202,11,9,5,10.000000,1000,50,0.100000,10,0.050000,1000.000000,0.001000,1,historical_only,1.000000,0.500000,101.880000,509.400000,5094,513,129,39.800000;80.100000;194.700000;108.600000;86.200000,0.504994,8811bf5b22ad,n42->n6;n7->n50;n18->n10;n47->n46;n6->n11,0.145951,0.338811
202,11,9,5,10.000000,1000,50,0.100000,10,0.050000,1000.000000,0.001000,1,real_time_memory_aware,0.500000,0.500000,103.120000,515.600000,5156,333,130,36.200000;104.500000;194.700000;88.400000;91.800000,0.498488,8811bf5b22ad,n42->n6;n7->n50;n18->n10;n47->n46;n6->n11,0.366327,0.366327
303,11,9,5,10.000000,1000,50,0.100000,10,0.050000,1000.000000,0.001000,1,historical_only,1.000000,0.500000,104.800000,524.000000,5240,277,110,126.800000;97.100000;46.600000;108.400000;145.100000,0.318410,9ada2f3a47de,n42->n14;n39->n1;n37->n28;n24->n31;n36->n28,0.283505,0.383769
303,11,9,5,10.000000,1000,50,0.100000,10,0.050000,1000.000000,0.001000,1,real_time_memory_aware,0.500000,0.500000,115.080000,575.400000,5754,211,109,166.700000;97.100000;57.200000;119.700000;134.700000,0.319141,9ada2f3a47de,n42->n14;n39->n1;n37->n28;n24->n31;n36->n28,0.312011,0.312011
101,11,10,5,10.000000,1000,50,0.100000,10,0.050000,1000.000000,0.001000,1,historical_only,1.000000,0.500000,114.140000,570.700000,5707,311,108,78.900000;103.500000;109.900000;83.700000;194.700000,0.367333,7e7b3091ef99,n34->n24;n7->n41;n33->n12;n45->n24;n37->n18,0.087955,0.330812
101,11,10,5,10.000000,1000,50,0.100000,10,0.050000,1000.000000,0.001000,1,real_time_memory_aware,0.500000,0.500000,131.260000,656.300000,6563,210,110,66.200000;176.500000;106.100000;112.800000;194.700000,0.361823,7e7b3091ef99,n34->n24;n7->n41;n33->n12;n45->n24;n37->n18,0.481151,0.481151
202,11,10,5,10.000000,1000,50,0.100000,10,0.050000,1000.000000,0.001000,1,historical_only,1.000000,0.500000,103.260000,516.300000,5163,247,132,49.600000;86.600000;194.700000;94.300000;91.100000,0.469391,8811bf5b22ad,n42->n6;n7->n50;n18->n10;n47->n46;n6->n11,0.146123,0.341072
202,11,10,5,10.000000,1000,50,0.100000,10,0.050000,1000.000000,0.001000,1,real_time_memory_aware,0.500000,0.500000,104.120000,520.600000,5206,281,132,37.700000;99.900000;194.700000;96.000000;92.300000,0.486699,8811bf5b22ad,n42->n6;n7->n50;n18->n10;n47->n46;n6->n11,0.354472,0.354472
303,11,10,5,10.000000,1000,50,0.100000,10,0.050000,1000.000000,0.001000,1,historical_only,1.000000,0.500000,103.020000,515.100000,5151,244,109,120.600000;97.100000;49.500000;105.500000;142.400000,0.299671,9ada2f3a47de,n42->n14;n39->n1;n37->n28;n24->n31;n36->n28,0.213733,0.414337
303,11,10,5,10.000000,1000,50,0.100000,10,0.050000,1000.000000,0.001000,1,real_time_memory_aware,0.500000,0.500000,114.620000,573.100000,5731,171,110,167.000000;97.100000;56.100000;116.700000;136.200000,0.325161,9ada2f3a47de,n42->n14;n39->n1;n37->n28;n24->n31;n36->n28,0.323651,0.323651
101,12,1,5,10.000000,1000,50,0.100000,10,0.050000,1000.000000,0.001000,1,historical_only,1.000000,0.500000,97.180000,485.900000,4859,13909,115,97.100000;89.800000;97.100000;7.200000;194.700000,0.611570,7e7b3091ef99,n34->n24;n7->n41;n33->n12;n45->n24;n37->n18,0.370000,0.370000
101,12,1,5,10.000000,1000,50,0.100000,10,0.050000,1000.000000,0.001000,1,real_time_memory_aware,0.500000,0.500000,97.180000,485.900000,4859,13909,115,97.100000;89.800000;97.100000;7.200000;194.700000,0.611570,7e7b3091ef99,n34->n24;n7->n41;n33->n12;n45->n24;n37->n18,0.370000,0.370000
202,12,1,5,10.000000,1000,50,0.100000,10,0.050000,1000.000000,0.001000,1,historical_only,1.000000,0.500000,86.320000,431.600000,4316,17058,139,1.700000;96.300000;194.700000;47.400000;91.500000,0.742657,8811bf5b22ad,n42->n6;n7->n50;n18->n10;n47->n46;n6->n11,0.306349,0.306349
202,12,1,5,10.000000,1000,50,0.100000,10,0.050000,1000.000000,0.001000,1,real_time_memory_aware,0.500000,0.500000,86.320000,431.600000,4316,17058,139,1.700000;96.300000;194.700000;47.400000;91.500000,0.742657,8811bf5b22ad,n42->n6;n7->n50;n18->n10;n47->n46;n6->n11,0.306349,0.306349
303,12,1,5,10.000000,1000,50,0.100000,10,0.050000,1000.000000,0.001000,1,historical_only,1.000000,0.500000,95.840000,479.200000,4792,13000,108,91.900000;97.100000;21.400000;97.100000;171.700000,0.496353,9ada2f3a47de,n42->n14;n39->n1;n37->n28;n24->n31;n36->n28,0.401429,0.411905
303,12,1,5,10.000000,1000,50,0.100000,10,0.050000,1000.000000,0.001000,1,real_time_memory_aware,0.500000,0.500000,95.840000,479.200000,4792,13000,108,91.900000;97.100000;21.400000;97.100000;171.700000,0.496353,9ada2f3a47de,n42->n14;n39->n1;n37->n28;n24->n31;n36->n28,0.401429,0.411905
101,12,2,5,10.000000,1000,50,0.100000,10,0.050000,1000.000000,0.001000,1,historical_only,1.000000,0.500000,121.800000,609.000000,6090,3104,110,74.000000;121.800000;119.700000;98.800000;194.700000,0.331119,7e7b3091ef99,n34->n24;n7->n41;n33->n12;n45->n24;n37->n18,0.258396,0.388471
101,12,2,5,10.000000,1000,50,0.100000,10,0.050000,1000.000000,0.001000,1,real_time_memory_aware,0.500000,0.500000,133.540000,667.700000,6677,2630,119,72.100000;165.700000;131.100000;104.100000;194.700000,0.325075,7e7b3091ef99,n34->n24;n7->n41;n33->n12;n45->n24;n37->n18,0.442313,0.442313
202,12,2,5,10.000000,1000,50,0.100000,10,0.050000,1000.000000,0.001000,1,historical_only,1.000000,0.500000,102.820000,514.100000,5141,4312,144,43.600000;86.400000;194.700000;97.500000;91.900000,0.483675,8811bf5b22ad,n42->n6;n7->n50;n18->n10;n47->n46;n6->n11,0.243246,0.369193
202,12,2,5,10.000000,1000,50,0.100000,10,0.050000,1000.000000,0.001000,1,real_time_memory_aware,0.500000,0.500000,110.140000,550.700000,5507,3829,140,53.500000;112.200000;194.700000;97.900000;92.400000,0.422502,8811bf5b22ad,n42->n6;n7->n50;n18->n10;n47->n46;n6->n11,0.406349,0.408532
303,12,2,5,10.000000,1000,50,0.100000,10,0.050000,1000.000000,0.001000,1,historical_only,1.000000,0.500000,111.100000,555.500000,5555,2657,118,135.900000;89.900000;49.900000;138.000000;141.800000,0.323933,9ada2f3a47de,n42->n14;n39->n1;n37->n28;n24->n31;n36->n28,0.255833,0.368214
303,12,2,5,10.000000,1000,50,0.100000,10,0.050000,1000.000000,0.001000,1,real_time_memory_aware,0.500000,0.500000,117.360000,586.800000,5868,1884,117,154.000000;93.500000;49.600000;147.700000;142.000000,0.341488,9ada2f3a47de,n42->n14;n39->n1;n37->n28;n24->n31;n36->n28,0.477569,0.477569
101,12,3,5,10.000000,1000,50,0.100000,10,0.050000,1000.000000,0.001000,1,historical_only,1.000000,0.500000,123.520000,617.600000,6176,1572,120,68.400000;125.100000;125.700000;103.700000;194.700000,0.333897,7e7b3091ef99,n34->n24;n7->n41;n33->n12;n45->n24;n37->n18,0.230037,0.331624
101,12,3,5,10.000000,1000,50,0.100000,10,0.050000,1000.000000,0.001000,1,real_time_memory_aware,0.500000,0.500000,133.460000,667.300000,6673,1573,119,71.000000;176.400000;119.300000;105.900000;194.700000,0.342638,7e7b3091ef99,n34->n24;n7->n41;n33->n12;n45->n24;n37->n18,0.359728,0.362993
202,12,3,5,10.000000,1000,50,0.100000,10,0.050000,1000.000000,0.001000,1,historical_only,1.000000,0.500000,101.520000,507.600000,5076,2375,143,38.400000;88.700000;194.700000;93.500000;92.300000,0.501887,8811bf5b22ad,n42->n6;n7->n50;n18->n10;n47->n46;n6->n11,0.226045,0.344023
202,12,3,5,10.000000,1000,50,0.100000,10,0.050000,1000.000000,0.001000,1,real_time_memory_aware,0.500000,0.500000,110.920000,554.600000,5546,2162,136,48.800000;116.900000;194.700000;101.800000;92.400000,0.429348,8811bf5b22ad,n42->n6;n7->n50;n18->n10;n47->n46;n6->n11,0.405205,0.405205
303,12,3,5,10.000000,1000,50,0.100000,10,0.050000,1000.000000,0.001000,1,historical_only,1.000000,0.500000,109.020000,545.100000,5451,1370,117,137.900000;89.900000;40.200000;124.800000;152.300000,0.368233,9ada2f3a47de,n42->n14;n39->n1;n37->n28;n24->n31;n36->n28,0.260073,0.408791
303,12,3,5,10.000000,1000,50,0.100000,10,0.050000,1000.000000,0.001000,1,real_time_memory_aware,0.500000,0.500000,117.320000,586.600000,5866,1107,118,153.200000;94.100000;43.900000;147.000000;148.400000,0.362911,9ada2f3a47de,n42->n14;n39->n1;n37->n28;n24->n31;n36->n28,0.331502,0.331502
101,12,4,5,10.000000,1000,50,0.100000,10,0.050000,1000.000000,0.001000,1,historical_only,1.000000,0.500000,121.220000,606.100000,6061,1056,119,66.800000;117.400000;124.500000;102.700000;194.700000,0.344689,7e7b3091ef99,n34->n24;n7->n41;n33->n12;n45->n24;n37->n18,0.149248,0.334712
101,12,4,5,10.000000,1000,50,0.100000,10,0.050000,1000.000000,0.001000,1,real_time_memory_aware,0.500000,0.500000,133.660000,668.300000,6683,980,119,68.300000;174.500000;121.900000;108.900000;194.700000,0.341497,7e7b3091ef99,n34->n24;n7->n41;n33->n12;n45->n24;n37->n18,0.444828,0.444828
202,12,4,5,10.000000,1000,50,0.100000,10,0.050000,1000.000000,0.001000,1,historical_only,1.000000,0.500000,102.560000,512.800000,5128,1616,143,42.600000;87.300000;194.700000;95.400000;92.800000,0.486824,8811bf5b22ad,n42->n6;n7->n50;n18->n10;n47->n46;n6->n11,0.196501,0.419242
202,12,4,5,10.000000,1000,50,0.100000,10,0.050000,1000.000000,0.001000,1,real_time_memory_aware,0.500000,0.500000,109.620000,548.100000,5481,1436,139,46.900000;113.400000;194.700000;100.500000;92.600000,0.438627,8811bf5b22ad,n42->n6;n7->n50;n18->n10;n47->n46;n6->n11,0.393577,0.393577
303,12,4,5,10.000000,1000,50,0.100000,10,0.050000,1000.000000,0.001000,1,historical_only,1.000000,0.500000,108.680000,543.400000,5434,959,119,140.200000;91.100000;41.300000;119.600000;151.200000,0.362720,9ada2f3a47de,n42->n14;n39->n1;n37->n28;n24->n31;n36->n28,0.166310,0.327976
303,12,4,5,10.000000,1000,50,0.100000,10,0.050000,1000.000000,0.001000,1,real_time_memory_aware,0.500000,0.500000,116.560000,582.800000,5828,850,119,154.200000;94.700000;47.200000;141.500000;145.200000,0.346324,9ada2f3a47de,n42->n14;n39->n1;n37->n28;n24->n31;n36->n28,0.326618,0.326618
101,12,5,5,10.000000,1000,50,0.100000,10,0.050000,1000.000000,0.001000,1,historical_only,1.000000,0.500000,120.940000,604.700000,6047,771,120,67.200000;117.000000;123.300000;102.500000;194.700000,0.344704,7e7b3091ef99,n34->n24;n7->n41;n33->n12;n45->n24;n37->n18,0.279923,0.435393
101,12,5,5,10.000000,1000,50,0.100000,10,0.050000,1000.000000,0.001000,1,real_time_memory_aware,0.500000,0.500000,133.240000,666.200000,6662,729,119,68.500000;174.200000;119.400000;109.400000;194.700000,0.342394,7e7b3091ef99,n34->n24;n7->n41;n33->n12;n45->n24;n37->n18,0.427422,0.427422
202,12,5,5,10.000000,1000,50,0.100000,10,0.050000,1000.000000,0.001000,1,historical_only,1.000000,0.500000,103.340000,516.700000,5167,1324,144,28.600000;80.300000;194.700000;120.500000;92.600000,0.527778,8811bf5b22ad,n42->n6;n7->n50;n18->n10;n47->n46;n6->n11,0.158601,0.358601
202,12,5,5,10.000000,1000,50,0.100000,10,0.050000,1000.000000,0.001000,1,real_time_memory_aware,0.500000,0.500000,107.380000,536.900000,5369,1177,140,39.400000;109.500000;194.700000;101.600000;91.700000,0.466191,8811bf5b22ad,n42->n6;n7->n50;n18->n10;n47->n46;n6->n11,0.400221,0.400221
303,12,5,5,10.000000,1000,50,0.100000,10,0.050000,1000.000000,0.001000,1,historical_only,1.000000,0.500000,108.180000,540.900000,5409,603,120,139.100000;90.200000;46.500000;119.600000;145.500000,0.336023,9ada2f3a47de,n42->n14;n39->n1;n37->n28;n24->n31;n36->n28,0.163024,0.365199
303,12,5,5,10.000000,1000,50,0.100000,10,0.050000,1000.000000,0.001000,1,real_time_memory_aware,0.500000,0.500000,118.280000,591.400000,5914,698,120,163.600000;96.700000;40.500000;138.400000;152.200000,0.380448,9ada2f3a47de,n42->n14;n39->n1;n37->n28;n24->n31;n36->n28,0.308189,0.321155
101,12,6,5,10.000000,1000,50,0.100000,10,0.050000,1000.000000,0.001000,1,historical_only,1.000000,0.500000,119.160000,595.800000,5958,709,120,72.100000;110.900000;119.500000;98.600000;194.700000,0.344218,7e7b3091ef99,n34->n24;n7->n41;n33->n12;n45->n24;n37->n18,0.173249,0.333473
101,12,6,5,10.000000,1000,50,0.100000,10,0.050000,1000.000000,0.001000,1,real_time_memory_aware,0.500000,0.500000,132.820000,664.100000,6641,608,111,70.400000;178.800000;115.100000;105.100000;194.700000,0.351886,7e7b3091ef99,n34->n24;n7->n41;n33->n12;n45->n24;n37->n18,0.479563,0.479563
202,12,6,5,10.000000,1000,50,0.100000,10,0.050000,1000.000000,0.001000,1,historical_only,1.000000,0.500000,104.560000,522.800000,5228,904,144,38.300000;96.200000;194.700000;101.700000;91.900000,0.483027,8811bf5b22ad,n42->n6;n7->n50;n18->n10;n47->n46;n6->n11,0.091766,0.377282
202,12,6,5,10.000000,1000,50,0.100000,10,0.050000,1000.000000,0.001000,1,real_time_memory_aware,0.500000,0.500000,105.640000,528.200000,5282,900,144,37.000000;110.400000;194.700000;94.100000;92.000000,0.482401,8811bf5b22ad,n42->n6;n7->n50;n18->n10;n47->n46;n6->n11,0.391497,0.393991
303,12,6,5,10.000000,1000,50,0.100000,10,0.050000,1000.000000,0.001000,1,historical_only,1.000000,0.500000,107.580000,537.900000,5379,577,120,133.000000;97.100000;46.800000;115.700000;145.300000,0.320360,9ada2f3a47de,n42->n14;n39->n1;n37->n28;n24->n31;n36->n28,0.179073,0.314411
303,12,6,5,10.000000,1000,50,0.100000,10,0.050000,1000.000000,0.001000,1,real_time_memory_aware,0.500000,0.500000,117.600000,588.000000,5880,498,119,165.200000;97.100000;49.200000;133.900000;142.600000,0.345520,9ada2f3a47de,n42->n14;n39->n1;n37->n28;n24->n31;n36->n28,0.281621,0.281621
101,12,7,5,10.000000,1000,50,0.100000,10,0.050000,1000.000000,0.001000,1,historical_only,1.000000,0.500000,117.940000,589.700000,5897,512,119,73.900000;106.900000;120.000000;94.200000;194.700000,0.350032,7e7b3091ef99,n34->n24;n7->n41;n33->n12;n45->n24;n37->n18,0.164286,0.350840
101,12,7,5,10.000000,1000,50,0.100000,10,0.050000,1000.000000,0.001000,1,real_time_memory_aware,0.500000,0.500000,132.340000,661.700000,6617,494,119,70.100000;178.500000;111.800000;106.600000;194.700000,0.354063,7e7b3091ef99,n34->n24;n7->n41;n33->n12;n45->n24;n37->n18,0.460190,0.460190
202,12,7,5,10.000000,1000,50,0.100000,10,0.050000,1000.000000,0.001000,1,historical_only,1.000000,0.500000,98.960000,494.800000,4948,861,144,37.200000;93.100000;194.700000;89.800000;80.000000,0.524262,8811bf5b22ad,n42->n6;n7->n50;n18->n10;n47->n46;n6->n11,0.183929,0.327183
202,12,7,5,10.000000,1000,50,0.100000,10,0.050000,1000.000000,0.001000,1,real_time_memory_aware,0.500000,0.500000,105.800000,529.000000,5290,645,144,39.700000;109.300000;194.700000;93.200000;92.100000,0.475062,8811bf5b22ad,n42->n6;n7->n50;n18->n10;n47->n46;n6->n11,0.391270,0.391270
303,12,7,5,10.000000,1000,50,0.100000,10,0.050000,1000.000000,0.001000,1,historical_only,1.000000,0.500000,107.360000,536.800000,5368,530,119,137.100000;97.100000;38.700000;110.100000;153.800000,0.369494,9ada2f3a47de,n42->n14;n39->n1;n37->n28;n24->n31;n36->n28,0.108237,0.332432
303,12,7,5,10.000000,1000,50,0.100000,10,0.050000,1000.000000,0.001000,1,real_time_memory_aware,0.500000,0.500000,116.940000,584.700000,5847,390,120,166.000000;97.100000;52.400000;129.300000;139.900000,0.334399,9ada2f3a47de,n42->n14;n39->n1;n37->n28;n24->n31;n36->n28,0.324839,0.324839
101,12,8,5,10.000000,1000,50,0.100000,10,0.050000,1000.000000,0.001000,1,historical_only,1.000000,0.500000,116.280000,581.400000,5814,456,119,72.400000;103.500000;112.600000;98.200000;194.700000,0.356226,7e7b3091ef99,n34->n24;n7->n41;n33->n12;n45->n24;n37->n18,0.141361,0.339456
101,12,8,5,10.000000,1000,50,0.100000,10,0.050000,1000.000000,0.001000,1,real_time_memory_aware,0.500000,0.500000,132.420000,662.100000,6621,396,120,69.700000;179.200000;111.400000;107.100000;194.700000,0.355556,7e7b3091ef99,n34->n24;n7->n41;n33->n12;n45->n24;n37->n18,0.512302,0.512302
202,12,8,5,10.000000,1000,50,0.100000,10,0.050000,1000.000000,0.001000,1,historical_only,1.000000,0.500000,99.820000,499.100000,4991,752,144,42.000000;87.500000;194.700000;99.300000;75.600000,0.512470,8811bf5b22ad,n42->n6;n7->n50;n18->n10;n47->n46;n6->n11,0.107837,0.267560
202,12,8,5,10.000000,1000,50,0.100000,10,0.050000,1000.000000,0.001000,1,real_time_memory_aware,0.500000,0.500000,103.900000,519.500000,5195,516,144,42.000000;104.700000;194.700000;86.400000;91.700000,0.481847,8811bf5b22ad,n42->n6;n7->n50;n18->n10;n47->n46;n6->n11,0.379932,0.379932
303,12,8,5,10.000000,1000,50,0.100000,10,0.050000,1000.000000,0.001000,1,historical_only,1.000000,0.500000,107.040000,535.200000,5352,386,119,134.700000;97.100000;44.200000;111.000000;148.200000,0.337426,9ada2f3a47de,n42->n14;n39->n1;n37->n28;n24->n31;n36->n28,0.190330,0.312023
303,12,8,5,10.000000,1000,50,0.100000,10,0.050000,1000.000000,0.001000,1,real_time_memory_aware,0.500000,0.500000,116.380000,581.900000,5819,309,120,165.600000;97.100000;49.800000;127.100000;142.300000,0.344002,9ada2f3a47de,n42->n14;n39->n1;n37->n28;n24->n31;n36->n28,0.316106,0.316106
101,12,9,5,10.000000,1000,50,0.100000,10,0.050000,1000.000000,0.001000,1,historical_only,1.000000,0.500000,116.920000,584.600000,5846,394,117,73.500000;105.600000;117.200000;93.600000;194.700000,0.354857,7e7b3091ef99,n34->n24;n7->n41;n33->n12;n45->n24;n37->n18,0.164846,0.310504
101,12,9,5,10.000000,1000,50,0.100000,10,0.050000,1000.000000,0.001000,1,real_time_memory_aware,0.500000,0.500000,131.920000,659.600000,6596,342,119,68.700000;178.200000;108.900000;109.100000;194.700000,0.357655,7e7b3091ef99,n34->n24;n7->n41;n33->n12;n45->n24;n37->n18,0.504167,0.504167
202,12,9,5,10.000000,1000,50,0.100000,10,0.050000,1000.000000,0.001000,1,historical_only,1.000000,0.500000,102.700000,513.500000,5135,517,143,35.700000;80.200000;194.700000;111.000000;91.900000,0.508660,8811bf5b22ad,n42->n6;n7->n50;n18->n10;n47->n46;n6->n11,0.120430,0.382984
202,12,9,5,10.000000,1000,50,0.100000,10,0.050000,1000.000000,0.001000,1,real_time_memory_aware,0.500000,0.500000,103.460000,517.300000,5173,453,143,31.800000;102.400000;194.700000;96.100000;92.300000,0.504830,8811bf5b22ad,n42->n6;n7->n50;n18->n10;n47->n46;n6->n11,0.393909,0.393909
303,12,9,5,10.000000,1000,50,0.100000,10,0.050000,1000.000000,0.001000,1,historical_only,1.000000,0.500000,107.080000,535.400000,5354,306,120,132.400000;97.100000;54.300000;113.500000;138.100000,0.281093,9ada2f3a47de,n42->n14;n39->n1;n37->n28;n24->n31;n36->n28,0.207619,0.316190
303,12,9,5,10.000000,1000,50,0.100000,10,0.050000,1000.000000,0.001000,1,real_time_memory_aware,0.500000,0.500000,116.060000,580.300000,5803,260,120,166.300000;97.100000;54.400000;124.700000;137.800000,0.327706,9ada2f3a47de,n42->n14;n39->n1;n37->n28;n24->n31;n36->n28,0.293697,0.293697
101,12,10,5,10.000000,1000,50,0.100000,10,0.050000,1000.000000,0.001000,1,historical_only,1.000000,0.500000,114.980000,574.900000,5749,334,120,74.300000;97.600000;114.700000;93.600000;194.700000,0.364231,7e7b3091ef99,n34->n24;n7->n41;n33->n12;n45->n24;n37->n18,0.162325,0.343557
101,12,10,5,10.000000,1000,50,0.100000,10,0.050000,1000.000000,0.001000,1,real_time_memory_aware,0.500000,0.500000,131.800000,659.000000,6590,321,120,69.200000;177.700000;109.500000;107.900000;194.700000,0.356689,7e7b3091ef99,n34->n24;n7->n41;n33->n12;n45->n24;n37->n18,0.496066,0.496066
202,12,10,5,10.000000,1000,50,0.100000,10,0.050000,1000.000000,0.001000,1,historical_only,1.000000,0.500000,105.440000,527.200000,5272,277,143,50.200000;90.200000;194.700000;100.700000;91.400000,0.454259,8811bf5b22ad,n42->n6;n7->n50;n18->n10;n47->n46;n6->n11,0.181039,0.371516
202,12,10,5,10.000000,1000,50,0.100000,10,0.050000,1000.000000,0.001000,1,real_time_memory_aware,0.500000,0.500000,101.940000,509.700000,5097,376,144,37.300000;100.500000;194.700000;84.600000;92.600000,0.503510,8811bf5b22ad,n42->n6;n7->n50;n18->n10;n47->n46;n6->n11,0.356803,0.356803
303,12,10,5,10.000000,1000,50,0.100000,10,0.050000,1000.000000,0.001000,1,historical_only,1.000000,0.500000,105.260000,526.300000,5263,253,120,128.400000;97.100000;54.100000;108.800000;137.900000,0.278515,9ada2f3a47de,n42->n14;n39->n1;n37->n28;n24->n31;n36->n28,0.154150,0.379456
303,12,10,5,10.000000,1000,50,0.100000,10,0.050000,1000.000000,0.001000,1,real_time_memory_aware,0.500000,0.500000,115.360000,576.800000,5768,209,119,166.200000;97.100000;55.400000;121.400000;136.700000,0.324467,9ada2f3a47de,n42->n14;n39->n1;n37->n28;n24->n31;n36->n28,0.280506,0.280506
101,13,1,5,10.000000,1000,50,0.100000,10,0.050000,1000.000000,0.001000,1,historical_only,1.000000,0.500000,97.180000,485.900000,4859,15863,121,97.100000;90.000000;97.100000;7.000000;194.700000,0.612143,7e7b3091ef99,n34->n24;n7->n41;n33->n12;n45->n24;n37->n18,0.380952,0.380952
101,13,1,5,10.000000,1000,50,0.100000,10,0.050000,1000.000000,0.001000,1,real_time_memory_aware,0.500000,0.500000,97.180000,485.900000,4859,15863,121,97.100000;90.000000;97.100000;7.000000;194.700000,0.612143,7e7b3091ef99,n34->n24;n7->n41;n33->n12;n45->n24;n37->n18,0.380952,0.380952
202,13,1,5,10.000000,1000,50,0.100000,10,0.050000,1000.000000,0.001000,1,historical_only,1.000000,0.500000,87.420000,437.100000,4371,19418,152,3.100000;95.600000;194.700000;49.800000;93.900000,0.726050,8811bf5b22ad,n42->n6;n7->n50;n18->n10;n47->n46;n6->n11,0.364286,0.364286
202,13,1,5,10.000000,1000,50,0.100000,10,0.050000,1000.000000,0.001000,1,real_time_memory_aware,0.500000,0.500000,87.420000,437.100000,4371,19418,152,3.100000;95.600000;194.700000;49.800000;93.900000,0.726050,8811bf5b22ad,n42->n6;n7->n50;n18->n10;n47->n46;n6->n11,0.364286,0.364286
303,13,1,5,10.000000,1000,50,0.100000,10,0.050000,1000.000000,0.001000,1,historical_only,1.000000,0.500000,95.780000,478.900000,4789,14901,122,91.400000;97.100000;16.700000;97.100000;176.600000,0.528426,9ada2f3a47de,n42->n14;n39->n1;n37->n28;n24->n31;n36->n28,0.371429,0.383810
303,13,1,5,10.000000,1000,50,0.100000,10,0.050000,1000.000000,0.001000,1,real_time_memory_aware,0.500000,0.500000,95.780000,478.900000,4789,14901,122,91.400000;97.100000;16.700000;97.100000;176.600000,0.528426,9ada2f3a47de,n42->n14;n39->n1;n37->n28;n24->n31;n36->n28,0.371429,0.383810
101,13,2,5,10.000000,1000,50,0.100000,10,0.050000,1000.000000,0.001000,1,historical_only,1.000000,0.500000,123.660000,618.300000,6183,3810,127,72.800000;127.500000;124.300000;99.000000;194.700000,0.328616,7e7b3091ef99,n34->n24;n7->n41;n33->n12;n45->n24;n37->n18,0.240408,0.357687
101,13,2,5,10.000000,1000,50,0.100000,10,0.050000,1000.000000,0.001000,1,real_time_memory_aware,0.500000,0.500000,133.320000,666.600000,6666,3081,129,67.700000;162.300000;130.000000;111.900000;194.700000,0.324933,7e7b3091ef99,n34->n24;n7->n41;n33->n12;n45->n24;n37->n18,0.488707,0.488707
202,13,2,5,10.000000,1000,50,0.100000,10,0.050000,1000.000000,0.001000,1,historical_only,1.000000,0.500000,101.800000,509.000000,5090,5246,153,39.100000;85.100000;194.700000;97.900000;92.200000,0.499882,8811bf5b22ad,n42->n6;n7->n50;n18->n10;n47->n46;n6->n11,0.218254,0.350794
202,13,2,5,10.000000,1000,50,0.100000,10,0.050000,1000.000000,0.001000,1,real_time_memory_aware,0.500000,0.500000,109.680000,548.400000,5484,4705,152,50.600000;114.000000;194.700000;96.400000;92.700000,0.431558,8811bf5b22ad,n42->n6;n7->n50;n18->n10;n47->n46;n6->n11,0.437164,0.437164
303,13,2,5,10.000000,1000,50,0.100000,10,0.050000,1000.000000,0.001000,1,historical_only,1.000000,0.500000,112.680000,563.400000,5634,3052,128,145.500000;89.800000;53.600000;136.600000;137.900000,0.315003,9ada2f3a47de,n42->n14;n39->n1;n37->n28;n24->n31;n36->n28,0.246276,0.351038
303,13,2,5,10.000000,1000,50,0.100000,10,0.050000,1000.000000,0.001000,1,real_time_memory_aware,0.500000,0.500000,117.420000,587.100000,5871,2240,125,151.500000;93.800000;55.000000;149.800000;137.000000,0.319734,9ada2f3a47de,n42->n14;n39->n1;n37->n28;n24->n31;n36->n28,0.482051,0.490842
101,13,3,5,10.000000,1000,50,0.100000,10,0.050000,1000.000000,0.001000,1,historical_only,1.000000,0.500000,125.540000,627.700000,6277,1952,130,73.100000;126.200000;133.800000;99.900000;194.700000,0.323743,7e7b3091ef99,n34->n24;n7->n41;n33->n12;n45->n24;n37->n18,0.124218,0.344354
101,13,3,5,10.000000,1000,50,0.100000,10,0.050000,1000.000000,0.001000,1,real_time_memory_aware,0.500000,0.500000,133.660000,668.300000,6683,1904,125,69.600000;170.100000;123.600000;110.300000;194.700000,0.331301,7e7b3091ef99,n34->n24;n7->n41;n33->n12;n45->n24;n37->n18,0.393878,0.393878
202,13,3,5,10.000000,1000,50,0.100000,10,0.050000,1000.000000,0.001000,1,historical_only,1.000000,0.500000,102.220000,511.100000,5111,2926,153,44.200000;83.900000;194.700000;96.200000;92.100000,0.487046,8811bf5b22ad,n42->n6;n7->n50;n18->n10;n47->n46;n6->n11,0.198045,0.376471
202,13,3,5,10.000000,1000,50,0.100000,10,0.050000,1000.000000,0.001000,1,real_time_memory_aware,0.500000,0.500000,110.120000,550.600000,5506,2666,153,45.700000;119.000000;194.700000;98.500000;92.700000,0.441547,8811bf5b22ad,n42->n6;n7->n50;n18->n10;n47->n46;n6->n11,0.415061,0.415061
303,13,3,5,10.000000,1000,50,0.100000,10,0.050000,1000.000000,0.001000,1,historical_only,1.000000,0.500000,112.380000,561.900000,5619,1411,128,152.300000;92.100000;57.800000;125.800000;133.900000,0.298516,9ada2f3a47de,n42->n14;n39->n1;n37->n28;n24->n31;n36->n28,0.252489,0.367857
303,13,3,5,10.000000,1000,50,0.100000,10,0.050000,1000.000000,0.001000,1,real_time_memory_aware,0.500000,0.500000,118.780000,593.900000,5939,1202,130,155.900000;94.800000;66.500000;151.000000;125.700000,0.286049,9ada2f3a47de,n42->n14;n39->n1;n37->n28;n24->n31;n36->n28,0.406272,0.429501
101,13,4,5,10.000000,1000,50,0.100000,10,0.050000,1000.000000,0.001000,1,historical_only,1.000000,0.500000,123.140000,615.700000,6157,1367,128,73.700000;112.500000;133.700000;101.100000;194.700000,0.330382,7e7b3091ef99,n34->n24;n7->n41;n33->n12;n45->n24;n37->n18,0.203810,0.412789
101,13,4,5,10.000000,1000,50,0.100000,10,0.050000,1000.000000,0.001000,1,real_time_memory_aware,0.500000,0.500000,133.140000,665.700000,6657,1248,128,63.700000;167.300000;123.800000;116.200000;194.700000,0.338451,7e7b3091ef99,n34->n24;n7->n41;n33->n12;n45->n24;n37->n18,0.375869,0.396648
202,13,4,5,10.000000,1000,50,0.100000,10,0.050000,1000.000000,0.001000,1,historical_only,1.000000,0.500000,103.900000,519.500000,5195,1944,153,44.500000;85.500000;194.700000;102.400000;92.400000,0.476319,8811bf5b22ad,n42->n6;n7->n50;n18->n10;n47->n46;n6->n11,0.112925,0.343635
202,13,4,5,10.000000,1000,50,0.100000,10,0.050000,1000.000000,0.001000,1,real_time_memory_aware,0.500000,0.500000,109.260000,546.300000,5463,1823,151,41.400000;116.600000;194.700000;101.100000;92.500000,0.454065,8811bf5b22ad,n42->n6;n7->n50;n18->n10;n47->n46;n6->n11,0.392580,0.392580
303,13,4,5,10.000000,1000,50,0.100000,10,0.050000,1000.000000,0.001000,1,historical_only,1.000000,0.500000,111.300000,556.500000,5565,961,130,151.200000;90.700000;61.100000;122.500000;131.000000,0.285537,9ada2f3a47de,n42->n14;n39->n1;n37->n28;n24->n31;n36->n28,0.193377,0.299727
303,13,4,5,10.000000,1000,50,0.100000,10,0.050000,1000.000000,0.001000,1,real_time_memory_aware,0.500000,0.500000,118.820000,594.100000,5941,911,128,159.200000;94.400000;62.900000;148.800000;128.800000,0.299980,9ada2f3a47de,n42->n14;n39->n1;n37->n28;n24->n31;n36->n28,0.339223,0.339223
101,13,5,5,10.000000,1000,50,0.100000,10,0.050000,1000.000000,0.001000,1,historical_only,1.000000,0.500000,123.240000,616.200000,6162,876,124,67.200000;120.000000;128.200000;106.100000;194.700000,0.336049,7e7b3091ef99,n34->n24;n7->n41;n33->n12;n45->n24;n37->n18,0.155341,0.298713
101,13,5,5,10.000000,1000,50,0.100000,10,0.050000,1000.000000,0.001000,1,real_time_memory_aware,0.500000,0.500000,133.140000,665.700000,6657,955,129,73.400000;176.700000;116.200000;104.700000;194.700000,0.341754,7e7b3091ef99,n34->n24;n7->n41;n33->n12;n45->n24;n37->n18,0.362745,0.362745
202,13,5,5,10.000000,1000,50,0.100000,10,0.050000,1000.000000,0.001000,1,historical_only,1.000000,0.500000,104.440000,522.200000,5222,1634,151,39.000000;84.800000;194.700000;116.100000;87.600000,0.492609,8811bf5b22ad,n42->n6;n7->n50;n18->n10;n47->n46;n6->n11,0.180853,0.345734
202,13,5,5,10.000000,1000,50,0.100000,10,0.050000,1000.000000,0.001000,1,real_time_memory_aware,0.500000,0.500000,107.100000,535.500000,5355,1352,153,37.500000;114.000000;194.700000;97.000000;92.300000,0.474017,8811bf5b22ad,n42->n6;n7->n50;n18->n10;n47->n46;n6->n11,0.427021,0.434109
303,13,5,5,10.000000,1000,50,0.100000,10,0.050000,1000.000000,0.001000,1,historical_only,1.000000,0.500000,110.200000,551.000000,5510,655,130,143.500000;91.900000;64.000000;123.500000;128.100000,0.259075,9ada2f3a47de,n42->n14;n39->n1;n37->n28;n24->n31;n36->n28,0.166190,0.364286
303,13,5,5,10.000000,1000,50,0.100000,10,0.050000,1000.000000,0.001000,1,real_time_memory_aware,0.500000,0.500000,120.000000,600.000000,6000,635,129,168.300000;95.900000;64.200000;143.600000;128.000000,0.303871,9ada2f3a47de,n42->n14;n39->n1;n37->n28;n24->n31;n36->n28,0.319048,0.319048
101,13,6,5,10.000000,1000,50,0.100000,10,0.050000,1000.000000,0.001000,1,historical_only,1.000000,0.500000,122.020000,610.100000,6101,820,130,72.700000;113.500000;128.200000;101.000000;194.700000,0.333250,7e7b3091ef99,n34->n24;n7->n41;n33->n12;n45->n24;n37->n18,0.170028,0.364426
101,13,6,5,10.000000,1000,50,0.100000,10,0.050000,1000.000000,0.001000,1,real_time_memory_aware,0.500000,0.500000,133.900000,669.500000,6695,718,130,71.300000;176.500000;117.300000;109.700000;194.700000,0.338821,7e7b3091ef99,n34->n24;n7->n41;n33->n12;n45->n24;n37->n18,0.381281,0.381281
202,13,6,5,10.000000,1000,50,0.100000,10,0.050000,1000.000000,0.001000,1,historical_only,1.000000,0.500000,103.340000,516.700000,5167,1389,154,35.400000;81.800000;194.700000;119.300000;85.500000,0.512038,8811bf5b22ad,n42->n6;n7->n50;n18->n10;n47->n46;n6->n11,0.153799,0.324417
202,13,6,5,10.000000,1000,50,0.100000,10,0.050000,1000.000000,0.001000,1,real_time_memory_aware,0.500000,0.500000,106.960000,534.800000,5348,1025,154,35.700000;113.800000;194.700000;98.000000;92.600000,0.478727,8811bf5b22ad,n42->n6;n7->n50;n18->n10;n47->n46;n6->n11,0.422676,0.422676
303,13,6,5,10.000000,1000,50,0.100000,10,0.050000,1000.000000,0.001000,1,historical_only,1.000000,0.500000,110.920000,554.600000,5546,516,130,142.000000;97.100000;62.900000;123.400000;129.200000,0.253488,9ada2f3a47de,n42->n14;n39->n1;n37->n28;n24->n31;n36->n28,0.261195,0.353091
303,13,6,5,10.000000,1000,50,0.100000,10,0.050000,1000.000000,0.001000,1,real_time_memory_aware,0.500000,0.500000,119.900000,599.500000,5995,490,130,171.600000;96.000000;69.200000;139.900000;122.800000,0.294236,9ada2f3a47de,n42->n14;n39->n1;n37->n28;n24->n31;n36->n28,0.345045,0.345045
101,13,7,5,10.000000,1000,50,0.100000,10,0.050000,1000.000000,0.001000,1,historical_only,1.000000,0.500000,119.100000,595.500000,5955,607,128,72.500000;103.900000;126.000000;98.400000;194.700000,0.348099,7e7b3091ef99,n34->n24;n7->n41;n33->n12;n45->n24;n37->n18,0.196599,0.357687
101,13,7,5,10.000000,1000,50,0.100000,10,0.050000,1000.000000,0.001000,1,real_time_memory_aware,0.500000,0.500000,133.440000,667.200000,6672,604,130,74.100000;178.600000;112.400000;107.400000;194.700000,0.342341,7e7b3091ef99,n34->n24;n7->n41;n33->n12;n45->n24;n37->n18,0.375041,0.375041
202,13,7,5,10.000000,1000,50,0.100000,10,0.050000,1000.000000,0.001000,1,historical_only,1.000000,0.500000,102.100000,510.500000,5105,967,156,41.800000;81.100000;194.700000;108.300000;84.600000,0.499348,8811bf5b22ad,n42->n6;n7->n50;n18->n10;n47->n46;n6->n11,0.138243,0.314940
202,13,7,5,10.000000,1000,50,0.100000,10,0.050000,1000.000000,0.001000,1,real_time_memory_aware,0.500000,0.500000,104.940000,524.700000,5247,857,156,31.100000;111.400000;194.700000;94.700000;92.800000,0.500684,8811bf5b22ad,n42->n6;n7->n50;n18->n10;n47->n46;n6->n11,0.353931,0.353931
303,13,7,5,10.000000,1000,50,0.100000,10,0.050000,1000.000000,0.001000,1,historical_only,1.000000,0.500000,109.420000,547.100000,5471,424,129,140.200000;97.100000;63.000000;118.100000;128.700000,0.248646,9ada2f3a47de,n42->n14;n39->n1;n37->n28;n24->n31;n36->n28,0.221958,0.424074
303,13,7,5,10.000000,1000,50,0.100000,10,0.050000,1000.000000,0.001000,1,real_time_memory_aware,0.500000,0.500000,119.000000,595.000000,5950,401,129,170.600000;97.100000;69.500000;135.300000;122.500000,0.287939,9ada2f3a47de,n42->n14;n39->n1;n37->n28;n24->n31;n36->n28,0.259392,0.259392
101,13,8,5,10.000000,1000,50,0.100000,10,0.050000,1000.000000,0.001000,1,historical_only,1.000000,0.500000,119.240000,596.200000,5962,479,128,76.300000;104.600000;122.900000;97.700000;194.700000,0.340241,7e7b3091ef99,n34->n24;n7->n41;n33->n12;n45->n24;n37->n18,0.218367,0.357415
101,13,8,5,10.000000,1000,50,0.100000,10,0.050000,1000.000000,0.001000,1,real_time_memory_aware,0.500000,0.500000,131.940000,659.700000,6597,501,129,72.400000;172.600000;111.300000;108.700000;194.700000,0.340696,7e7b3091ef99,n34->n24;n7->n41;n33->n12;n45->n24;n37->n18,0.368367,0.368367
202,13,8,5,10.000000,1000,50,0.100000,10,0.050000,1000.000000,0.001000,1,historical_only,1.000000,0.500000,97.920000,489.600000,4896,920,153,44.300000;87.000000;194.700000;94.400000;69.200000,0.524683,8811bf5b22ad,n42->n6;n7->n50;n18->n10;n47->n46;n6->n11,0.071327,0.242148
202,13,8,5,10.000000,1000,50,0.100000,10,0.050000,1000.000000,0.001000,1,real_time_memory_aware,0.500000,0.500000,102.640000,513.200000,5132,700,156,34.200000;102.600000;194.700000;89.200000;92.500000,0.505172,8811bf5b22ad,n42->n6;n7->n50;n18->n10;n47->n46;n6->n11,0.386157,0.388594
303,13,8,5,10.000000,1000,50,0.100000,10,0.050000,1000.000000,0.001000,1,historical_only,1.000000,0.500000,110.200000,551.000000,5510,301,130,144.100000;97.100000;62.600000;118.000000;129.200000,0.256933,9ada2f3a47de,n42->n14;n39->n1;n37->n28;n24->n31;n36->n28,0.258262,0.407890
303,13,8,5,10.000000,1000,50,0.100000,10,0.050000,1000.000000,0.001000,1,real_time_memory_aware,0.500000,0.500000,118.360000,591.800000,5918,319,130,170.300000;97.100000;68.600000;132.400000;123.400000,0.288952,9ada2f3a47de,n42->n14;n39->n1;n37->n28;n24->n31;n36->n28,0.303175,0.303175
101,13,9,5,10.000000,1000,50,0.100000,10,0.050000,1000.000000,0.001000,1,historical_only,1.000000,0.500000,118.940000,594.700000,5947,394,130,76.100000;102.000000;122.400000;99.500000;194.700000,0.341553,7e7b3091ef99,n34->n24;n7->n41;n33->n12;n45->n24;n37->n18,0.162185,0.332773
101,13,9,5,10.000000,1000,50,0.100000,10,0.050000,1000.000000,0.001000,1,real_time_memory_aware,0.500000,0.500000,131.960000,659.800000,6598,413,127,74.300000;174.000000;109.300000;107.500000;194.700000,0.341267,7e7b3091ef99,n34->n24;n7->n41;n33->n12;n45->n24;n37->n18,0.447789,0.447789
202,13,9,5,10.000000,1000,50,0.100000,10,0.050000,1000.000000,0.001000,1,historical_only,1.000000,0.500000,102.340000,511.700000,5117,709,155,40.500000;80.200000;194.700000;112.100000;84.200000,0.503373,8811bf5b22ad,n42->n6;n7->n50;n18->n10;n47->n46;n6->n11,0.067262,0.317857
202,13,9,5,10.000000,1000,50,0.100000,10,0.050000,1000.000000,0.001000,1,real_time_memory_aware,0.500000,0.500000,103.440000,517.200000,5172,600,156,34.200000;105.200000;194.700000;90.900000;92.200000,0.500644,8811bf5b22ad,n42->n6;n7->n50;n18->n10;n47->n46;n6->n11,0.339002,0.339002
303,13,9,5,10.000000,1000,50,0.100000,10,0.050000,1000.000000,0.001000,1,historical_only,1.000000,0.500000,108.760000,543.800000,5438,245,130,138.200000;97.100000;63.400000;116.300000;128.800000,0.243912,9ada2f3a47de,n42->n14;n39->n1;n37->n28;n24->n31;n36->n28,0.238007,0.358377
303,13,9,5,10.000000,1000,50,0.100000,10,0.050000,1000.000000,0.001000,1,real_time_memory_aware,0.500000,0.500000,117.740000,588.700000,5887,256,130,169.800000;97.100000;68.700000;129.600000;123.500000,0.287144,9ada2f3a47de,n42->n14;n39->n1;n37->n28;n24->n31;n36->n28,0.297487,0.297487
101,13,10,5,10.000000,1000,50,0.100000,10,0.050000,1000.000000,0.001000,1,historical_only,1.000000,0.500000,117.780000,588.900000,5889,333,129,74.100000;100.400000;119.900000;99.800000;194.700000,0.349130,7e7b3091ef99,n34->n24;n7->n41;n33->n12;n45->n24;n37->n18,0.203641,0.326891
101,13,10,5,10.000000,1000,50,0.100000,10,0.050000,1000.000000,0.001000,1,real_time_memory_aware,0.500000,0.500000,132.100000,660.500000,6605,348,129,76.100000;180.300000;105.700000;103.700000;194.700000,0.353148,7e7b3091ef99,n34->n24;n7->n41;n33->n12;n45->n24;n37->n18,0.417766,0.417766
202,13,10,5,10.000000,1000,50,0.100000,10,0.050000,1000.000000,0.001000,1,historical_only,1.000000,0.500000,100.440000,502.200000,5022,536,153,47.300000;84.100000;194.700000;97.700000;78.400000,0.497193,8811bf5b22ad,n42->n6;n7->n50;n18->n10;n47->n46;n6->n11,0.063061,0.309145
202,13,10,5,10.000000,1000,50,0.100000,10,0.050000,1000.000000,0.001000,1,real_time_memory_aware,0.500000,0.500000,101.240000,506.200000,5062,477,155,41.500000;99.500000;194.700000;78.700000;91.800000,0.501790,8811bf5b22ad,n42->n6;n7->n50;n18->n10;n47->n46;n6->n11,0.335216,0.335216
303,13,10,5,10.000000,1000,50,0.100000,10,0.050000,1000.000000,0.001000,1,historical_only,1.000000,0.500000,108.120000,540.600000,5406,182,129,136.100000;97.100000;69.200000;115.600000;122.600000,0.214317,9ada2f3a47de,n42->n14;n39->n1;n37->n28;n24->n31;n36->n28,0.215782,0.472653
303,13,10,5,10.000000,1000,50,0.100000,10,0.050000,1000.000000,0.001000,1,real_time_memory_aware,0.500000,0.500000,117.560000,587.800000,5878,176,130,171.100000;97.100000;77.400000;127.700000;114.500000,0.269266,9ada2f3a47de,n42->n14;n39->n1;n37->n28;n24->n31;n36->n28,0.324074,0.324074
101,14,1,5,10.000000,1000,50,0.100000,10,0.050000,1000.000000,0.001000,1,historical_only,1.000000,0.500000,97.180000,485.900000,4859,17733,135,97.100000;93.100000;97.100000;3.900000;194.700000,0.621308,7e7b3091ef99,n34->n24;n7->n41;n33->n12;n45->n24;n37->n18,0.362381,0.362381
101,14,1,5,10.000000,1000,50,0.100000,10,0.050000,1000.000000,0.001000,1,real_time_memory_aware,0.500000,0.500000,97.180000,485.900000,4859,17733,135,97.100000;93.100000;97.100000;3.900000;194.700000,0.621308,7e7b3091ef99,n34->n24;n7->n41;n33->n12;n45->n24;n37->n18,0.362381,0.362381
202,14,1,5,10.000000,1000,50,0.100000,10,0.050000,1000.000000,0.001000,1,historical_only,1.000000,0.500000,85.460000,427.300000,4273,21870,161,4.600000;94.800000;194.700000;40.200000;93.000000,0.752250,8811bf5b22ad,n42->n6;n7->n50;n18->n10;n47->n46;n6->n11,0.356349,0.356349
202,14,1,5,10.000000,1000,50,0.100000,10,0.050000,1000.000000,0.001000,1,real_time_memory_aware,0.500000,0.500000,85.460000,427.300000,4273,21870,161,4.600000;94.800000;194.700000;40.200000;93.000000,0.752250,8811bf5b22ad,n42->n6;n7->n50;n18->n10;n47->n46;n6->n11,0.356349,0.356349
303,14,1,5,10.000000,1000,50,0.100000,10,0.050000,1000.000000,0.001000,1,historical_only,1.000000,0.500000,95.760000,478.800000,4788,16850,135,90.800000;97.100000;14.200000;97.100000;179.600000,0.546814,9ada2f3a47de,n42->n14;n39->n1;n37->n28;n24->n31;n36->n28,0.440000,0.440000
303,14,1,5,10.000000,1000,50,0.100000,10,0.050000,1000.000000,0.001000,1,real_time_memory_aware,0.500000,0.500000,95.760000,478.800000,4788,16850,135,90.800000;97.100000;14.200000;97.100000;179.600000,0.546814,9ada2f3a47de,n42->n14;n39->n1;n37->n28;n24->n31;n36->n28,0.440000,0.440000
101,14,2,5,10.000000,1000,50,0.100000,10,0.050000,1000.000000,0.001000,1,historical_only,1.000000,0.500000,128.380000,641.900000,6419,4196,126,69.500000;132.200000;141.100000;104.400000;194.700000,0.323360,7e7b3091ef99,n34->n24;n7->n41;n33->n12;n45->n24;n37->n18,0.267957,0.368458
101,14,2,5,10.000000,1000,50,0.100000,10,0.050000,1000.000000,0.001000,1,real_time_memory_aware,0.500000,0.500000,131.500000,657.500000,6575,3736,125,66.600000;163.300000;120.200000;112.700000;194.700000,0.334922,7e7b3091ef99,n34->n24;n7->n41;n33->n12;n45->n24;n37->n18,0.475794,0.475794
202,14,2,5,10.000000,1000,50,0.100000,10,0.050000,1000.000000,0.001000,1,historical_only,1.000000,0.500000,100.700000,503.500000,5035,6076,162,37.300000;88.500000;194.700000;90.800000;92.200000,0.509748,8811bf5b22ad,n42->n6;n7->n50;n18->n10;n47->n46;n6->n11,0.214869,0.350534
202,14,2,5,10.000000,1000,50,0.100000,10,0.050000,1000.000000,0.001000,1,real_time_memory_aware,0.500000,0.500000,107.100000,535.500000,5355,5592,155,39.900000;112.900000;194.700000;95.600000;92.400000,0.468188,8811bf5b22ad,n42->n6;n7->n50;n18->n10;n47->n46;n6->n11,0.433631,0.433631
303,14,2,5,10.000000,1000,50,0.100000,10,0.050000,1000.000000,0.001000,1,historical_only,1.000000,0.500000,115.000000,575.000000,5750,3591,131,151.400000;90.800000;48.600000;140.300000;143.900000,0.343338,9ada2f3a47de,n42->n14;n39->n1;n37->n28;n24->n31;n36->n28,0.327793,0.390046
303,14,2,5,10.000000,1000,50,0.100000,10,0.050000,1000.000000,0.001000,1,real_time_memory_aware,0.500000,0.500000,117.420000,587.100000,5871,2687,138,154.500000;93.400000;58.600000;147.300000;133.300000,0.308400,9ada2f3a47de,n42->n14;n39->n1;n37->n28;n24->n31;n36->n28,0.479252,0.479252
101,14,3,5,10.000000,1000,50,0.100000,10,0.050000,1000.000000,0.001000,1,historical_only,1.000000,0.500000,124.460000,622.300000,6223,2390,140,68.000000;121.300000;130.900000;107.400000;194.700000,0.330575,7e7b3091ef99,n34->n24;n7->n41;n33->n12;n45->n24;n37->n18,0.195530,0.366625
101,14,3,5,10.000000,1000,50,0.100000,10,0.050000,1000.000000,0.001000,1,real_time_memory_aware,0.500000,0.500000,131.200000,656.000000,6560,2318,139,66.400000;170.900000;111.900000;112.100000;194.700000,0.350024,7e7b3091ef99,n34->n24;n7->n41;n33->n12;n45->n24;n37->n18,0.388163,0.388163
202,14,3,5,10.000000,1000,50,0.100000,10,0.050000,1000.000000,0.001000,1,historical_only,1.000000,0.500000,101.560000,507.800000,5078,3475,167,39.500000;83.500000;194.700000;97.300000;92.800000,0.501056,8811bf5b22ad,n42->n6;n7->n50;n18->n10;n47->n46;n6->n11,0.240233,0.422741
202,14,3,5,10.000000,1000,50,0.100000,10,0.050000,1000.000000,0.001000,1,real_time_memory_aware,0.500000,0.500000,108.760000,543.800000,5438,3247,160,40.200000;118.400000;194.700000;98.000000;92.500000,0.460816,8811bf5b22ad,n42->n6;n7->n50;n18->n10;n47->n46;n6->n11,0.441417,0.441417
303,14,3,5,10.000000,1000,50,0.100000,10,0.050000,1000.000000,0.001000,1,historical_only,1.000000,0.500000,114.660000,573.300000,5733,1877,139,155.800000;91.800000;52.600000;133.300000;139.800000,0.327397,9ada2f3a47de,n42->n14;n39->n1;n37->n28;n24->n31;n36->n28,0.198052,0.335931
303,14,3,5,10.000000,1000,50,0.100000,10,0.050000,1000.000000,0.001000,1,real_time_memory_aware,0.500000,0.500000,120.400000,602.000000,6020,1461,137,158.200000;94.900000;62.700000;156.600000;129.600000,0.306375,9ada2f3a47de,n42->n14;n39->n1;n37->n28;n24->n31;n36->n28,0.394405,0.394405
101,14,4,5,10.000000,1000,50,0.100000,10,0.050000,1000.000000,0.001000,1,historical_only,1.000000,0.500000,122.920000,614.600000,6146,1606,137,69.100000;120.700000;123.700000;106.400000;194.700000,0.332007,7e7b3091ef99,n34->n24;n7->n41;n33->n12;n45->n24;n37->n18,0.227444,0.413659
101,14,4,5,10.000000,1000,50,0.100000,10,0.050000,1000.000000,0.001000,1,real_time_memory_aware,0.500000,0.500000,132.900000,664.500000,6645,1573,139,72.600000;173.100000;116.000000;108.100000;194.700000,0.336033,7e7b3091ef99,n34->n24;n7->n41;n33->n12;n45->n24;n37->n18,0.370340,0.370340
202,14,4,5,10.000000,1000,50,0.100000,10,0.050000,1000.000000,0.001000,1,historical_only,1.000000,0.500000,98.420000,492.100000,4921,3120,159,26.100000;82.000000;194.700000;107.700000;81.600000,0.559082,8811bf5b22ad,n42->n6;n7->n50;n18->n10;n47->n46;n6->n11,0.111759,0.310204
202,14,4,5,10.000000,1000,50,0.100000,10,0.050000,1000.000000,0.001000,1,real_time_memory_aware,0.500000,0.500000,109.240000,546.200000,5462,2188,165,39.800000;118.700000;194.700000;99.900000;93.100000,0.458852,8811bf5b22ad,n42->n6;n7->n50;n18->n10;n47->n46;n6->n11,0.409745,0.409745
303,14,4,5,10.000000,1000,50,0.100000,10,0.050000,1000.000000,0.001000,1,historical_only,1.000000,0.500000,114.020000,570.100000,5701,1124,139,154.900000;91.900000;60.000000;131.200000;132.100000,0.296140,9ada2f3a47de,n42->n14;n39->n1;n37->n28;n24->n31;n36->n28,0.246992,0.421429
303,14,4,5,10.000000,1000,50,0.100000,10,0.050000,1000.000000,0.001000,1,real_time_memory_aware,0.500000,0.500000,119.880000,599.400000,5994,970,140,158.000000;95.300000;63.600000;153.500000;129.000000,0.299331,9ada2f3a47de,n42->n14;n39->n1;n37->n28;n24->n31;n36->n28,0.356532,0.356532
101,14,5,5,10.000000,1000,50,0.100000,10,0.050000,1000.000000,0.001000,1,historical_only,1.000000,0.500000,122.740000,613.700000,6137,1122,140,71.200000;108.800000;137.400000;101.600000;194.700000,0.339670,7e7b3091ef99,n34->n24;n7->n41;n33->n12;n45->n24;n37->n18,0.164662,0.391729
101,14,5,5,10.000000,1000,50,0.100000,10,0.050000,1000.000000,0.001000,1,real_time_memory_aware,0.500000,0.500000,131.100000,655.500000,6555,1114,138,69.500000;174.200000;108.100000;109.000000;194.700000,0.353101,7e7b3091ef99,n34->n24;n7->n41;n33->n12;n45->n24;n37->n18,0.328571,0.328571
202,14,5,5,10.000000,1000,50,0.100000,10,0.050000,1000.000000,0.001000,1,historical_only,1.000000,0.500000,101.700000,508.500000,5085,2027,167,24.700000;74.300000;194.700000;124.400000;90.400000,0.555738,8811bf5b22ad,n42->n6;n7->n50;n18->n10;n47->n46;n6->n11,0.140156,0.425076
202,14,5,5,10.000000,1000,50,0.100000,10,0.050000,1000.000000,0.001000,1,real_time_memory_aware,0.500000,0.500000,107.060000,535.300000,5353,1669,166,34.600000;115.100000;194.700000;98.400000;92.500000,0.481430,8811bf5b22ad,n42->n6;n7->n50;n18->n10;n47->n46;n6->n11,0.451384,0.451384
303,14,5,5,10.000000,1000,50,0.100000,10,0.050000,1000.000000,0.001000,1,historical_only,1.000000,0.500000,113.120000,565.600000,5656,811,140,150.500000;94.200000;62.400000;128.700000;129.800000,0.275289,9ada2f3a47de,n42->n14;n39->n1;n37->n28;n24->n31;n36->n28,0.276855,0.363898
303,14,5,5,10.000000,1000,50,0.100000,10,0.050000,1000.000000,0.001000,1,real_time_memory_aware,0.500000,0.500000,121.220000,606.100000,6061,780,140,169.500000;96.000000;60.900000;148.100000;131.600000,0.318130,9ada2f3a47de,n42->n14;n39->n1;n37->n28;n24->n31;n36->n28,0.384524,0.384524
101,14,6,5,10.000000,1000,50,0.100000,10,0.050000,1000.000000,0.001000,1,historical_only,1.000000,0.500000,123.340000,616.700000,6167,913,140,73.600000;113.200000;133.600000;101.600000;194.700000,0.329276,7e7b3091ef99,n34->n24;n7->n41;n33->n12;n45->n24;n37->n18,0.198751,0.332900
101,14,6,5,10.000000,1000,50,0.100000,10,0.050000,1000.000000,0.001000,1,real_time_memory_aware,0.500000,0.500000,129.220000,646.100000,6461,903,140,65.900000;173.700000;97.800000;114.000000;194.700000,0.371046,7e7b3091ef99,n34->n24;n7->n41;n33->n12;n45->n24;n37->n18,0.355150,0.362993
202,14,6,5,10.000000,1000,50,0.100000,10,0.050000,1000.000000,0.001000,1,historical_only,1.000000,0.500000,95.820000,479.100000,4791,1718,167,28.000000;86.100000;194.700000;98.900000;71.400000,0.573083,8811bf5b22ad,n42->n6;n7->n50;n18->n10;n47->n46;n6->n11,0.216008,0.379534
202,14,6,5,10.000000,1000,50,0.100000,10,0.050000,1000.000000,0.001000,1,real_time_memory_aware,0.500000,0.500000,107.960000,539.800000,5398,1231,166,45.100000;112.500000;194.700000;95.000000;92.500000,0.451936,8811bf5b22ad,n42->n6;n7->n50;n18->n10;n47->n46;n6->n11,0.433001,0.433001
303,14,6,5,10.000000,1000,50,0.100000,10,0.050000,1000.000000,0.001000,1,historical_only,1.000000,0.500000,113.980000,569.900000,5699,646,137,156.500000;97.100000;66.900000;124.100000;125.300000,0.264370,9ada2f3a47de,n42->n14;n39->n1;n37->n28;n24->n31;n36->n28,0.320238,0.433995
303,14,6,5,10.000000,1000,50,0.100000,10,0.050000,1000.000000,0.001000,1,real_time_memory_aware,0.500000,0.500000,120.940000,604.700000,6047,600,140,170.900000;96.100000;61.300000;145.300000;131.100000,0.317379,9ada2f3a47de,n42->n14;n39->n1;n37->n28;n24->n31;n36->n28,0.355833,0.355833
101,14,7,5,10.000000,1000,50,0.100000,10,0.050000,1000.000000,0.001000,1,historical_only,1.000000,0.500000,121.340000,606.700000,6067,682,138,71.000000;108.600000;129.500000;102.900000;194.700000,0.339492,7e7b3091ef99,n34->n24;n7->n41;n33->n12;n45->n24;n37->n18,0.178571,0.354762
101,14,7,5,10.000000,1000,50,0.100000,10,0.050000,1000.000000,0.001000,1,real_time_memory_aware,0.500000,0.500000,128.940000,644.700000,6447,764,138,71.700000;177.800000;94.000000;106.500000;194.700000,0.375363,7e7b3091ef99,n34->n24;n7->n41;n33->n12;n45->n24;n37->n18,0.361756,0.361756
202,14,7,5,10.000000,1000,50,0.100000,10,0.050000,1000.000000,0.001000,1,historical_only,1.000000,0.500000,102.240000,511.200000,5112,1444,166,28.300000;77.200000;194.700000;127.200000;83.800000,0.546437,8811bf5b22ad,n42->n6;n7->n50;n18->n10;n47->n46;n6->n11,0.116369,0.363591
202,14,7,5,10.000000,1000,50,0.100000,10,0.050000,1000.000000,0.001000,1,real_time_memory_aware,0.500000,0.500000,105.940000,529.700000,5297,1019,163,37.900000;111.700000;194.700000;92.700000;92.700000,0.479300,8811bf5b22ad,n42->n6;n7->n50;n18->n10;n47->n46;n6->n11,0.379734,0.382392
303,14,7,5,10.000000,1000,50,0.100000,10,0.050000,1000.000000,0.001000,1,historical_only,1.000000,0.500000,112.400000,562.000000,5620,530,140,151.500000;97.100000;56.300000;121.400000;135.700000,0.295984,9ada2f3a47de,n42->n14;n39->n1;n37->n28;n24->n31;n36->n28,0.267891,0.430068
303,14,7,5,10.000000,1000,50,0.100000,10,0.050000,1000.000000,0.001000,1,real_time_memory_aware,0.500000,0.500000,120.260000,601.300000,6013,485,139,170.500000;97.100000;74.200000;142.100000;117.400000,0.279947,9ada2f3a47de,n42->n14;n39->n1;n37->n28;n24->n31;n36->n28,0.307769,0.307769
101,14,8,5,10.000000,1000,50,0.100000,10,0.050000,1000.000000,0.001000,1,historical_only,1.000000,0.500000,121.640000,608.200000,6082,578,140,75.400000;108.300000;129.800000;100.000000;194.700000,0.332695,7e7b3091ef99,n34->n24;n7->n41;n33->n12;n45->n24;n37->n18,0.170448,0.357003
101,14,8,5,10.000000,1000,50,0.100000,10,0.050000,1000.000000,0.001000,1,real_time_memory_aware,0.500000,0.500000,130.940000,654.700000,6547,614,137,72.000000;178.700000;101.300000;108.000000;194.700000,0.361857,7e7b3091ef99,n34->n24;n7->n41;n33->n12;n45->n24;n37->n18,0.371270,0.371270
202,14,8,5,10.000000,1000,50,0.100000,10,0.050000,1000.000000,0.001000,1,historical_only,1.000000,0.500000,99.000000,495.000000,4950,1039,167,44.300000;83.100000;194.700000;96.000000;76.900000,0.513084,8811bf5b22ad,n42->n6;n7->n50;n18->n10;n47->n46;n6->n11,0.179027,0.361398
202,14,8,5,10.000000,1000,50,0.100000,10,0.050000,1000.000000,0.001000,1,real_time_memory_aware,0.500000,0.500000,102.040000,510.200000,5102,888,166,35.000000;102.300000;194.700000;85.900000;92.300000,0.508012,8811bf5b22ad,n42->n6;n7->n50;n18->n10;n47->n46;n6->n11,0.327464,0.327464
303,14,8,5,10.000000,1000,50,0.100000,10,0.050000,1000.000000,0.001000,1,historical_only,1.000000,0.500000,112.080000,560.400000,5604,366,140,150.900000;97.100000;64.000000;120.300000;128.100000,0.263689,9ada2f3a47de,n42->n14;n39->n1;n37->n28;n24->n31;n36->n28,0.211956,0.365881
303,14,8,5,10.000000,1000,50,0.100000,10,0.050000,1000.000000,0.001000,1,real_time_memory_aware,0.500000,0.500000,119.540000,597.700000,5977,358,140,172.000000;97.100000;79.200000;136.600000;112.800000,0.270279,9ada2f3a47de,n42->n14;n39->n1;n37->n28;n24->n31;n36->n28,0.348434,0.348434
101,14,9,5,10.000000,1000,50,0.100000,10,0.050000,1000.000000,0.001000,1,historical_only,1.000000,0.500000,120.540000,602.700000,6027,477,137,76.000000;104.100000;130.200000;97.700000;194.700000,0.339402,7e7b3091ef99,n34->n24;n7->n41;n33->n12;n45->n24;n37->n18,0.087955,0.303081
101,14,9,5,10.000000,1000,50,0.100000,10,0.050000,1000.000000,0.001000,1,real_time_memory_aware,0.500000,0.500000,129.720000,648.600000,6486,519,140,72.000000;176.600000;99.200000;106.100000;194.700000,0.365521,7e7b3091ef99,n34->n24;n7->n41;n33->n12;n45->n24;n37->n18,0.359934,0.359934
202,14,9,5,10.000000,1000,50,0.100000,10,0.050000,1000.000000,0.001000,1,historical_only,1.000000,0.500000,101.320000,506.600000,5066,985,159,34.600000;72.300000;194.700000;121.900000;83.100000,0.536409,8811bf5b22ad,n42->n6;n7->n50;n18->n10;n47->n46;n6->n11,0.117063,0.351190
202,14,9,5,10.000000,1000,50,0.100000,10,0.050000,1000.000000,0.001000,1,real_time_memory_aware,0.500000,0.500000,104.080000,520.400000,5204,690,166,36.200000;109.200000;194.700000;88.700000;91.600000,0.494381,8811bf5b22ad,n42->n6;n7->n50;n18->n10;n47->n46;n6->n11,0.325914,0.325914
303,14,9,5,10.000000,1000,50,0.100000,10,0.050000,1000.000000,0.001000,1,historical_only,1.000000,0.500000,110.480000,552.400000,5524,287,139,143.200000;97.100000;70.200000;119.700000;122.200000,0.225177,9ada2f3a47de,n42->n14;n39->n1;n37->n28;n24->n31;n36->n28,0.128822,0.367920
303,14,9,5,10.000000,1000,50,0.100000,10,0.050000,1000.000000,0.001000,1,real_time_memory_aware,0.500000,0.500000,118.560000,592.800000,5928,255,140,168.900000;97.100000;69.800000;134.300000;122.700000,0.283207,9ada2f3a47de,n42->n14;n39->n1;n37->n28;n24->n31;n36->n28,0.284170,0.284170
101,14,10,5,10.000000,1000,50,0.100000,10,0.050000,1000.000000,0.001000,1,historical_only,1.000000,0.500000,119.300000,596.500000,5965,408,140,77.800000;99.200000;126.400000;98.400000;194.700000,0.341490,7e7b3091ef99,n34->n24;n7->n41;n33->n12;n45->n24;n37->n18,0.143417,0.418768
101,14,10,5,10.000000,1000,50,0.100000,10,0.050000,1000.000000,0.001000,1,real_time_memory_aware,0.500000,0.500000,128.740000,643.700000,6437,428,140,70.800000;176.100000;93.300000;108.800000;194.700000,0.374207,7e7b3091ef99,n34->n24;n7->n41;n33->n12;n45->n24;n37->n18,0.342529,0.342529
202,14,10,5,10.000000,1000,50,0.100000,10,0.050000,1000.000000,0.001000,1,historical_only,1.000000,0.500000,104.500000,522.500000,5225,639,165,43.100000;85.300000;194.700000;112.300000;87.100000,0.481107,8811bf5b22ad,n42->n6;n7->n50;n18->n10;n47->n46;n6->n11,0.180592,0.346327
202,14,10,5,10.000000,1000,50,0.100000,10,0.050000,1000.000000,0.001000,1,real_time_memory_aware,0.500000,0.500000,103.860000,519.300000,5193,621,166,36.700000;105.300000;194.700000;91.500000;91.100000,0.492460,8811bf5b22ad,n42->n6;n7->n50;n18->n10;n47->n46;n6->n11,0.376966,0.384718
303,14,10,5,10.000000,1000,50,0.100000,10,0.050000,1000.000000,0.001000,1,historical_only,1.000000,0.500000,108.980000,544.900000,5449,273,140,137.000000;97.100000;68.700000;118.500000;123.600000,0.219193,9ada2f3a47de,n42->n14;n39->n1;n37->n28;n24->n31;n36->n28,0.233021,0.372703
303,14,10,5,10.000000,1000,50,0.100000,10,0.050000,1000.000000,0.001000,1,real_time_memory_aware,0.500000,0.500000,118.640000,593.200000,5932,250,140,170.600000;97.100000;70.600000;132.900000;122.000000,0.284249,9ada2f3a47de,n42->n14;n39->n1;n37->n28;n24->n31;n36->n28,0.318790,0.318790
101,15,1,5,10.000000,1000,50,0.100000,10,0.050000,1000.000000,0.001000,1,historical_only,1.000000,0.500000,97.180000,485.900000,4859,19723,147,97.100000;84.200000;97.100000;12.800000;194.700000,0.596451,7e7b3091ef99,n34->n24;n7->n41;n33->n12;n45->n24;n37->n18,0.370952,0.370952
101,15,1,5,10.000000,1000,50,0.100000,10,0.050000,1000.000000,0.001000,1,real_time_memory_aware,0.500000,0.500000,97.180000,485.900000,4859,19723,147,97.100000;84.200000;97.100000;12.800000;194.700000,0.596451,7e7b3091ef99,n34->n24;n7->n41;n33->n12;n45->n24;n37->n18,0.370952,0.370952
202,15,1,5,10.000000,1000,50,0.100000,10,0.050000,1000.000000,0.001000,1,historical_only,1.000000,0.500000,83.960000,419.800000,4198,24289,177,6.800000;93.700000;194.700000;32.200000;92.400000,0.773027,8811bf5b22ad,n42->n6;n7->n50;n18->n10;n47->n46;n6->n11,0.380952,0.380952
202,15,1,5,10.000000,1000,50,0.100000,10,0.050000,1000.000000,0.001000,1,real_time_memory_aware,0.500000,0.500000,83.960000,419.800000,4198,24289,177,6.800000;93.700000;194.700000;32.200000;92.400000,0.773027,8811bf5b22ad,n42->n6;n7->n50;n18->n10;n47->n46;n6->n11,0.380952,0.380952
303,15,1,5,10.000000,1000,50,0.100000,10,0.050000,1000.000000,0.001000,1,historical_only,1.000000,0.500000,95.820000,479.100000,4791,18904,145,91.100000;97.100000;13.900000;97.100000;179.900000,0.548392,9ada2f3a47de,n42->n14;n39->n1;n37->n28;n24->n31;n36->n28,0.372381,0.372381
303,15,1,5,10.000000,1000,50,0.100000,10,0.050000,1000.000000,0.001000,1,real_time_memory_aware,0.500000,0.500000,95.820000,479.100000,4791,18904,145,91.100000;97.100000;13.900000;97.100000;179.900000,0.548392,9ada2f3a47de,n42->n14;n39->n1;n37->n28;n24->n31;n36->n28,0.372381,0.372381
101,15,2,5,10.000000,1000,50,0.100000,10,0.050000,1000.000000,0.001000,1,historical_only,1.000000,0.500000,123.580000,617.900000,6179,5118,142,70.200000;125.500000;126.200000;101.300000;194.700000,0.331955,7e7b3091ef99,n34->n24;n7->n41;n33->n12;n45->n24;n37->n18,0.227068,0.379198
101,15,2,5,10.000000,1000,50,0.100000,10,0.050000,1000.000000,0.001000,1,real_time_memory_aware,0.500000,0.500000,128.900000,644.500000,6445,4437,137,65.100000;161.000000;109.600000;114.100000;194.700000,0.347328,7e7b3091ef99,n34->n24;n7->n41;n33->n12;n45->n24;n37->n18,0.487963,0.487963
202,15,2,5,10.000000,1000,50,0.100000,10,0.050000,1000.000000,0.001000,1,historical_only,1.000000,0.500000,99.700000,498.500000,4985,7034,172,29.600000;91.400000;194.700000;90.500000;92.300000,0.533527,8811bf5b22ad,n42->n6;n7->n50;n18->n10;n47->n46;n6->n11,0.253283,0.385011
202,15,2,5,10.000000,1000,50,0.100000,10,0.050000,1000.000000,0.001000,1,real_time_memory_aware,0.500000,0.500000,107.160000,535.800000,5358,6513,177,46.400000;113.200000;194.700000;88.900000;92.600000,0.455962,8811bf5b22ad,n42->n6;n7->n50;n18->n10;n47->n46;n6->n11,0.380952,0.380952
303,15,2,5,10.000000,1000,50,0.100000,10,0.050000,1000.000000,0.001000,1,historical_only,1.000000,0.500000,115.240000,576.200000,5762,4246,146,154.200000;91.500000;38.500000;137.400000;154.600000,0.388280,9ada2f3a47de,n42->n14;n39->n1;n37->n28;n24->n31;n36->n28,0.261338,0.353175
303,15,2,5,10.000000,1000,50,0.100000,10,0.050000,1000.000000,0.001000,1,real_time_memory_aware,0.500000,0.500000,118.940000,594.700000,5947,3234,147,159.700000;94.500000;50.300000;147.600000;142.600000,0.343609,9ada2f3a47de,n42->n14;n39->n1;n37->n28;n24->n31;n36->n28,0.491558,0.491558
101,15,3,5,10.000000,1000,50,0.100000,10,0.050000,1000.000000,0.001000,1,historical_only,1.000000,0.500000,123.080000,615.400000,6154,3010,146,69.700000;121.400000;124.400000;105.200000;194.700000,0.331091,7e7b3091ef99,n34->n24;n7->n41;n33->n12;n45->n24;n37->n18,0.153153,0.394080
101,15,3,5,10.000000,1000,50,0.100000,10,0.050000,1000.000000,0.001000,1,real_time_memory_aware,0.500000,0.500000,131.100000,655.500000,6555,2686,150,64.500000;168.700000;111.200000;116.400000;194.700000,0.349654,7e7b3091ef99,n34->n24;n7->n41;n33->n12;n45->n24;n37->n18,0.371401,0.371986
202,15,3,5,10.000000,1000,50,0.100000,10,0.050000,1000.000000,0.001000,1,historical_only,1.000000,0.500000,99.320000,496.600000,4966,4400,177,36.200000;80.100000;194.700000;101.400000;84.200000,0.526723,8811bf5b22ad,n42->n6;n7->n50;n18->n10;n47->n46;n6->n11,0.221477,0.350923
202,15,3,5,10.000000,1000,50,0.100000,10,0.050000,1000.000000,0.001000,1,real_time_memory_aware,0.500000,0.500000,107.100000,535.500000,5355,3876,179,39.100000;116.300000;194.700000;93.100000;92.300000,0.472375,8811bf5b22ad,n42->n6;n7->n50;n18->n10;n47->n46;n6->n11,0.470022,0.470022
303,15,3,5,10.000000,1000,50,0.100000,10,0.050000,1000.000000,0.001000,1,historical_only,1.000000,0.500000,116.580000,582.900000,5829,2119,149,153.400000;92.900000;51.400000;143.900000;141.300000,0.332711,9ada2f3a47de,n42->n14;n39->n1;n37->n28;n24->n31;n36->n28,0.247738,0.408452
303,15,3,5,10.000000,1000,50,0.100000,10,0.050000,1000.000000,0.001000,1,real_time_memory_aware,0.500000,0.500000,120.240000,601.200000,6012,1762,148,159.900000;94.900000;57.800000;154.100000;134.500000,0.321323,9ada2f3a47de,n42->n14;n39->n1;n37->n28;n24->n31;n36->n28,0.416553,0.428571
101,15,4,5,10.000000,1000,50,0.100000,10,0.050000,1000.000000,0.001000,1,historical_only,1.000000,0.500000,127.900000,639.500000,6395,1719,148,67.300000;128.300000;141.300000;107.900000;194.700000,0.326408,7e7b3091ef99,n34->n24;n7->n41;n33->n12;n45->n24;n37->n18,0.139728,0.348435
101,15,4,5,10.000000,1000,50,0.100000,10,0.050000,1000.000000,0.001000,1,real_time_memory_aware,0.500000,0.500000,130.200000,651.000000,6510,1856,149,63.700000;169.100000;108.700000;114.800000;194.700000,0.356876,7e7b3091ef99,n34->n24;n7->n41;n33->n12;n45->n24;n37->n18,0.351837,0.351837
202,15,4,5,10.000000,1000,50,0.100000,10,0.050000,1000.000000,0.001000,1,historical_only,1.000000,0.500000,95.080000,475.400000,4754,3693,174,23.800000;71.200000;194.700000;111.900000;73.800000,0.600712,8811bf5b22ad,n42->n6;n7->n50;n18->n10;n47->n46;n6->n11,0.091304,0.316149
202,15,4,5,10.000000,1000,50,0.100000,10,0.050000,1000.000000,0.001000,1,real_time_memory_aware,0.500000,0.500000,107.240000,536.200000,5362,2636,173,35.900000;114.400000;194.700000;99.000000;92.200000,0.477011,8811bf5b22ad,n42->n6;n7->n50;n18->n10;n47->n46;n6->n11,0.383278,0.383278
303,15,4,5,10.000000,1000,50,0.100000,10,0.050000,1000.000000,0.001000,1,historical_only,1.000000,0.500000,115.860000,579.300000,5793,1301,147,157.600000;92.400000;54.700000;136.700000;137.900000,0.321865,9ada2f3a47de,n42->n14;n39->n1;n37->n28;n24->n31;n36->n28,0.302165,0.414935
303,15,4,5,10.000000,1000,50,0.100000,10,0.050000,1000.000000,0.001000,1,real_time_memory_aware,0.500000,0.500000,120.560000,602.800000,6028,1146,150,158.700000;95.300000;60.000000;156.300000;132.500000,0.314325,9ada2f3a47de,n42->n14;n39->n1;n37->n28;n24->n31;n36->n28,0.392918,0.392918
101,15,5,5,10.000000,1000,50,0.100000,10,0.050000,1000.000000,0.001000,1,historical_only,1.000000,0.500000,123.520000,617.600000,6176,1339,149,66.600000;118.000000;128.900000;109.400000;194.700000,0.335080,7e7b3091ef99,n34->n24;n7->n41;n33->n12;n45->n24;n37->n18,0.233347,0.370190
101,15,5,5,10.000000,1000,50,0.100000,10,0.050000,1000.000000,0.001000,1,real_time_memory_aware,0.500000,0.500000,129.460000,647.300000,6473,1408,149,68.800000;175.500000;97.400000;110.900000;194.700000,0.369286,7e7b3091ef99,n34->n24;n7->n41;n33->n12;n45->n24;n37->n18,0.368651,0.368651
202,15,5,5,10.000000,1000,50,0.100000,10,0.050000,1000.000000,0.001000,1,historical_only,1.000000,0.500000,99.520000,497.600000,4976,2453,179,33.100000;73.200000;194.700000;113.300000;83.300000,0.543285,8811bf5b22ad,n42->n6;n7->n50;n18->n10;n47->n46;n6->n11,0.103110,0.363751
202,15,5,5,10.000000,1000,50,0.100000,10,0.050000,1000.000000,0.001000,1,real_time_memory_aware,0.500000,0.500000,105.580000,527.900000,5279,1959,178,37.600000;111.900000;194.700000;91.600000;92.100000,0.482595,8811bf5b22ad,n42->n6;n7->n50;n18->n10;n47->n46;n6->n11,0.421816,0.421816
303,15,5,5,10.000000,1000,50,0.100000,10,0.050000,1000.000000,0.001000,1,historical_only,1.000000,0.500000,115.300000,576.500000,5765,875,147,157.500000;93.100000;58.500000;133.400000;134.000000,0.304847,9ada2f3a47de,n42->n14;n39->n1;n37->n28;n24->n31;n36->n28,0.194425,0.388850
303,15,5,5,10.000000,1000,50,0.100000,10,0.050000,1000.000000,0.001000,1,real_time_memory_aware,0.500000,0.500000,120.720000,603.600000,6036,879,150,164.200000;96.300000;57.300000;150.500000;135.300000,0.323133,9ada2f3a47de,n42->n14;n39->n1;n37->n28;n24->n31;n36->n28,0.329304,0.329304
101,15,6,5,10.000000,1000,50,0.100000,10,0.050000,1000.000000,0.001000,1,historical_only,1.000000,0.500000,125.060000,625.300000,6253,1026,148,68.700000;117.300000;140.500000;104.100000;194.700000,0.334773,7e7b3091ef99,n34->n24;n7->n41;n33->n12;n45->n24;n37->n18,0.211701,0.340136
101,15,6,5,10.000000,1000,50,0.100000,10,0.050000,1000.000000,0.001000,1,real_time_memory_aware,0.500000,0.500000,128.540000,642.700000,6427,1035,149,67.900000;167.800000;100.100000;112.200000;194.700000,0.359410,7e7b3091ef99,n34->n24;n7->n41;n33->n12;n45->n24;n37->n18,0.322616,0.323886
202,15,6,5,10.000000,1000,50,0.100000,10,0.050000,1000.000000,0.001000,1,historical_only,1.000000,0.500000,100.200000,501.000000,5010,2014,170,21.900000;86.700000;194.700000;111.200000;86.500000,0.556598,8811bf5b22ad,n42->n6;n7->n50;n18->n10;n47->n46;n6->n11,-0.036640,0.354034
202,15,6,5,10.000000,1000,50,0.100000,10,0.050000,1000.000000,0.001000,1,real_time_memory_aware,0.500000,0.500000,105.800000,529.000000,5290,1522,175,32.500000;112.200000;194.700000;97.500000;92.100000,0.492467,8811bf5b22ad,n42->n6;n7->n50;n18->n10;n47->n46;n6->n11,0.365891,0.368992
303,15,6,5,10.000000,1000,50,0.100000,10,0.050000,1000.000000,0.001000,1,historical_only,1.000000,0.500000,114.860000,574.300000,5743,728,148,155.200000;97.100000;59.900000;129.700000;132.400000,0.288523,9ada2f3a47de,n42->n14;n39->n1;n37->n28;n24->n31;n36->n28,0.302076,0.407814
303,15,6,5,10.000000,1000,50,0.100000,10,0.050000,1000.000000,0.001000,1,real_time_memory_aware,0.500000,0.500000,122.380000,611.900000,6119,665,148,171.900000;96.300000;63.800000;151.400000;128.500000,0.315280,9ada2f3a47de,n42->n14;n39->n1;n37->n28;n24->n31;n36->n28,0.344653,0.344653
101,15,7,5,10.000000,1000,50,0.100000,10,0.050000,1000.000000,0.001000,1,historical_only,1.000000,0.500000,122.420000,612.100000,6121,789,149,71.000000;108.100000;135.900000;102.400000;194.700000,0.339876,7e7b3091ef99,n34->n24;n7->n41;n33->n12;n45->n24;n37->n18,0.179972,0.413025
101,15,7,5,10.000000,1000,50,0.100000,10,0.050000,1000.000000,0.001000,1,real_time_memory_aware,0.500000,0.500000,128.400000,642.000000,6420,871,150,70.700000;174.100000;93.300000;109.200000;194.700000,0.372110,7e7b3091ef99,n34->n24;n7->n41;n33->n12;n45->n24;n37->n18,0.329524,0.329524
202,15,7,5,10.000000,1000,50,0.100000,10,0.050000,1000.000000,0.001000,1,historical_only,1.000000,0.500000,101.020000,505.100000,5051,1665,178,30.800000;65.800000;194.700000;127.200000;86.600000,0.557177,8811bf5b22ad,n42->n6;n7->n50;n18->n10;n47->n46;n6->n11,0.071222,0.341822
202,15,7,5,10.000000,1000,50,0.100000,10,0.050000,1000.000000,0.001000,1,real_time_memory_aware,0.500000,0.500000,106.440000,532.200000,5322,1182,180,37.600000;110.500000;194.700000;96.900000;92.500000,0.475919,8811bf5b22ad,n42->n6;n7->n50;n18->n10;n47->n46;n6->n11,0.375637,0.378073
303,15,7,5,10.000000,1000,50,0.100000,10,0.050000,1000.000000,0.001000,1,historical_only,1.000000,0.500000,112.240000,561.200000,5612,514,148,151.500000;91.900000;62.400000;125.400000;130.000000,0.279698,9ada2f3a47de,n42->n14;n39->n1;n37->n28;n24->n31;n36->n28,0.292381,0.447857
303,15,7,5,10.000000,1000,50,0.100000,10,0.050000,1000.000000,0.001000,1,real_time_memory_aware,0.500000,0.500000,121.500000,607.500000,6075,548,150,171.500000;97.100000;73.000000;146.700000;119.200000,0.287193,9ada2f3a47de,n42->n14;n39->n1;n37->n28;n24->n31;n36->n28,0.347995,0.347995
101,15,8,5,10.000000,1000,50,0.100000,10,0.050000,1000.000000,0.001000,1,historical_only,1.000000,0.500000,122.720000,613.600000,6136,679,150,73.500000;107.000000;137.300000;101.100000;194.700000,0.336586,7e7b3091ef99,n34->n24;n7->n41;n33->n12;n45->n24;n37->n18,0.137395,0.357003
101,15,8,5,10.000000,1000,50,0.100000,10,0.050000,1000.000000,0.001000,1,real_time_memory_aware,0.500000,0.500000,127.500000,637.500000,6375,762,147,76.400000;176.500000;87.000000;102.900000;194.700000,0.380590,7e7b3091ef99,n34->n24;n7->n41;n33->n12;n45->n24;n37->n18,0.317216,0.326832
202,15,8,5,10.000000,1000,50,0.100000,10,0.050000,1000.000000,0.001000,1,historical_only,1.000000,0.500000,97.980000,489.900000,4899,1116,180,42.300000;71.900000;194.700000;91.400000;89.600000,0.525369,8811bf5b22ad,n42->n6;n7->n50;n18->n10;n47->n46;n6->n11,0.178717,0.363751
202,15,8,5,10.000000,1000,50,0.100000,10,0.050000,1000.000000,0.001000,1,real_time_memory_aware,0.500000,0.500000,104.560000,522.800000,5228,1004,180,36.100000;106.000000;194.700000;94.700000;91.300000,0.489296,8811bf5b22ad,n42->n6;n7->n50;n18->n10;n47->n46;n6->n11,0.378627,0.381063
303,15,8,5,10.000000,1000,50,0.100000,10,0.050000,1000.000000,0.001000,1,historical_only,1.000000,0.500000,111.480000,557.400000,5574,448,149,153.000000;90.700000;62.600000;121.300000;129.800000,0.283011,9ada2f3a47de,n42->n14;n39->n1;n37->n28;n24->n31;n36->n28,0.126185,0.412143
303,15,8,5,10.000000,1000,50,0.100000,10,0.050000,1000.000000,0.001000,1,real_time_memory_aware,0.500000,0.500000,120.780000,603.900000,6039,422,150,171.300000;97.100000;69.300000;143.400000;122.800000,0.293402,9ada2f3a47de,n42->n14;n39->n1;n37->n28;n24->n31;n36->n28,0.327068,0.327068
101,15,9,5,10.000000,1000,50,0.100000,10,0.050000,1000.000000,0.001000,1,historical_only,1.000000,0.500000,121.540000,607.700000,6077,513,147,69.600000;107.100000;134.500000;101.800000;194.700000,0.345493,7e7b3091ef99,n34->n24;n7->n41;n33->n12;n45->n24;n37->n18,0.197687,0.331293
101,15,9,5,10.000000,1000,50,0.100000,10,0.050000,1000.000000,0.001000,1,real_time_memory_aware,0.500000,0.500000,126.920000,634.600000,6346,640,149,74.400000;177.300000;81.900000;106.300000;194.700000,0.391461,7e7b3091ef99,n34->n24;n7->n41;n33->n12;n45->n24;n37->n18,0.378413,0.378413
202,15,9,5,10.000000,1000,50,0.100000,10,0.050000,1000.000000,0.001000,1,historical_only,1.000000,0.500000,100.200000,501.000000,5010,1259,176,32.300000;71.300000;194.700000;126.700000;76.000000,0.558593,8811bf5b22ad,n42->n6;n7->n50;n18->n10;n47->n46;n6->n11,0.135818,0.379296
202,15,9,5,10.000000,1000,50,0.100000,10,0.050000,1000.000000,0.001000,1,real_time_memory_aware,0.500000,0.500000,102.220000,511.100000,5111,875,180,29.500000;104.300000;194.700000;91.200000;91.400000,0.519201,8811bf5b22ad,n42->n6;n7->n50;n18->n10;n47->n46;n6->n11,0.367442,0.369878
303,15,9,5,10.000000,1000,50,0.100000,10,0.050000,1000.000000,0.001000,1,historical_only,1.000000,0.500000,113.200000,566.000000,5660,312,150,155.600000;90.800000;68.800000;127.100000;123.700000,0.267198,9ada2f3a47de,n42->n14;n39->n1;n37->n28;n24->n31;n36->n28,0.213595,0.464818
303,15,9,5,10.000000,1000,50,0.100000,10,0.050000,1000.000000,0.001000,1,real_time_memory_aware,0.500000,0.500000,119.920000,599.600000,5996,333,149,169.900000;97.100000;66.300000;140.000000;126.300000,0.296887,9ada2f3a47de,n42->n14;n39->n1;n37->n28;n24->n31;n36->n28,0.339805,0.348107
101,15,10,5,10.000000,1000,50,0.100000,10,0.050000,1000.000000,0.001000,1,historical_only,1.000000,0.500000,121.320000,606.600000,6066,439,150,72.300000;105.000000;135.900000;98.700000;194.700000,0.345370,7e7b3091ef99,n34->n24;n7->n41;n33->n12;n45->n24;n37->n18,0.222549,0.486134
101,15,10,5,10.000000,1000,50,0.100000,10,0.050000,1000.000000,0.001000,1,real_time_memory_aware,0.500000,0.500000,127.740000,638.700000,6387,527,149,74.000000;180.200000;84.300000;105.500000;194.700000,0.391504,7e7b3091ef99,n34->n24;n7->n41;n33->n12;n45->n24;n37->n18,0.356463,0.356463
202,15,10,5,10.000000,1000,50,0.100000,10,0.050000,1000.000000,0.001000,1,historical_only,1.000000,0.500000,96.420000,482.100000,4821,918,180,38.000000;75.200000;194.700000;103.100000;71.100000,0.552856,8811bf5b22ad,n42->n6;n7->n50;n18->n10;n47->n46;n6->n11,0.200777,0.373372
202,15,10,5,10.000000,1000,50,0.100000,10,0.050000,1000.000000,0.001000,1,real_time_memory_aware,0.500000,0.500000,102.380000,511.900000,5119,762,178,27.500000;105.400000;194.700000;93.300000;91.000000,0.523289,8811bf5b22ad,n42->n6;n7->n50;n18->n10;n47->n46;n6->n11,0.387486,0.387486
303,15,10,5,10.000000,1000,50,0.100000,10,0.050000,1000.000000,0.001000,1,historical_only,1.000000,0.500000,110.080000,550.400000,5504,172,149,146.800000;88.700000;66.100000;122.500000;126.300000,0.261938,9ada2f3a47de,n42->n14;n39->n1;n37->n28;n24->n31;n36->n28,0.188803,0.414801
303,15,10,5,10.000000,1000,50,0.100000,10,0.050000,1000.000000,0.001000,1,real_time_memory_aware,0.500000,0.500000,119.760000,598.800000,5988,285,149,170.200000;97.100000;72.000000;138.800000;120.700000,0.281981,9ada2f3a47de,n42->n14;n39->n1;n37->n28;n24->n31;n36->n28,0.343372,0.364994
101,16,1,5,10.000000,1000,50,0.100000,10,0.050000,1000.000000,0.001000,1,historical_only,1.000000,0.500000,97.200000,486.000000,4860,21796,154,97.100000;90.800000;97.100000;6.300000;194.700000,0.614018,7e7b3091ef99,n34->n24;n7->n41;n33->n12;n45->n24;n37->n18,0.352381,0.352381
101,16,1,5,10.000000,1000,50,0.100000,10,0.050000,1000.000000,0.001000,1,real_time_memory_aware,0.500000,0.500000,97.200000,486.000000,4860,21796,154,97.100000;90.800000;97.100000;6.300000;194.700000,0.614018,7e7b3091ef99,n34->n24;n7->n41;n33->n12;n45->n24;n37->n18,0.352381,0.352381
202,16,1,5,10.000000,1000,50,0.100000,10,0.050000,1000.000000,0.001000,1,historical_only,1.000000,0.500000,82.680000,413.400000,4134,26573,189,3.100000;95.500000;194.700000;29.000000;91.100000,0.802248,8811bf5b22ad,n42->n6;n7->n50;n18->n10;n47->n46;n6->n11,0.324206,0.324206
202,16,1,5,10.000000,1000,50,0.100000,10,0.050000,1000.000000,0.001000,1,real_time_memory_aware,0.500000,0.500000,82.680000,413.400000,4134,26573,189,3.100000;95.500000;194.700000;29.000000;91.100000,0.802248,8811bf5b22ad,n42->n6;n7->n50;n18->n10;n47->n46;n6->n11,0.324206,0.324206
303,16,1,5,10.000000,1000,50,0.100000,10,0.050000,1000.000000,0.001000,1,historical_only,1.000000,0.500000,96.560000,482.800000,4828,20904,157,94.600000;97.100000;37.100000;97.100000;156.900000,0.392469,9ada2f3a47de,n42->n14;n39->n1;n37->n28;n24->n31;n36->n28,0.421429,0.421429
303,16,1,5,10.000000,1000,50,0.100000,10,0.050000,1000.000000,0.001000,1,real_time_memory_aware,0.500000,0.500000,96.560000,482.800000,4828,20904,157,94.600000;97.100000;37.100000;97.100000;156.900000,0.392469,9ada2f3a47de,n42->n14;n39->n1;n37->n28;n24->n31;n36->n28,0.421429,0.421429
101,16,2,5,10.000000,1000,50,0.100000,10,0.050000,1000.000000,0.001000,1,historical_only,1.000000,0.500000,125.120000,625.600000,6256,5981,158,71.200000;130.900000;128.700000;100.100000;194.700000,0.327997,7e7b3091ef99,n34->n24;n7->n41;n33->n12;n45->n24;n37->n18,0.243372,0.429215
101,16,2,5,10.000000,1000,50,0.100000,10,0.050000,1000.000000,0.001000,1,real_time_memory_aware,0.500000,0.500000,127.120000,635.600000,6356,5123,152,60.300000;163.500000;97.700000;119.400000;194.700000,0.373652,7e7b3091ef99,n34->n24;n7->n41;n33->n12;n45->n24;n37->n18,0.498016,0.498016
202,16,2,5,10.000000,1000,50,0.100000,10,0.050000,1000.000000,0.001000,1,historical_only,1.000000,0.500000,100.000000,500.000000,5000,7952,185,34.800000;87.600000;194.700000;90.500000;92.400000,0.520017,8811bf5b22ad,n42->n6;n7->n50;n18->n10;n47->n46;n6->n11,0.166472,0.327405
202,16,2,5,10.000000,1000,50,0.100000,10,0.050000,1000.000000,0.001000,1,real_time_memory_aware,0.500000,0.500000,105.720000,528.600000,5286,7371,191,47.600000;109.600000;194.700000;83.900000;92.800000,0.462493,8811bf5b22ad,n42->n6;n7->n50;n18->n10;n47->n46;n6->n11,0.433916,0.433916
303,16,2,5,10.000000,1000,50,0.100000,10,0.050000,1000.000000,0.001000,1,historical_only,1.000000,0.500000,114.160000,570.800000,5708,5025,153,153.900000;91.800000;38.600000;132.200000;154.300000,0.386323,9ada2f3a47de,n42->n14;n39->n1;n37->n28;n24->n31;n36->n28,0.265079,0.421481
303,16,2,5,10.000000,1000,50,0.100000,10,0.050000,1000.000000,0.001000,1,real_time_memory_aware,0.500000,0.500000,118.640000,593.200000,5932,3756,151,163.400000;94.500000;44.300000;142.500000;148.500000,0.368825,9ada2f3a47de,n42->n14;n39->n1;n37->n28;n24->n31;n36->n28,0.460606,0.460606
101,16,3,5,10.000000,1000,50,0.100000,10,0.050000,1000.000000,0.001000,1,historical_only,1.000000,0.500000,132.140000,660.700000,6607,2983,151,61.500000;141.600000;149.400000;113.500000;194.700000,0.332268,7e7b3091ef99,n34->n24;n7->n41;n33->n12;n45->n24;n37->n18,0.097619,0.371303
101,16,3,5,10.000000,1000,50,0.100000,10,0.050000,1000.000000,0.001000,1,real_time_memory_aware,0.500000,0.500000,130.720000,653.600000,6536,3092,138,65.600000;169.600000;108.500000;115.200000;194.700000,0.351902,7e7b3091ef99,n34->n24;n7->n41;n33->n12;n45->n24;n37->n18,0.340212,0.340212
202,16,3,5,10.000000,1000,50,0.100000,10,0.050000,1000.000000,0.001000,1,historical_only,1.000000,0.500000,84.860000,424.300000,4243,6377,182,16.300000;69.600000;194.700000;54.000000;89.700000,0.706535,8811bf5b22ad,n42->n6;n7->n50;n18->n10;n47->n46;n6->n11,0.074468,0.408815
202,16,3,5,10.000000,1000,50,0.100000,10,0.050000,1000.000000,0.001000,1,real_time_memory_aware,0.500000,0.500000,107.940000,539.700000,5397,4348,189,41.700000;115.700000;194.700000;95.100000;92.500000,0.460964,8811bf5b22ad,n42->n6;n7->n50;n18->n10;n47->n46;n6->n11,0.445998,0.448227
303,16,3,5,10.000000,1000,50,0.100000,10,0.050000,1000.000000,0.001000,1,historical_only,1.000000,0.500000,116.840000,584.200000,5842,2403,159,158.000000;94.100000;48.000000;139.500000;144.600000,0.347325,9ada2f3a47de,n42->n14;n39->n1;n37->n28;n24->n31;n36->n28,0.306984,0.399048
303,16,3,5,10.000000,1000,50,0.100000,10,0.050000,1000.000000,0.001000,1,real_time_memory_aware,0.500000,0.500000,120.700000,603.500000,6035,2023,155,160.300000;95.200000;46.800000;155.000000;146.200000,0.361256,9ada2f3a47de,n42->n14;n39->n1;n37->n28;n24->n31;n36->n28,0.379932,0.379932
101,16,4,5,10.000000,1000,50,0.100000,10,0.050000,1000.000000,0.001000,1,historical_only,1.000000,0.500000,128.600000,643.000000,6430,2087,157,66.800000;130.900000;142.700000;107.900000;194.700000,0.326613,7e7b3091ef99,n34->n24;n7->n41;n33->n12;n45->n24;n37->n18,0.237093,0.419549
101,16,4,5,10.000000,1000,50,0.100000,10,0.050000,1000.000000,0.001000,1,real_time_memory_aware,0.500000,0.500000,128.500000,642.500000,6425,2180,156,65.500000;171.100000;97.100000;114.100000;194.700000,0.370930,7e7b3091ef99,n34->n24;n7->n41;n33->n12;n45->n24;n37->n18,0.378307,0.378307
202,16,4,5,10.000000,1000,50,0.100000,10,0.050000,1000.000000,0.001000,1,historical_only,1.000000,0.500000,97.540000,487.700000,4877,3792,187,29.000000;75.200000;194.700000;105.600000;83.200000,0.559802,8811bf5b22ad,n42->n6;n7->n50;n18->n10;n47->n46;n6->n11,0.150760,0.351570
202,16,4,5,10.000000,1000,50,0.100000,10,0.050000,1000.000000,0.001000,1,real_time_memory_aware,0.500000,0.500000,105.620000,528.100000,5281,3077,188,37.700000;108.700000;194.700000;95.900000;91.100000,0.480223,8811bf5b22ad,n42->n6;n7->n50;n18->n10;n47->n46;n6->n11,0.395349,0.395349
303,16,4,5,10.000000,1000,50,0.100000,10,0.050000,1000.000000,0.001000,1,historical_only,1.000000,0.500000,115.160000,575.800000,5758,1586,156,156.800000;92.500000;51.200000;133.600000;141.700000,0.333672,9ada2f3a47de,n42->n14;n39->n1;n37->n28;n24->n31;n36->n28,0.264286,0.396154
303,16,4,5,10.000000,1000,50,0.100000,10,0.050000,1000.000000,0.001000,1,real_time_memory_aware,0.500000,0.500000,121.360000,606.800000,6068,1402,153,162.700000;95.500000;56.700000;155.500000;136.400000,0.328574,9ada2f3a47de,n42->n14;n39->n1;n37->n28;n24->n31;n36->n28,0.403252,0.406039
101,16,5,5,10.000000,1000,50,0.100000,10,0.050000,1000.000000,0.001000,1,historical_only,1.000000,0.500000,129.620000,648.100000,6481,1532,153,63.500000;135.500000;143.400000;111.000000;194.700000,0.330542,7e7b3091ef99,n34->n24;n7->n41;n33->n12;n45->n24;n37->n18,0.083971,0.340089
101,16,5,5,10.000000,1000,50,0.100000,10,0.050000,1000.000000,0.001000,1,real_time_memory_aware,0.500000,0.500000,128.040000,640.200000,6402,1585,158,64.500000;170.300000;94.700000;116.000000;194.700000,0.374937,7e7b3091ef99,n34->n24;n7->n41;n33->n12;n45->n24;n37->n18,0.402721,0.402721
202,16,5,5,10.000000,1000,50,0.100000,10,0.050000,1000.000000,0.001000,1,historical_only,1.000000,0.500000,80.600000,403.000000,4030,3863,190,14.600000;60.200000;194.700000;56.000000;77.500000,0.752760,8811bf5b22ad,n42->n6;n7->n50;n18->n10;n47->n46;n6->n11,0.021783,0.341135
202,16,5,5,10.000000,1000,50,0.100000,10,0.050000,1000.000000,0.001000,1,real_time_memory_aware,0.500000,0.500000,105.240000,526.200000,5262,2244,187,32.600000;108.700000;194.700000;98.400000;91.800000,0.494091,8811bf5b22ad,n42->n6;n7->n50;n18->n10;n47->n46;n6->n11,0.378738,0.381174
303,16,5,5,10.000000,1000,50,0.100000,10,0.050000,1000.000000,0.001000,1,historical_only,1.000000,0.500000,114.920000,574.600000,5746,1148,160,155.800000;92.600000;53.300000;133.500000;139.400000,0.323508,9ada2f3a47de,n42->n14;n39->n1;n37->n28;n24->n31;n36->n28,0.147357,0.387224
303,16,5,5,10.000000,1000,50,0.100000,10,0.050000,1000.000000,0.001000,1,real_time_memory_aware,0.500000,0.500000,121.760000,608.800000,6088,1015,158,162.200000;95.700000;56.300000;158.000000;136.600000,0.331237,9ada2f3a47de,n42->n14;n39->n1;n37->n28;n24->n31;n36->n28,0.370000,0.370000
101,16,6,5,10.000000,1000,50,0.100000,10,0.050000,1000.000000,0.001000,1,historical_only,1.000000,0.500000,125.960000,629.800000,6298,1163,156,67.100000;120.700000;140.800000;106.500000;194.700000,0.333369,7e7b3091ef99,n34->n24;n7->n41;n33->n12;n45->n24;n37->n18,0.204898,0.460136
101,16,6,5,10.000000,1000,50,0.100000,10,0.050000,1000.000000,0.001000,1,real_time_memory_aware,0.500000,0.500000,127.840000,639.200000,6392,1319,159,71.100000;176.200000;90.300000;106.900000;194.700000,0.381229,7e7b3091ef99,n34->n24;n7->n41;n33->n12;n45->n24;n37->n18,0.359728,0.359728
202,16,6,5,10.000000,1000,50,0.100000,10,0.050000,1000.000000,0.001000,1,historical_only,1.000000,0.500000,100.040000,500.200000,5002,2416,191,21.600000;67.500000;194.700000;132.400000;84.000000,0.590977,8811bf5b22ad,n42->n6;n7->n50;n18->n10;n47->n46;n6->n11,0.088855,0.358764
202,16,6,5,10.000000,1000,50,0.100000,10,0.050000,1000.000000,0.001000,1,real_time_memory_aware,0.500000,0.500000,102.640000,513.200000,5132,1850,187,28.500000;105.100000;194.700000;93.100000;91.800000,0.518960,8811bf5b22ad,n42->n6;n7->n50;n18->n10;n47->n46;n6->n11,0.424585,0.424585
303,16,6,5,10.000000,1000,50,0.100000,10,0.050000,1000.000000,0.001000,1,historical_only,1.000000,0.500000,113.900000,569.500000,5695,883,160,151.600000;95.600000;60.000000;129.600000;132.700000,0.284799,9ada2f3a47de,n42->n14;n39->n1;n37->n28;n24->n31;n36->n28,0.256636,0.415521
303,16,6,5,10.000000,1000,50,0.100000,10,0.050000,1000.000000,0.001000,1,real_time_memory_aware,0.500000,0.500000,120.720000,603.600000,6036,821,159,164.200000;95.500000;51.600000;151.000000;141.300000,0.344435,9ada2f3a47de,n42->n14;n39->n1;n37->n28;n24->n31;n36->n28,0.310012,0.310012
101,16,7,5,10.000000,1000,50,0.100000,10,0.050000,1000.000000,0.001000,1,historical_only,1.000000,0.500000,124.660000,623.300000,6233,948,160,69.500000;114.100000;141.700000;103.300000;194.700000,0.336656,7e7b3091ef99,n34->n24;n7->n41;n33->n12;n45->n24;n37->n18,0.066667,0.388360
101,16,7,5,10.000000,1000,50,0.100000,10,0.050000,1000.000000,0.001000,1,real_time_memory_aware,0.500000,0.500000,125.940000,629.700000,6297,1043,160,67.600000;171.800000;85.800000;109.800000;194.700000,0.390713,7e7b3091ef99,n34->n24;n7->n41;n33->n12;n45->n24;n37->n18,0.319184,0.319184
202,16,7,5,10.000000,1000,50,0.100000,10,0.050000,1000.000000,0.001000,1,historical_only,1.000000,0.500000,102.280000,511.400000,5114,1850,191,30.000000;75.500000;194.700000;127.100000;84.100000,0.543127,8811bf5b22ad,n42->n6;n7->n50;n18->n10;n47->n46;n6->n11,0.129209,0.421408
202,16,7,5,10.000000,1000,50,0.100000,10,0.050000,1000.000000,0.001000,1,real_time_memory_aware,0.500000,0.500000,102.800000,514.000000,5140,1446,189,26.100000;105.100000;194.700000;96.900000;91.200000,0.523906,8811bf5b22ad,n42->n6;n7->n50;n18->n10;n47->n46;n6->n11,0.427796,0.427796
303,16,7,5,10.000000,1000,50,0.100000,10,0.050000,1000.000000,0.001000,1,historical_only,1.000000,0.500000,114.480000,572.400000,5724,528,159,159.700000;90.800000;62.100000;129.400000;130.400000,0.298157,9ada2f3a47de,n42->n14;n39->n1;n37->n28;n24->n31;n36->n28,0.133083,0.307769
303,16,7,5,10.000000,1000,50,0.100000,10,0.050000,1000.000000,0.001000,1,real_time_memory_aware,0.500000,0.500000,122.380000,611.900000,6119,687,159,170.400000;97.100000;56.500000;151.600000;136.300000,0.333579,9ada2f3a47de,n42->n14;n39->n1;n37->n28;n24->n31;n36->n28,0.351754,0.351754
101,16,8,5,10.000000,1000,50,0.100000,10,0.050000,1000.000000,0.001000,1,historical_only,1.000000,0.500000,122.900000,614.500000,6145,784,159,69.100000;108.400000;138.500000;103.800000;194.700000,0.342672,7e7b3091ef99,n34->n24;n7->n41;n33->n12;n45->n24;n37->n18,0.194286,0.318912
101,16,8,5,10.000000,1000,50,0.100000,10,0.050000,1000.000000,0.001000,1,real_time_memory_aware,0.500000,0.500000,124.700000,623.500000,6235,845,160,69.600000;168.400000;82.000000;108.800000;194.700000,0.391579,7e7b3091ef99,n34->n24;n7->n41;n33->n12;n45->n24;n37->n18,0.322313,0.322313
202,16,8,5,10.000000,1000,50,0.100000,10,0.050000,1000.000000,0.001000,1,historical_only,1.000000,0.500000,93.040000,465.200000,4652,1744,189,19.200000;59.000000;194.700000;109.900000;82.400000,0.633011,8811bf5b22ad,n42->n6;n7->n50;n18->n10;n47->n46;n6->n11,0.057764,0.386542
202,16,8,5,10.000000,1000,50,0.100000,10,0.050000,1000.000000,0.001000,1,real_time_memory_aware,0.500000,0.500000,101.500000,507.500000,5075,1269,189,26.200000;100.700000;194.700000;95.600000;90.300000,0.530873,8811bf5b22ad,n42->n6;n7->n50;n18->n10;n47->n46;n6->n11,0.374862,0.374862
303,16,8,5,10.000000,1000,50,0.100000,10,0.050000,1000.000000,0.001000,1,historical_only,1.000000,0.500000,112.400000,562.000000,5620,449,159,156.100000;90.600000;56.000000;122.500000;136.800000,0.314883,9ada2f3a47de,n42->n14;n39->n1;n37->n28;n24->n31;n36->n28,0.120068,0.398073
303,16,8,5,10.000000,1000,50,0.100000,10,0.050000,1000.000000,0.001000,1,real_time_memory_aware,0.500000,0.500000,121.480000,607.400000,6074,528,159,170.500000;97.100000;58.900000;146.700000;134.200000,0.323280,9ada2f3a47de,n42->n14;n39->n1;n37->n28;n24->n31;n36->n28,0.327945,0.327945
101,16,9,5,10.000000,1000,50,0.100000,10,0.050000,1000.000000,0.001000,1,historical_only,1.000000,0.500000,122.940000,614.700000,6147,637,159,71.400000;108.400000;139.200000;101.000000;194.700000,0.340525,7e7b3091ef99,n34->n24;n7->n41;n33->n12;n45->n24;n37->n18,0.213061,0.425034
101,16,9,5,10.000000,1000,50,0.100000,10,0.050000,1000.000000,0.001000,1,real_time_memory_aware,0.500000,0.500000,124.700000,623.500000,6235,751,158,70.900000;174.100000;76.600000;107.200000;194.700000,0.406611,7e7b3091ef99,n34->n24;n7->n41;n33->n12;n45->n24;n37->n18,0.308579,0.308579
202,16,9,5,10.000000,1000,50,0.100000,10,0.050000,1000.000000,0.001000,1,historical_only,1.000000,0.500000,98.860000,494.300000,4943,1392,191,19.100000;74.000000;194.700000;118.400000;88.100000,0.583936,8811bf5b22ad,n42->n6;n7->n50;n18->n10;n47->n46;n6->n11,0.068155,0.285813
202,16,9,5,10.000000,1000,50,0.100000,10,0.050000,1000.000000,0.001000,1,real_time_memory_aware,0.500000,0.500000,100.000000,500.000000,5000,1079,188,23.100000;96.700000;194.700000;95.300000;90.200000,0.547918,8811bf5b22ad,n42->n6;n7->n50;n18->n10;n47->n46;n6->n11,0.364009,0.364009
303,16,9,5,10.000000,1000,50,0.100000,10,0.050000,1000.000000,0.001000,1,historical_only,1.000000,0.500000,113.700000,568.500000,5685,370,156,158.100000;91.700000;62.800000;126.300000;129.600000,0.290577,9ada2f3a47de,n42->n14;n39->n1;n37->n28;n24->n31;n36->n28,0.183655,0.479665
303,16,9,5,10.000000,1000,50,0.100000,10,0.050000,1000.000000,0.001000,1,real_time_memory_aware,0.500000,0.500000,121.020000,605.100000,6051,405,160,169.800000;97.100000;62.600000;145.500000;130.100000,0.310197,9ada2f3a47de,n42->n14;n39->n1;n37->n28;n24->n31;n36->n28,0.370677,0.379449
101,16,10,5,10.000000,1000,50,0.100000,10,0.050000,1000.000000,0.001000,1,historical_only,1.000000,0.500000,122.680000,613.400000,6134,495,160,68.500000;106.700000;139.200000;104.300000;194.700000,0.345608,7e7b3091ef99,n34->n24;n7->n41;n33->n12;n45->n24;n37->n18,0.135102,0.425986
101,16,10,5,10.000000,1000,50,0.100000,10,0.050000,1000.000000,0.001000,1,real_time_memory_aware,0.500000,0.500000,123.260000,616.300000,6163,673,158,74.400000;174.500000;69.500000;103.200000;194.700000,0.420138,7e7b3091ef99,n34->n24;n7->n41;n33->n12;n45->n24;n37->n18,0.328435,0.328435
202,16,10,5,10.000000,1000,50,0.100000,10,0.050000,1000.000000,0.001000,1,historical_only,1.000000,0.500000,99.920000,499.600000,4996,1244,188,20.000000;62.100000;194.700000;141.000000;81.800000,0.613952,8811bf5b22ad,n42->n6;n7->n50;n18->n10;n47->n46;n6->n11,0.056163,0.328301
202,16,10,5,10.000000,1000,50,0.100000,10,0.050000,1000.000000,0.001000,1,real_time_memory_aware,0.500000,0.500000,101.120000,505.600000,5056,841,189,21.000000;100.100000;194.700000;98.400000;91.400000,0.546676,8811bf5b22ad,n42->n6;n7->n50;n18->n10;n47->n46;n6->n11,0.333998,0.336434
303,16,10,5,10.000000,1000,50,0.100000,10,0.050000,1000.000000,0.001000,1,historical_only,1.000000,0.500000,112.060000,560.300000,5603,282,160,149.400000;90.700000;63.300000;127.500000;129.400000,0.275545,9ada2f3a47de,n42->n14;n39->n1;n37->n28;n24->n31;n36->n28,0.242460,0.487434
303,16,10,5,10.000000,1000,50,0.100000,10,0.050000,1000.000000,0.001000,1,real_time_memory_aware,0.500000,0.500000,120.400000,602.000000,6020,323,160,168.800000;97.100000;65.700000;143.300000;127.100000,0.298237,9ada2f3a47de,n42->n14;n39->n1;n37->n28;n24->n31;n36->n28,0.299614,0.299614
101,17,1,5,10.000000,1000,50,0.100000,10,0.050000,1000.000000,0.001000,1,historical_only,1.000000,0.500000,97.200000,486.000000,4860,23718,166,97.100000;88.100000;97.100000;9.000000;194.700000,0.606356,7e7b3091ef99,n34->n24;n7->n41;n33->n12;n45->n24;n37->n18,0.333333,0.333333
101,17,1,5,10.000000,1000,50,0.100000,10,0.050000,1000.000000,0.001000,1,real_time_memory_aware,0.500000,0.500000,97.200000,486.000000,4860,23718,166,97.100000;88.100000;97.100000;9.000000;194.700000,0.606356,7e7b3091ef99,n34->n24;n7->n41;n33->n12;n45->n24;n37->n18,0.333333,0.333333
202,17,1,5,10.000000,1000,50,0.100000,10,0.050000,1000.000000,0.001000,1,historical_only,1.000000,0.500000,86.520000,432.600000,4326,28719,201,1.800000;96.100000;194.700000;49.000000;91.000000,0.738267,8811bf5b22ad,n42->n6;n7->n50;n18->n10;n47->n46;n6->n11,0.381746,0.381746
202,17,1,5,10.000000,1000,50,0.100000,10,0.050000,1000.000000,0.001000,1,real_time_memory_aware,0.500000,0.500000,86.520000,432.600000,4326,28719,201,1.800000;96.100000;194.700000;49.000000;91.000000,0.738267,8811bf5b22ad,n42->n6;n7->n50;n18->n10;n47->n46;n6->n11,0.381746,0.381746
303,17,1,5,10.000000,1000,50,0.100000,10,0.050000,1000.000000,0.001000,1,historical_only,1.000000,0.500000,96.200000,481.000000,4810,22770,168,92.700000;97.100000;40.900000;97.100000;153.200000,0.369600,9ada2f3a47de,n42->n14;n39->n1;n37->n28;n24->n31;n36->n28,0.420476,0.420476
303,17,1,5,10.000000,1000,50,0.100000,10,0.050000,1000.000000,0.001000,1,real_time_memory_aware,0.500000,0.500000,96.200000,481.000000,4810,22770,168,92.700000;97.100000;40.900000;97.100000;153.200000,0.369600,9ada2f3a47de,n42->n14;n39->n1;n37->n28;n24->n31;n36->n28,0.420476,0.420476
101,17,2,5,10.000000,1000,50,0.100000,10,0.050000,1000.000000,0.001000,1,historical_only,1.000000,0.500000,128.200000,641.000000,6410,6509,167,69.400000;124.700000;149.900000;102.300000;194.700000,0.331557,7e7b3091ef99,n34->n24;n7->n41;n33->n12;n45->n24;n37->n18,0.277492,0.363457
101,17,2,5,10.000000,1000,50,0.100000,10,0.050000,1000.000000,0.001000,1,real_time_memory_aware,0.500000,0.500000,126.280000,631.400000,6314,5795,158,60.700000;166.000000;91.500000;118.500000;194.700000,0.385186,7e7b3091ef99,n34->n24;n7->n41;n33->n12;n45->n24;n37->n18,0.443783,0.443783
202,17,2,5,10.000000,1000,50,0.100000,10,0.050000,1000.000000,0.001000,1,historical_only,1.000000,0.500000,98.840000,494.200000,4942,9433,199,39.900000;83.500000;194.700000;88.000000;88.100000,0.518484,8811bf5b22ad,n42->n6;n7->n50;n18->n10;n47->n46;n6->n11,0.271040,0.357726
202,17,2,5,10.000000,1000,50,0.100000,10,0.050000,1000.000000,0.001000,1,real_time_memory_aware,0.500000,0.500000,104.120000,520.600000,5206,8311,194,42.800000;106.300000;194.700000;83.900000;92.900000,0.480299,8811bf5b22ad,n42->n6;n7->n50;n18->n10;n47->n46;n6->n11,0.434127,0.436706
303,17,2,5,10.000000,1000,50,0.100000,10,0.050000,1000.000000,0.001000,1,historical_only,1.000000,0.500000,114.880000,574.400000,5744,5716,166,156.700000;93.100000;22.700000;131.000000;170.900000,0.462557,9ada2f3a47de,n42->n14;n39->n1;n37->n28;n24->n31;n36->n28,0.262328,0.334074
303,17,2,5,10.000000,1000,50,0.100000,10,0.050000,1000.000000,0.001000,1,real_time_memory_aware,0.500000,0.500000,117.900000,589.500000,5895,4381,165,160.600000;94.400000;37.900000;141.400000;155.200000,0.392717,9ada2f3a47de,n42->n14;n39->n1;n37->n28;n24->n31;n36->n28,0.444963,0.444963
101,17,3,5,10.000000,1000,50,0.100000,10,0.050000,1000.000000,0.001000,1,historical_only,1.000000,0.500000,127.860000,639.300000,6393,3617,166,66.300000;123.000000;150.000000;105.300000;194.700000,0.336941,7e7b3091ef99,n34->n24;n7->n41;n33->n12;n45->n24;n37->n18,0.161156,0.423311
101,17,3,5,10.000000,1000,50,0.100000,10,0.050000,1000.000000,0.001000,1,real_time_memory_aware,0.500000,0.500000,129.580000,647.900000,6479,3488,163,61.700000;167.800000;104.800000;118.900000;194.700000,0.362582,7e7b3091ef99,n34->n24;n7->n41;n33->n12;n45->n24;n37->n18,0.460979,0.460979
202,17,3,5,10.000000,1000,50,0.100000,10,0.050000,1000.000000,0.001000,1,historical_only,1.000000,0.500000,99.640000,498.200000,4982,5623,203,38.600000;84.100000;194.700000;96.100000;84.700000,0.516437,8811bf5b22ad,n42->n6;n7->n50;n18->n10;n47->n46;n6->n11,0.242659,0.353968
202,17,3,5,10.000000,1000,50,0.100000,10,0.050000,1000.000000,0.001000,1,real_time_memory_aware,0.500000,0.500000,104.140000,520.700000,5207,5059,202,37.900000;110.600000;194.700000;84.900000;92.600000,0.492147,8811bf5b22ad,n42->n6;n7->n50;n18->n10;n47->n46;n6->n11,0.466224,0.466224
303,17,3,5,10.000000,1000,50,0.100000,10,0.050000,1000.000000,0.001000,1,historical_only,1.000000,0.500000,116.420000,582.100000,5821,2811,168,155.800000;93.700000;47.800000;139.300000;145.500000,0.346680,9ada2f3a47de,n42->n14;n39->n1;n37->n28;n24->n31;n36->n28,0.247619,0.349351
303,17,3,5,10.000000,1000,50,0.100000,10,0.050000,1000.000000,0.001000,1,real_time_memory_aware,0.500000,0.500000,120.540000,602.700000,6027,2325,165,161.900000;94.600000;54.400000;153.300000;138.500000,0.335015,9ada2f3a47de,n42->n14;n39->n1;n37->n28;n24->n31;n36->n28,0.452834,0.452834
101,17,4,5,10.000000,1000,50,0.100000,10,0.050000,1000.000000,0.001000,1,historical_only,1.000000,0.500000,130.580000,652.900000,6529,2437,163,68.200000;137.800000;148.600000;103.600000;194.700000,0.326840,7e7b3091ef99,n34->n24;n7->n41;n33->n12;n45->n24;n37->n18,0.150501,0.351003
101,17,4,5,10.000000,1000,50,0.100000,10,0.050000,1000.000000,0.001000,1,real_time_memory_aware,0.500000,0.500000,129.300000,646.500000,6465,2440,166,67.000000;171.900000;99.100000;113.800000;194.700000,0.364818,7e7b3091ef99,n34->n24;n7->n41;n33->n12;n45->n24;n37->n18,0.367593,0.367593
202,17,4,5,10.000000,1000,50,0.100000,10,0.050000,1000.000000,0.001000,1,historical_only,1.000000,0.500000,87.200000,436.000000,4360,5009,199,22.400000;65.000000;194.700000;69.300000;84.600000,0.660282,8811bf5b22ad,n42->n6;n7->n50;n18->n10;n47->n46;n6->n11,-0.021108,0.306552
202,17,4,5,10.000000,1000,50,0.100000,10,0.050000,1000.000000,0.001000,1,real_time_memory_aware,0.500000,0.500000,104.740000,523.700000,5237,3469,201,38.800000;107.800000;194.700000;90.500000;91.900000,0.483405,8811bf5b22ad,n42->n6;n7->n50;n18->n10;n47->n46;n6->n11,0.425433,0.425433
303,17,4,5,10.000000,1000,50,0.100000,10,0.050000,1000.000000,0.001000,1,historical_only,1.000000,0.500000,114.780000,573.900000,5739,1952,166,151.100000;92.700000;49.000000;137.400000;143.700000,0.337015,9ada2f3a47de,n42->n14;n39->n1;n37->n28;n24->n31;n36->n28,0.185825,0.326024
303,17,4,5,10.000000,1000,50,0.100000,10,0.050000,1000.000000,0.001000,1,real_time_memory_aware,0.500000,0.500000,121.700000,608.500000,6085,1650,168,164.400000;95.100000;56.400000;155.900000;136.700000,0.332549,9ada2f3a47de,n42->n14;n39->n1;n37->n28;n24->n31;n36->n28,0.430839,0.430839
101,17,5,5,10.000000,1000,50,0.100000,10,0.050000,1000.000000,0.001000,1,historical_only,1.000000,0.500000,128.400000,642.000000,6420,1708,163,68.100000;125.600000;147.800000;105.800000;194.700000,0.329076,7e7b3091ef99,n34->n24;n7->n41;n33->n12;n45->n24;n37->n18,0.202518,0.401014
101,17,5,5,10.000000,1000,50,0.100000,10,0.050000,1000.000000,0.001000,1,real_time_memory_aware,0.500000,0.500000,127.900000,639.500000,6395,1836,165,65.700000;171.400000;93.700000;114.000000;194.700000,0.376370,7e7b3091ef99,n34->n24;n7->n41;n33->n12;n45->n24;n37->n18,0.339242,0.339242
202,17,5,5,10.000000,1000,50,0.100000,10,0.050000,1000.000000,0.001000,1,historical_only,1.000000,0.500000,97.540000,487.700000,4877,3468,199,19.100000;72.900000;194.700000;122.200000;78.800000,0.600596,8811bf5b22ad,n42->n6;n7->n50;n18->n10;n47->n46;n6->n11,0.128393,0.394024
202,17,5,5,10.000000,1000,50,0.100000,10,0.050000,1000.000000,0.001000,1,real_time_memory_aware,0.500000,0.500000,103.240000,516.200000,5162,2627,198,33.300000;108.400000;194.700000;87.500000;92.300000,0.506107,8811bf5b22ad,n42->n6;n7->n50;n18->n10;n47->n46;n6->n11,0.389701,0.389701
303,17,5,5,10.000000,1000,50,0.100000,10,0.050000,1000.000000,0.001000,1,historical_only,1.000000,0.500000,115.640000,578.200000,5782,1262,169,154.700000;93.600000;55.800000;137.200000;136.900000,0.312009,9ada2f3a47de,n42->n14;n39->n1;n37->n28;n24->n31;n36->n28,0.210145,0.327950
303,17,5,5,10.000000,1000,50,0.100000,10,0.050000,1000.000000,0.001000,1,real_time_memory_aware,0.500000,0.500000,121.980000,609.900000,6099,1219,169,167.000000;96.100000;57.800000;153.800000;135.200000,0.327983,9ada2f3a47de,n42->n14;n39->n1;n37->n28;n24->n31;n36->n28,0.366300,0.369231
101,17,6,5,10.000000,1000,50,0.100000,10,0.050000,1000.000000,0.001000,1,historical_only,1.000000,0.500000,125.840000,629.200000,6292,1510,168,77.000000;121.900000;148.700000;86.900000;194.700000,0.340528,7e7b3091ef99,n34->n24;n7->n41;n33->n12;n45->n24;n37->n18,0.055795,0.406790
101,17,6,5,10.000000,1000,50,0.100000,10,0.050000,1000.000000,0.001000,1,real_time_memory_aware,0.500000,0.500000,127.560000,637.800000,6378,1476,168,67.400000;177.200000;88.400000;110.100000;194.700000,0.390865,7e7b3091ef99,n34->n24;n7->n41;n33->n12;n45->n24;n37->n18,0.337831,0.337831
202,17,6,5,10.000000,1000,50,0.100000,10,0.050000,1000.000000,0.001000,1,historical_only,1.000000,0.500000,82.540000,412.700000,4127,3381,203,16.900000;74.100000;194.700000;52.500000;74.500000,0.725440,8811bf5b22ad,n42->n6;n7->n50;n18->n10;n47->n46;n6->n11,0.055344,0.345079
202,17,6,5,10.000000,1000,50,0.100000,10,0.050000,1000.000000,0.001000,1,real_time_memory_aware,0.500000,0.500000,101.960000,509.800000,5098,2007,199,26.100000;106.600000;194.700000;89.700000;92.700000,0.530219,8811bf5b22ad,n42->n6;n7->n50;n18->n10;n47->n46;n6->n11,0.392580,0.392580
303,17,6,5,10.000000,1000,50,0.100000,10,0.050000,1000.000000,0.001000,1,historical_only,1.000000,0.500000,116.420000,582.100000,5821,999,169,162.200000;95.000000;57.500000;132.200000;135.200000,0.312734,9ada2f3a47de,n42->n14;n39->n1;n37->n28;n24->n31;n36->n28,0.172937,0.447937
303,17,6,5,10.000000,1000,50,0.100000,10,0.050000,1000.000000,0.001000,1,real_time_memory_aware,0.500000,0.500000,121.840000,609.200000,6092,956,168,166.600000;95.900000;56.100000;153.800000;136.800000,0.333255,9ada2f3a47de,n42->n14;n39->n1;n37->n28;n24->n31;n36->n28,0.364048,0.372381
101,17,7,5,10.000000,1000,50,0.100000,10,0.050000,1000.000000,0.001000,1,historical_only,1.000000,0.500000,125.440000,627.200000,6272,1036,170,66.100000;117.100000;142.300000;107.000000;194.700000,0.338447,7e7b3091ef99,n34->n24;n7->n41;n33->n12;n45->n24;n37->n18,0.177694,0.339348
101,17,7,5,10.000000,1000,50,0.100000,10,0.050000,1000.000000,0.001000,1,real_time_memory_aware,0.500000,0.500000,124.880000,624.400000,6244,1216,170,70.800000;173.500000;77.700000;107.700000;194.700000,0.403328,7e7b3091ef99,n34->n24;n7->n41;n33->n12;n45->n24;n37->n18,0.310012,0.310012
202,17,7,5,10.000000,1000,50,0.100000,10,0.050000,1000.000000,0.001000,1,historical_only,1.000000,0.500000,91.920000,459.600000,4596,2246,201,43.700000;93.400000;194.700000;46.800000;81.000000,0.596785,8811bf5b22ad,n42->n6;n7->n50;n18->n10;n47->n46;n6->n11,0.059068,0.355522
202,17,7,5,10.000000,1000,50,0.100000,10,0.050000,1000.000000,0.001000,1,real_time_memory_aware,0.500000,0.500000,102.540000,512.700000,5127,1672,201,31.200000;104.100000;194.700000;91.100000;91.600000,0.513009,8811bf5b22ad,n42->n6;n7->n50;n18->n10;n47->n46;n6->n11,0.367331,0.367331
303,17,7,5,10.000000,1000,50,0.100000,10,0.050000,1000.000000,0.001000,1,historical_only,1.000000,0.500000,116.020000,580.100000,5801,769,169,161.100000;97.100000;49.100000;128.800000;144.000000,0.340751,9ada2f3a47de,n42->n14;n39->n1;n37->n28;n24->n31;n36->n28,0.099773,0.328798
303,17,7,5,10.000000,1000,50,0.100000,10,0.050000,1000.000000,0.001000,1,real_time_memory_aware,0.500000,0.500000,122.540000,612.700000,6127,769,170,171.000000;97.100000;61.700000;151.900000;131.000000,0.318800,9ada2f3a47de,n42->n14;n39->n1;n37->n28;n24->n31;n36->n28,0.382173,0.382173
101,17,8,5,10.000000,1000,50,0.100000,10,0.050000,1000.000000,0.001000,1,historical_only,1.000000,0.500000,125.240000,626.200000,6262,899,166,65.300000;113.500000;144.800000;107.900000;194.700000,0.343222,7e7b3091ef99,n34->n24;n7->n41;n33->n12;n45->n24;n37->n18,0.221769,0.440544
101,17,8,5,10.000000,1000,50,0.100000,10,0.050000,1000.000000,0.001000,1,real_time_memory_aware,0.500000,0.500000,124.100000,620.500000,6205,1072,167,66.700000;174.200000;74.900000;110.000000;194.700000,0.417287,7e7b3091ef99,n34->n24;n7->n41;n33->n12;n45->n24;n37->n18,0.328435,0.328435
202,17,8,5,10.000000,1000,50,0.100000,10,0.050000,1000.000000,0.001000,1,historical_only,1.000000,0.500000,86.200000,431.000000,4310,2375,204,16.300000;76.600000;194.700000;64.800000;78.600000,0.681719,8811bf5b22ad,n42->n6;n7->n50;n18->n10;n47->n46;n6->n11,-0.007831,0.315556
202,17,8,5,10.000000,1000,50,0.100000,10,0.050000,1000.000000,0.001000,1,real_time_memory_aware,0.500000,0.500000,100.840000,504.200000,5042,1385,204,27.200000;97.600000;194.700000;92.800000;91.900000,0.531957,8811bf5b22ad,n42->n6;n7->n50;n18->n10;n47->n46;n6->n11,0.385714,0.385714
303,17,8,5,10.000000,1000,50,0.100000,10,0.050000,1000.000000,0.001000,1,historical_only,1.000000,0.500000,108.280000,541.400000,5414,826,167,160.400000;92.400000;60.400000;95.900000;132.300000,0.319691,9ada2f3a47de,n42->n14;n39->n1;n37->n28;n24->n31;n36->n28,0.131781,0.343163
303,17,8,5,10.000000,1000,50,0.100000,10,0.050000,1000.000000,0.001000,1,real_time_memory_aware,0.500000,0.500000,122.880000,614.400000,6144,571,169,171.500000;97.100000;66.500000;153.000000;126.300000,0.307228,9ada2f3a47de,n42->n14;n39->n1;n37->n28;n24->n31;n36->n28,0.344862,0.344862
101,17,9,5,10.000000,1000,50,0.100000,10,0.050000,1000.000000,0.001000,1,historical_only,1.000000,0.500000,123.480000,617.400000,6174,687,167,66.800000;106.000000;143.800000;106.100000;194.700000,0.349371,7e7b3091ef99,n34->n24;n7->n41;n33->n12;n45->n24;n37->n18,0.238655,0.415126
101,17,9,5,10.000000,1000,50,0.100000,10,0.050000,1000.000000,0.001000,1,real_time_memory_aware,0.500000,0.500000,124.720000,623.600000,6236,855,169,70.000000;176.800000;75.000000;107.100000;194.700000,0.414868,7e7b3091ef99,n34->n24;n7->n41;n33->n12;n45->n24;n37->n18,0.352116,0.360053
202,17,9,5,10.000000,1000,50,0.100000,10,0.050000,1000.000000,0.001000,1,historical_only,1.000000,0.500000,82.820000,414.100000,4141,2058,201,21.400000;65.200000;194.700000;61.000000;71.800000,0.708130,8811bf5b22ad,n42->n6;n7->n50;n18->n10;n47->n46;n6->n11,-0.041164,0.370053
202,17,9,5,10.000000,1000,50,0.100000,10,0.050000,1000.000000,0.001000,1,real_time_memory_aware,0.500000,0.500000,99.120000,495.600000,4956,1241,202,23.800000;95.300000;194.700000;93.300000;88.500000,0.552030,8811bf5b22ad,n42->n6;n7->n50;n18->n10;n47->n46;n6->n11,0.347398,0.347398
303,17,9,5,10.000000,1000,50,0.100000,10,0.050000,1000.000000,0.001000,1,historical_only,1.000000,0.500000,114.900000,574.500000,5745,428,170,159.700000;94.300000;61.900000;127.600000;131.000000,0.292845,9ada2f3a47de,n42->n14;n39->n1;n37->n28;n24->n31;n36->n28,0.293271,0.436128
303,17,9,5,10.000000,1000,50,0.100000,10,0.050000,1000.000000,0.001000,1,real_time_memory_aware,0.500000,0.500000,122.140000,610.700000,6107,489,169,170.700000;97.100000;62.900000;149.900000;130.100000,0.313446,9ada2f3a47de,n42->n14;n39->n1;n37->n28;n24->n31;n36->n28,0.359900,0.359900
101,17,10,5,10.000000,1000,50,0.100000,10,0.050000,1000.000000,0.001000,1,historical_only,1.000000,0.500000,124.740000,623.700000,6237,612,168,70.200000;110.800000;145.400000;102.600000;194.700000,0.339747,7e7b3091ef99,n34->n24;n7->n41;n33->n12;n45->n24;n37->n18,0.083053,0.280252
101,17,10,5,10.000000,1000,50,0.100000,10,0.050000,1000.000000,0.001000,1,real_time_memory_aware,0.500000,0.500000,122.060000,610.300000,6103,790,168,72.200000;175.800000;63.400000;104.200000;194.700000,0.439827,7e7b3091ef99,n34->n24;n7->n41;n33->n12;n45->n24;n37->n18,0.255820,0.255820
202,17,10,5,10.000000,1000,50,0.100000,10,0.050000,1000.000000,0.001000,1,historical_only,1.000000,0.500000,92.500000,462.500000,4625,1514,204,21.200000;69.200000;194.700000;116.200000;61.200000,0.641634,8811bf5b22ad,n42->n6;n7->n50;n18->n10;n47->n46;n6->n11,0.134472,0.348965
202,17,10,5,10.000000,1000,50,0.100000,10,0.050000,1000.000000,0.001000,1,real_time_memory_aware,0.500000,0.500000,100.480000,502.400000,5024,1043,202,24.500000;97.700000;194.700000;96.900000;88.600000,0.541680,8811bf5b22ad,n42->n6;n7->n50;n18->n10;n47->n46;n6->n11,0.366999,0.366999
303,17,10,5,10.000000,1000,50,0.100000,10,0.050000,1000.000000,0.001000,1,historical_only,1.000000,0.500000,112.780000,563.900000,5639,357,170,152.700000;94.200000;68.600000;124.600000;123.800000,0.255507,9ada2f3a47de,n42->n14;n39->n1;n37->n28;n24->n31;n36->n28,0.214411,0.391604
303,17,10,5,10.000000,1000,50,0.100000,10,0.050000,1000.000000,0.001000,1,real_time_memory_aware,0.500000,0.500000,121.060000,605.300000,6053,438,168,168.900000;97.000000;67.200000;146.600000;125.600000,0.296485,9ada2f3a47de,n42->n14;n39->n1;n37->n28;n24->n31;n36->n28,0.240977,0.270551
101,18,1,5,10.000000,1000,50,0.100000,10,0.050000,1000.000000,0.001000,1,historical_only,1.000000,0.500000,97.200000,486.000000,4860,25495,175,97.100000;85.000000;97.100000;12.100000;194.700000,0.598074,7e7b3091ef99,n34->n24;n7->n41;n33->n12;n45->n24;n37->n18,0.342857,0.342857
101,18,1,5,10.000000,1000,50,0.100000,10,0.050000,1000.000000,0.001000,1,real_time_memory_aware,0.500000,0.500000,97.200000,486.000000,4860,25495,175,97.100000;85.000000;97.100000;12.100000;194.700000,0.598074,7e7b3091ef99,n34->n24;n7->n41;n33->n12;n45->n24;n37->n18,0.342857,0.342857
202,18,1,5,10.000000,1000,50,0.100000,10,0.050000,1000.000000,0.001000,1,historical_only,1.000000,0.500000,82.900000,414.500000,4145,31319,214,1.400000;96.400000;194.700000;31.500000;90.500000,0.800577,8811bf5b22ad,n42->n6;n7->n50;n18->n10;n47->n46;n6->n11,0.373413,0.373413
202,18,1,5,10.000000,1000,50,0.100000,10,0.050000,1000.000000,0.001000,1,real_time_memory_aware,0.500000,0.500000,82.900000,414.500000,4145,31319,214,1.400000;96.400000;194.700000;31.500000;90.500000,0.800577,8811bf5b22ad,n42->n6;n7->n50;n18->n10;n47->n46;n6->n11,0.373413,0.373413
303,18,1,5,10.000000,1000,50,0.100000,10,0.050000,1000.000000,0.001000,1,historical_only,1.000000,0.500000,96.080000,480.400000,4804,24761,176,92.000000;97.100000;7.400000;97.100000;186.800000,0.590840,9ada2f3a47de,n42->n14;n39->n1;n37->n28;n24->n31;n36->n28,0.315714,0.315714
303,18,1,5,10.000000,1000,50,0.100000,10,0.050000,1000.000000,0.001000,1,real_time_memory_aware,0.500000,0.500000,96.080000,480.400000,4804,24761,176,92.000000;97.100000;7.400000;97.100000;186.800000,0.590840,9ada2f3a47de,n42->n14;n39->n1;n37->n28;n24->n31;n36->n28,0.315714,0.315714
101,18,2,5,10.000000,1000,50,0.100000,10,0.050000,1000.000000,0.001000,1,historical_only,1.000000,0.500000,125.340000,626.700000,6267,7430,177,64.800000;132.600000;124.700000;109.900000;194.700000,0.334088,7e7b3091ef99,n34->n24;n7->n41;n33->n12;n45->n24;n37->n18,0.206892,0.425689
101,18,2,5,10.000000,1000,50,0.100000,10,0.050000,1000.000000,0.001000,1,real_time_memory_aware,0.500000,0.500000,126.460000,632.300000,6323,6273,170,61.100000;163.700000;93.900000;118.900000;194.700000,0.378127,7e7b3091ef99,n34->n24;n7->n41;n33->n12;n45->n24;n37->n18,0.481210,0.481210
202,18,2,5,10.000000,1000,50,0.100000,10,0.050000,1000.000000,0.001000,1,historical_only,1.000000,0.500000,99.540000,497.700000,4977,9894,200,40.100000;86.800000;194.700000;82.500000;93.600000,0.513763,8811bf5b22ad,n42->n6;n7->n50;n18->n10;n47->n46;n6->n11,0.262682,0.390768
202,18,2,5,10.000000,1000,50,0.100000,10,0.050000,1000.000000,0.001000,1,real_time_memory_aware,0.500000,0.500000,103.620000,518.100000,5181,9257,210,48.700000;106.000000;194.700000;75.300000;93.400000,0.477174,8811bf5b22ad,n42->n6;n7->n50;n18->n10;n47->n46;n6->n11,0.389782,0.389782
303,18,2,5,10.000000,1000,50,0.100000,10,0.050000,1000.000000,0.001000,1,historical_only,1.000000,0.500000,111.560000,557.800000,5578,6747,179,146.300000;93.500000;23.900000;124.300000;169.800000,0.453031,9ada2f3a47de,n42->n14;n39->n1;n37->n28;n24->n31;n36->n28,0.237060,0.339130
303,18,2,5,10.000000,1000,50,0.100000,10,0.050000,1000.000000,0.001000,1,real_time_memory_aware,0.500000,0.500000,119.180000,595.900000,5959,5017,177,167.700000;94.900000;31.000000;139.800000;162.500000,0.428191,9ada2f3a47de,n42->n14;n39->n1;n37->n28;n24->n31;n36->n28,0.468794,0.471226
101,18,3,5,10.000000,1000,50,0.100000,10,0.050000,1000.000000,0.001000,1,historical_only,1.000000,0.500000,129.820000,649.100000,6491,4712,177,79.500000;137.900000;155.300000;81.700000;194.700000,0.340530,7e7b3091ef99,n34->n24;n7->n41;n33->n12;n45->n24;n37->n18,0.111278,0.387218
101,18,3,5,10.000000,1000,50,0.100000,10,0.050000,1000.000000,0.001000,1,real_time_memory_aware,0.500000,0.500000,128.400000,642.000000,6420,3868,177,59.900000;166.600000;100.200000;120.600000;194.700000,0.371933,7e7b3091ef99,n34->n24;n7->n41;n33->n12;n45->n24;n37->n18,0.417632,0.417632
202,18,3,5,10.000000,1000,50,0.100000,10,0.050000,1000.000000,0.001000,1,historical_only,1.000000,0.500000,97.800000,489.000000,4890,6732,214,34.800000;77.300000;194.700000;100.500000;81.700000,0.541929,8811bf5b22ad,n42->n6;n7->n50;n18->n10;n47->n46;n6->n11,0.077305,0.341743
202,18,3,5,10.000000,1000,50,0.100000,10,0.050000,1000.000000,0.001000,1,real_time_memory_aware,0.500000,0.500000,103.220000,516.100000,5161,5633,212,34.100000;109.400000;194.700000;85.200000;92.700000,0.505633,8811bf5b22ad,n42->n6;n7->n50;n18->n10;n47->n46;n6->n11,0.412625,0.419712
303,18,3,5,10.000000,1000,50,0.100000,10,0.050000,1000.000000,0.001000,1,historical_only,1.000000,0.500000,117.080000,585.400000,5854,3282,175,160.400000;93.200000;31.600000;138.000000;162.200000,0.422372,9ada2f3a47de,n42->n14;n39->n1;n37->n28;n24->n31;n36->n28,0.256085,0.354497
303,18,3,5,10.000000,1000,50,0.100000,10,0.050000,1000.000000,0.001000,1,real_time_memory_aware,0.500000,0.500000,121.320000,606.600000,6066,2774,179,163.300000;95.400000;46.500000;154.500000;146.900000,0.364685,9ada2f3a47de,n42->n14;n39->n1;n37->n28;n24->n31;n36->n28,0.481763,0.481763
101,18,4,5,10.000000,1000,50,0.100000,10,0.050000,1000.000000,0.001000,1,historical_only,1.000000,0.500000,129.660000,648.300000,6483,2785,174,65.400000;129.400000;153.000000;105.800000;194.700000,0.335713,7e7b3091ef99,n34->n24;n7->n41;n33->n12;n45->n24;n37->n18,0.144737,0.390852
101,18,4,5,10.000000,1000,50,0.100000,10,0.050000,1000.000000,0.001000,1,real_time_memory_aware,0.500000,0.500000,128.900000,644.500000,6445,2774,177,63.000000;173.200000;97.200000;116.400000;194.700000,0.376817,7e7b3091ef99,n34->n24;n7->n41;n33->n12;n45->n24;n37->n18,0.348942,0.348942
202,18,4,5,10.000000,1000,50,0.100000,10,0.050000,1000.000000,0.001000,1,historical_only,1.000000,0.500000,90.100000,450.500000,4505,5145,215,40.700000;88.600000;194.700000;48.700000;77.800000,0.612930,8811bf5b22ad,n42->n6;n7->n50;n18->n10;n47->n46;n6->n11,0.046179,0.336844
202,18,4,5,10.000000,1000,50,0.100000,10,0.050000,1000.000000,0.001000,1,real_time_memory_aware,0.500000,0.500000,101.940000,509.700000,5097,3951,210,30.000000;103.900000;194.700000;89.100000;92.000000,0.519956,8811bf5b22ad,n42->n6;n7->n50;n18->n10;n47->n46;n6->n11,0.403247,0.409740
303,18,4,5,10.000000,1000,50,0.100000,10,0.050000,1000.000000,0.001000,1,historical_only,1.000000,0.500000,116.340000,581.700000,5817,2120,173,163.300000;93.700000;43.300000;131.300000;150.100000,0.373013,9ada2f3a47de,n42->n14;n39->n1;n37->n28;n24->n31;n36->n28,0.078667,0.347810
303,18,4,5,10.000000,1000,50,0.100000,10,0.050000,1000.000000,0.001000,1,real_time_memory_aware,0.500000,0.500000,121.420000,607.100000,6071,1924,175,164.900000;95.400000;46.400000;153.500000;146.900000,0.365990,9ada2f3a47de,n42->n14;n39->n1;n37->n28;n24->n31;n36->n28,0.460091,0.468027
101,18,5,5,10.000000,1000,50,0.100000,10,0.050000,1000.000000,0.001000,1,historical_only,1.000000,0.500000,125.400000,627.000000,6270,2218,174,70.700000;117.500000;145.000000;99.100000;194.700000,0.337064,7e7b3091ef99,n34->n24;n7->n41;n33->n12;n45->n24;n37->n18,0.053929,0.433214
101,18,5,5,10.000000,1000,50,0.100000,10,0.050000,1000.000000,0.001000,1,real_time_memory_aware,0.500000,0.500000,126.940000,634.700000,6347,2082,178,65.900000;172.300000;88.900000;112.900000;194.700000,0.386234,7e7b3091ef99,n34->n24;n7->n41;n33->n12;n45->n24;n37->n18,0.375000,0.375000
202,18,5,5,10.000000,1000,50,0.100000,10,0.050000,1000.000000,0.001000,1,historical_only,1.000000,0.500000,95.380000,476.900000,4769,3801,209,19.800000;69.200000;194.700000;117.100000;76.100000,0.613236,8811bf5b22ad,n42->n6;n7->n50;n18->n10;n47->n46;n6->n11,0.149388,0.359326
202,18,5,5,10.000000,1000,50,0.100000,10,0.050000,1000.000000,0.001000,1,real_time_memory_aware,0.500000,0.500000,100.460000,502.300000,5023,2962,212,27.400000;99.400000;194.700000;87.900000;92.900000,0.534847,8811bf5b22ad,n42->n6;n7->n50;n18->n10;n47->n46;n6->n11,0.398117,0.401218
303,18,5,5,10.000000,1000,50,0.100000,10,0.050000,1000.000000,0.001000,1,historical_only,1.000000,0.500000,116.020000,580.100000,5801,1523,180,161.100000;94.100000;52.700000;131.800000;140.400000,0.330814,9ada2f3a47de,n42->n14;n39->n1;n37->n28;n24->n31;n36->n28,0.086409,0.349504
303,18,5,5,10.000000,1000,50,0.100000,10,0.050000,1000.000000,0.001000,1,real_time_memory_aware,0.500000,0.500000,122.180000,610.900000,6109,1385,178,165.600000;96.100000;57.600000;156.300000;135.300000,0.328863,9ada2f3a47de,n42->n14;n39->n1;n37->n28;n24->n31;n36->n28,0.397060,0.400866
101,18,6,5,10.000000,1000,50,0.100000,10,0.050000,1000.000000,0.001000,1,historical_only,1.000000,0.500000,128.840000,644.200000,6442,1469,178,65.600000;122.500000;150.700000;110.700000;194.700000,0.332644,7e7b3091ef99,n34->n24;n7->n41;n33->n12;n45->n24;n37->n18,0.142471,0.304633
101,18,6,5,10.000000,1000,50,0.100000,10,0.050000,1000.000000,0.001000,1,real_time_memory_aware,0.500000,0.500000,124.400000,622.000000,6220,1736,178,65.100000;169.500000;77.500000;115.200000;194.700000,0.406356,7e7b3091ef99,n34->n24;n7->n41;n33->n12;n45->n24;n37->n18,0.320106,0.320106
202,18,6,5,10.000000,1000,50,0.100000,10,0.050000,1000.000000,0.001000,1,historical_only,1.000000,0.500000,82.700000,413.500000,4135,3641,215,14.000000;72.800000;194.700000;53.300000;78.700000,0.730376,8811bf5b22ad,n42->n6;n7->n50;n18->n10;n47->n46;n6->n11,-0.040580,0.335611
202,18,6,5,10.000000,1000,50,0.100000,10,0.050000,1000.000000,0.001000,1,real_time_memory_aware,0.500000,0.500000,101.280000,506.400000,5064,2310,215,26.600000;99.400000;194.700000;93.700000;92.000000,0.530821,8811bf5b22ad,n42->n6;n7->n50;n18->n10;n47->n46;n6->n11,0.429437,0.429437
303,18,6,5,10.000000,1000,50,0.100000,10,0.050000,1000.000000,0.001000,1,historical_only,1.000000,0.500000,118.360000,591.800000,5918,1081,178,164.000000;93.200000;57.000000;141.900000;135.700000,0.323621,9ada2f3a47de,n42->n14;n39->n1;n37->n28;n24->n31;n36->n28,0.190144,0.378184
303,18,6,5,10.000000,1000,50,0.100000,10,0.050000,1000.000000,0.001000,1,real_time_memory_aware,0.500000,0.500000,122.520000,612.600000,6126,1072,177,168.300000;96.500000;59.700000;154.800000;133.300000,0.323966,9ada2f3a47de,n42->n14;n39->n1;n37->n28;n24->n31;n36->n28,0.359286,0.372619
101,18,7,5,10.000000,1000,50,0.100000,10,0.050000,1000.000000,0.001000,1,historical_only,1.000000,0.500000,126.640000,633.200000,6332,1219,179,65.500000;113.500000;150.800000;108.700000;194.700000,0.343261,7e7b3091ef99,n34->n24;n7->n41;n33->n12;n45->n24;n37->n18,0.163074,0.420718
101,18,7,5,10.000000,1000,50,0.100000,10,0.050000,1000.000000,0.001000,1,real_time_memory_aware,0.500000,0.500000,125.220000,626.100000,6261,1422,177,70.200000;174.900000;77.900000;108.400000;194.700000,0.404768,7e7b3091ef99,n34->n24;n7->n41;n33->n12;n45->n24;n37->n18,0.351730,0.351730
202,18,7,5,10.000000,1000,50,0.100000,10,0.050000,1000.000000,0.001000,1,historical_only,1.000000,0.500000,79.740000,398.700000,3987,3151,214,15.500000;59.000000;194.700000;54.900000;74.600000,0.761094,8811bf5b22ad,n42->n6;n7->n50;n18->n10;n47->n46;n6->n11,0.075466,0.362008
202,18,7,5,10.000000,1000,50,0.100000,10,0.050000,1000.000000,0.001000,1,real_time_memory_aware,0.500000,0.500000,101.540000,507.700000,5077,1897,215,31.100000;96.100000;194.700000;93.900000;91.900000,0.517792,8811bf5b22ad,n42->n6;n7->n50;n18->n10;n47->n46;n6->n11,0.412625,0.412625
303,18,7,5,10.000000,1000,50,0.100000,10,0.050000,1000.000000,0.001000,1,historical_only,1.000000,0.500000,117.100000,585.500000,5855,859,178,161.700000;94.500000;55.200000;136.200000;137.900000,0.322457,9ada2f3a47de,n42->n14;n39->n1;n37->n28;n24->n31;n36->n28,0.223243,0.412585
303,18,7,5,10.000000,1000,50,0.100000,10,0.050000,1000.000000,0.001000,1,real_time_memory_aware,0.500000,0.500000,123.300000,616.500000,6165,950,178,171.600000;97.100000;58.900000;154.800000;134.100000,0.329952,9ada2f3a47de,n42->n14;n39->n1;n37->n28;n24->n31;n36->n28,0.385833,0.385833
101,18,8,5,10.000000,1000,50,0.100000,10,0.050000,1000.000000,0.001000,1,historical_only,1.000000,0.500000,126.720000,633.600000,6336,966,179,64.400000;116.100000;148.400000;110.000000;194.700000,0.341570,7e7b3091ef99,n34->n24;n7->n41;n33->n12;n45->n24;n37->n18,0.142993,0.420816
101,18,8,5,10.000000,1000,50,0.100000,10,0.050000,1000.000000,0.001000,1,real_time_memory_aware,0.500000,0.500000,122.780000,613.900000,6139,1236,180,69.300000;173.900000;67.900000;108.100000;194.700000,0.429018,7e7b3091ef99,n34->n24;n7->n41;n33->n12;n45->n24;n37->n18,0.355494,0.355494
202,18,8,5,10.000000,1000,50,0.100000,10,0.050000,1000.000000,0.001000,1,historical_only,1.000000,0.500000,93.300000,466.500000,4665,2297,211,22.000000;56.000000;194.700000;105.800000;88.000000,0.623888,8811bf5b22ad,n42->n6;n7->n50;n18->n10;n47->n46;n6->n11,-0.043155,0.323512
202,18,8,5,10.000000,1000,50,0.100000,10,0.050000,1000.000000,0.001000,1,real_time_memory_aware,0.500000,0.500000,98.500000,492.500000,4925,1593,213,22.300000;93.800000;194.700000;90.300000;91.400000,0.559770,8811bf5b22ad,n42->n6;n7->n50;n18->n10;n47->n46;n6->n11,0.428793,0.431229
303,18,8,5,10.000000,1000,50,0.100000,10,0.050000,1000.000000,0.001000,1,historical_only,1.000000,0.500000,113.540000,567.700000,5677,651,176,157.100000;94.000000;58.600000;123.600000;134.400000,0.300850,9ada2f3a47de,n42->n14;n39->n1;n37->n28;n24->n31;n36->n28,0.168231,0.421694
303,18,8,5,10.000000,1000,50,0.100000,10,0.050000,1000.000000,0.001000,1,real_time_memory_aware,0.500000,0.500000,122.880000,614.400000,6144,668,180,173.500000;97.100000;66.000000;150.900000;126.900000,0.310177,9ada2f3a47de,n42->n14;n39->n1;n37->n28;n24->n31;n36->n28,0.362738,0.386071
101,18,9,5,10.000000,1000,50,0.100000,10,0.050000,1000.000000,0.001000,1,historical_only,1.000000,0.500000,126.060000,630.300000,6303,945,177,67.500000;111.100000;148.800000;108.200000;194.700000,0.340288,7e7b3091ef99,n34->n24;n7->n41;n33->n12;n45->n24;n37->n18,0.054558,0.406395
101,18,9,5,10.000000,1000,50,0.100000,10,0.050000,1000.000000,0.001000,1,real_time_memory_aware,0.500000,0.500000,120.600000,603.000000,6030,1105,178,71.600000;172.500000;56.400000;107.800000;194.700000,0.452206,7e7b3091ef99,n34->n24;n7->n41;n33->n12;n45->n24;n37->n18,0.287434,0.287434
202,18,9,5,10.000000,1000,50,0.100000,10,0.050000,1000.000000,0.001000,1,historical_only,1.000000,0.500000,90.140000,450.700000,4507,2026,213,18.100000;58.400000;194.700000;106.000000;73.500000,0.659285,8811bf5b22ad,n42->n6;n7->n50;n18->n10;n47->n46;n6->n11,-0.048447,0.286749
202,18,9,5,10.000000,1000,50,0.100000,10,0.050000,1000.000000,0.001000,1,real_time_memory_aware,0.500000,0.500000,98.480000,492.400000,4924,1317,215,19.600000;93.800000;194.700000;92.900000;91.400000,0.566891,8811bf5b22ad,n42->n6;n7->n50;n18->n10;n47->n46;n6->n11,0.351274,0.351274
303,18,9,5,10.000000,1000,50,0.100000,10,0.050000,1000.000000,0.001000,1,historical_only,1.000000,0.500000,113.240000,566.200000,5662,655,174,156.000000;94.100000;65.000000;123.300000;127.800000,0.274610,9ada2f3a47de,n42->n14;n39->n1;n37->n28;n24->n31;n36->n28,0.000855,0.437973
303,18,9,5,10.000000,1000,50,0.100000,10,0.050000,1000.000000,0.001000,1,real_time_memory_aware,0.500000,0.500000,123.640000,618.200000,6182,571,180,171.100000;97.100000;66.300000;157.000000;126.700000,0.310456,9ada2f3a47de,n42->n14;n39->n1;n37->n28;n24->n31;n36->n28,0.377193,0.384712
101,18,10,5,10.000000,1000,50,0.100000,10,0.050000,1000.000000,0.001000,1,historical_only,1.000000,0.500000,127.020000,635.100000,6351,722,179,70.200000;123.600000;145.200000;101.400000;194.700000,0.330426,7e7b3091ef99,n34->n24;n7->n41;n33->n12;n45->n24;n37->n18,0.056391,0.393734
101,18,10,5,10.000000,1000,50,0.100000,10,0.050000,1000.000000,0.001000,1,real_time_memory_aware,0.500000,0.500000,122.180000,610.900000,6109,898,180,76.100000;175.500000;62.400000;102.200000;194.700000,0.436149,7e7b3091ef99,n34->n24;n7->n41;n33->n12;n45->n24;n37->n18,0.290527,0.290527
202,18,10,5,10.000000,1000,50,0.100000,10,0.050000,1000.000000,0.001000,1,historical_only,1.000000,0.500000,80.120000,400.600000,4006,1937,210,21.400000;53.000000;194.700000;41.100000;90.400000,0.768189,8811bf5b22ad,n42->n6;n7->n50;n18->n10;n47->n46;n6->n11,-0.041507,0.376958
202,18,10,5,10.000000,1000,50,0.100000,10,0.050000,1000.000000,0.001000,1,real_time_memory_aware,0.500000,0.500000,99.300000,496.500000,4965,1099,214,22.000000;93.700000;194.700000;95.100000;91.000000,0.555145,8811bf5b22ad,n42->n6;n7->n50;n18->n10;n47->n46;n6->n11,0.382171,0.384828
303,18,10,5,10.000000,1000,50,0.100000,10,0.050000,1000.000000,0.001000,1,historical_only,1.000000,0.500000,117.260000,586.300000,5863,511,178,149.900000;93.100000;57.000000;150.200000;136.100000,0.312651,9ada2f3a47de,n42->n14;n39->n1;n37->n28;n24->n31;n36->n28,0.121245,0.418751
303,18,10,5,10.000000,1000,50,0.100000,10,0.050000,1000.000000,0.001000,1,real_time_memory_aware,0.500000,0.500000,121.740000,608.700000,6087,461,178,170.100000;96.500000;69.000000;149.300000;123.800000,0.296647,9ada2f3a47de,n42->n14;n39->n1;n37->n28;n24->n31;n36->n28,0.369298,0.369298
101,19,1,5,10.000000,1000,50,0.100000,10,0.050000,1000.000000,0.001000,1,historical_only,1.000000,0.500000,97.180000,485.900000,4859,27466,186,97.100000;92.100000;97.100000;4.900000;194.700000,0.618295,7e7b3091ef99,n34->n24;n7->n41;n33->n12;n45->n24;n37->n18,0.371905,0.371905
101,19,1,5,10.000000,1000,50,0.100000,10,0.050000,1000.000000,0.001000,1,real_time_memory_aware,0.500000,0.500000,97.180000,485.900000,4859,27466,186,97.100000;92.100000;97.100000;4.900000;194.700000,0.618295,7e7b3091ef99,n34->n24;n7->n41;n33->n12;n45->n24;n37->n18,0.371905,0.371905
202,19,1,5,10.000000,1000,50,0.100000,10,0.050000,1000.000000,0.001000,1,historical_only,1.000000,0.500000,88.520000,442.600000,4426,33464,222,1.100000;96.600000;194.700000;59.700000;90.500000,0.711188,8811bf5b22ad,n42->n6;n7->n50;n18->n10;n47->n46;n6->n11,0.307937,0.307937
202,19,1,5,10.000000,1000,50,0.100000,10,0.050000,1000.000000,0.001000,1,real_time_memory_aware,0.500000,0.500000,88.520000,442.600000,4426,33464,222,1.100000;96.600000;194.700000;59.700000;90.500000,0.711188,8811bf5b22ad,n42->n6;n7->n50;n18->n10;n47->n46;n6->n11,0.307937,0.307937
303,19,1,5,10.000000,1000,50,0.100000,10,0.050000,1000.000000,0.001000,1,historical_only,1.000000,0.500000,95.900000,479.500000,4795,26669,186,91.000000;97.100000;22.700000;97.100000;171.600000,0.491658,9ada2f3a47de,n42->n14;n39->n1;n37->n28;n24->n31;n36->n28,0.363333,0.363333
303,19,1,5,10.000000,1000,50,0.100000,10,0.050000,1000.000000,0.001000,1,real_time_memory_aware,0.500000,0.500000,95.900000,479.500000,4795,26669,186,91.000000;97.100000;22.700000;97.100000;171.600000,0.491658,9ada2f3a47de,n42->n14;n39->n1;n37->n28;n24->n31;n36->n28,0.363333,0.363333
101,19,2,5,10.000000,1000,50,0.100000,10,0.050000,1000.000000,0.001000,1,historical_only,1.000000,0.500000,129.800000,649.000000,6490,8090,185,65.700000;131.800000;150.700000;106.100000;194.700000,0.332679,7e7b3091ef99,n34->n24;n7->n41;n33->n12;n45->n24;n37->n18,0.206391,0.393860
101,19,2,5,10.000000,1000,50,0.100000,10,0.050000,1000.000000,0.001000,1,real_time_memory_aware,0.500000,0.500000,127.260000,636.300000,6363,7119,186,57.500000;166.300000;94.000000;123.800000;194.700000,0.385870,7e7b3091ef99,n34->n24;n7->n41;n33->n12;n45->n24;n37->n18,0.451323,0.463492
202,19,2,5,10.000000,1000,50,0.100000,10,0.050000,1000.000000,0.001000,1,historical_only,1.000000,0.500000,98.340000,491.700000,4917,11606,210,37.000000;87.800000;194.700000;84.300000;87.900000,0.527702,8811bf5b22ad,n42->n6;n7->n50;n18->n10;n47->n46;n6->n11,0.212158,0.356231
202,19,2,5,10.000000,1000,50,0.100000,10,0.050000,1000.000000,0.001000,1,real_time_memory_aware,0.500000,0.500000,101.820000,509.100000,5091,10252,226,35.100000;108.300000;194.700000;77.700000;93.300000,0.515492,8811bf5b22ad,n42->n6;n7->n50;n18->n10;n47->n46;n6->n11,0.455853,0.455853
303,19,2,5,10.000000,1000,50,0.100000,10,0.050000,1000.000000,0.001000,1,historical_only,1.000000,0.500000,115.580000,577.900000,5779,7244,181,153.900000;94.000000;26.600000;135.900000;167.500000,0.440491,9ada2f3a47de,n42->n14;n39->n1;n37->n28;n24->n31;n36->n28,0.257345,0.335157
303,19,2,5,10.000000,1000,50,0.100000,10,0.050000,1000.000000,0.001000,1,real_time_memory_aware,0.500000,0.500000,119.340000,596.700000,5967,5702,177,167.500000;94.900000;29.900000;140.500000;163.900000,0.432974,9ada2f3a47de,n42->n14;n39->n1;n37->n28;n24->n31;n36->n28,0.473295,0.473295
101,19,3,5,10.000000,1000,50,0.100000,10,0.050000,1000.000000,0.001000,1,historical_only,1.000000,0.500000,129.460000,647.300000,6473,4690,188,70.000000;121.700000;160.100000;100.800000;194.700000,0.338680,7e7b3091ef99,n34->n24;n7->n41;n33->n12;n45->n24;n37->n18,0.091479,0.407018
101,19,3,5,10.000000,1000,50,0.100000,10,0.050000,1000.000000,0.001000,1,real_time_memory_aware,0.500000,0.500000,129.260000,646.300000,6463,4374,181,59.900000;170.100000;100.200000;121.400000;194.700000,0.373712,7e7b3091ef99,n34->n24;n7->n41;n33->n12;n45->n24;n37->n18,0.437709,0.437709
202,19,3,5,10.000000,1000,50,0.100000,10,0.050000,1000.000000,0.001000,1,historical_only,1.000000,0.500000,87.400000,437.000000,4370,8546,223,28.100000;84.600000;194.700000;47.000000;82.600000,0.661102,8811bf5b22ad,n42->n6;n7->n50;n18->n10;n47->n46;n6->n11,0.083280,0.389735
202,19,3,5,10.000000,1000,50,0.100000,10,0.050000,1000.000000,0.001000,1,real_time_memory_aware,0.500000,0.500000,104.840000,524.200000,5242,6151,224,43.000000;106.200000;194.700000;86.800000;93.500000,0.474141,8811bf5b22ad,n42->n6;n7->n50;n18->n10;n47->n46;n6->n11,0.445139,0.445139
303,19,3,5,10.000000,1000,50,0.100000,10,0.050000,1000.000000,0.001000,1,historical_only,1.000000,0.500000,119.080000,595.400000,5954,3825,184,163.500000;93.800000;29.900000;144.100000;164.100000,0.431778,9ada2f3a47de,n42->n14;n39->n1;n37->n28;n24->n31;n36->n28,0.151506,0.348397
303,19,3,5,10.000000,1000,50,0.100000,10,0.050000,1000.000000,0.001000,1,real_time_memory_aware,0.500000,0.500000,119.540000,597.700000,5977,3219,180,166.800000;95.000000;35.100000;142.400000;158.400000,0.409794,9ada2f3a47de,n42->n14;n39->n1;n37->n28;n24->n31;n36->n28,0.461607,0.461607
101,19,4,5,10.000000,1000,50,0.100000,10,0.050000,1000.000000,0.001000,1,historical_only,1.000000,0.500000,128.540000,642.700000,6427,3228,184,66.800000;123.200000;155.600000;102.400000;194.700000,0.341474,7e7b3091ef99,n34->n24;n7->n41;n33->n12;n45->n24;n37->n18,0.100125,0.353258
101,19,4,5,10.000000,1000,50,0.100000,10,0.050000,1000.000000,0.001000,1,real_time_memory_aware,0.500000,0.500000,127.320000,636.600000,6366,3130,189,62.800000;171.900000;90.300000;116.900000;194.700000,0.387482,7e7b3091ef99,n34->n24;n7->n41;n33->n12;n45->n24;n37->n18,0.408201,0.411376
202,19,4,5,10.000000,1000,50,0.100000,10,0.050000,1000.000000,0.001000,1,historical_only,1.000000,0.500000,86.200000,431.000000,4310,6053,227,22.000000;62.300000;194.700000;71.800000;80.200000,0.670619,8811bf5b22ad,n42->n6;n7->n50;n18->n10;n47->n46;n6->n11,-0.008282,0.292133
202,19,4,5,10.000000,1000,50,0.100000,10,0.050000,1000.000000,0.001000,1,real_time_memory_aware,0.500000,0.500000,103.020000,515.100000,5151,4294,226,41.000000;102.700000;194.700000;84.400000;92.300000,0.489469,8811bf5b22ad,n42->n6;n7->n50;n18->n10;n47->n46;n6->n11,0.402922,0.402922
303,19,4,5,10.000000,1000,50,0.100000,10,0.050000,1000.000000,0.001000,1,historical_only,1.000000,0.500000,117.380000,586.900000,5869,2503,184,163.100000;94.800000;38.300000;135.500000;155.200000,0.392491,9ada2f3a47de,n42->n14;n39->n1;n37->n28;n24->n31;n36->n28,0.156857,0.281429
303,19,4,5,10.000000,1000,50,0.100000,10,0.050000,1000.000000,0.001000,1,real_time_memory_aware,0.500000,0.500000,119.980000,599.900000,5999,2045,190,165.800000;95.500000;38.600000;145.100000;154.900000,0.393975,9ada2f3a47de,n42->n14;n39->n1;n37->n28;n24->n31;n36->n28,0.371429,0.392470
101,19,5,5,10.000000,1000,50,0.100000,10,0.050000,1000.000000,0.001000,1,historical_only,1.000000,0.500000,129.240000,646.200000,6462,2283,189,64.200000;125.100000;152.200000;110.000000;194.700000,0.336021,7e7b3091ef99,n34->n24;n7->n41;n33->n12;n45->n24;n37->n18,0.124687,0.403634
101,19,5,5,10.000000,1000,50,0.100000,10,0.050000,1000.000000,0.001000,1,real_time_memory_aware,0.500000,0.500000,125.880000,629.400000,6294,2367,181,63.100000;171.300000;84.600000;115.700000;194.700000,0.397968,7e7b3091ef99,n34->n24;n7->n41;n33->n12;n45->n24;n37->n18,0.332672,0.332672
202,19,5,5,10.000000,1000,50,0.100000,10,0.050000,1000.000000,0.001000,1,historical_only,1.000000,0.500000,82.240000,411.200000,4112,4971,219,21.500000;59.300000;194.700000;52.700000;83.000000,0.724203,8811bf5b22ad,n42->n6;n7->n50;n18->n10;n47->n46;n6->n11,0.085005,0.373759
202,19,5,5,10.000000,1000,50,0.100000,10,0.050000,1000.000000,0.001000,1,real_time_memory_aware,0.500000,0.500000,101.000000,505.000000,5050,3301,223,34.400000;98.100000;194.700000;85.700000;92.100000,0.515174,8811bf5b22ad,n42->n6;n7->n50;n18->n10;n47->n46;n6->n11,0.418506,0.420887
303,19,5,5,10.000000,1000,50,0.100000,10,0.050000,1000.000000,0.001000,1,historical_only,1.000000,0.500000,107.200000,536.000000,5360,2573,182,163.600000;93.400000;42.100000;85.700000;151.200000,0.417337,9ada2f3a47de,n42->n14;n39->n1;n37->n28;n24->n31;n36->n28,0.049502,0.373754
303,19,5,5,10.000000,1000,50,0.100000,10,0.050000,1000.000000,0.001000,1,real_time_memory_aware,0.500000,0.500000,121.760000,608.800000,6088,1668,187,165.800000;96.100000;44.000000;153.100000;149.800000,0.374799,9ada2f3a47de,n42->n14;n39->n1;n37->n28;n24->n31;n36->n28,0.403401,0.403401
101,19,6,5,10.000000,1000,50,0.100000,10,0.050000,1000.000000,0.001000,1,historical_only,1.000000,0.500000,129.440000,647.200000,6472,1697,182,64.500000;127.700000;154.800000;105.500000;194.700000,0.340195,7e7b3091ef99,n34->n24;n7->n41;n33->n12;n45->n24;n37->n18,0.183140,0.412484
101,19,6,5,10.000000,1000,50,0.100000,10,0.050000,1000.000000,0.001000,1,real_time_memory_aware,0.500000,0.500000,125.640000,628.200000,6282,1864,184,63.900000;171.900000;82.000000;115.700000;194.700000,0.401518,7e7b3091ef99,n34->n24;n7->n41;n33->n12;n45->n24;n37->n18,0.377910,0.377910
202,19,6,5,10.000000,1000,50,0.100000,10,0.050000,1000.000000,0.001000,1,historical_only,1.000000,0.500000,91.860000,459.300000,4593,3355,226,39.300000;97.700000;194.700000;44.000000;83.600000,0.610624,8811bf5b22ad,n42->n6;n7->n50;n18->n10;n47->n46;n6->n11,0.159627,0.322153
202,19,6,5,10.000000,1000,50,0.100000,10,0.050000,1000.000000,0.001000,1,real_time_memory_aware,0.500000,0.500000,98.020000,490.100000,4901,2658,224,23.500000;94.900000;194.700000;85.700000;91.300000,0.560775,8811bf5b22ad,n42->n6;n7->n50;n18->n10;n47->n46;n6->n11,0.414286,0.417100
303,19,6,5,10.000000,1000,50,0.100000,10,0.050000,1000.000000,0.001000,1,historical_only,1.000000,0.500000,115.700000,578.500000,5785,1509,184,154.700000;95.900000;42.100000;134.600000;151.200000,0.365621,9ada2f3a47de,n42->n14;n39->n1;n37->n28;n24->n31;n36->n28,0.018481,0.385374
303,19,6,5,10.000000,1000,50,0.100000,10,0.050000,1000.000000,0.001000,1,real_time_memory_aware,0.500000,0.500000,121.880000,609.400000,6094,1337,188,168.000000;95.500000;45.700000;152.700000;147.500000,0.371172,9ada2f3a47de,n42->n14;n39->n1;n37->n28;n24->n31;n36->n28,0.340555,0.353933
101,19,7,5,10.000000,1000,50,0.100000,10,0.050000,1000.000000,0.001000,1,historical_only,1.000000,0.500000,127.300000,636.500000,6365,1592,188,74.100000;123.400000;152.800000;91.500000;194.700000,0.339154,7e7b3091ef99,n34->n24;n7->n41;n33->n12;n45->n24;n37->n18,0.070656,0.415315
101,19,7,5,10.000000,1000,50,0.100000,10,0.050000,1000.000000,0.001000,1,real_time_memory_aware,0.500000,0.500000,124.240000,621.200000,6212,1617,190,67.900000;173.400000;72.400000;112.800000;194.700000,0.416275,7e7b3091ef99,n34->n24;n7->n41;n33->n12;n45->n24;n37->n18,0.337169,0.340079
202,19,7,5,10.000000,1000,50,0.100000,10,0.050000,1000.000000,0.001000,1,historical_only,1.000000,0.500000,81.120000,405.600000,4056,3453,222,22.000000;50.300000;194.700000;59.600000;79.000000,0.735794,8811bf5b22ad,n42->n6;n7->n50;n18->n10;n47->n46;n6->n11,0.031229,0.357918
202,19,7,5,10.000000,1000,50,0.100000,10,0.050000,1000.000000,0.001000,1,real_time_memory_aware,0.500000,0.500000,98.640000,493.200000,4932,2084,227,22.300000;94.300000;194.700000;90.000000;91.900000,0.558858,8811bf5b22ad,n42->n6;n7->n50;n18->n10;n47->n46;n6->n11,0.370996,0.370996
303,19,7,5,10.000000,1000,50,0.100000,10,0.050000,1000.000000,0.001000,1,historical_only,1.000000,0.500000,117.900000,589.500000,5895,1145,181,156.200000;94.400000;42.200000;145.400000;151.300000,0.372067,9ada2f3a47de,n42->n14;n39->n1;n37->n28;n24->n31;n36->n28,0.163059,0.416800
303,19,7,5,10.000000,1000,50,0.100000,10,0.050000,1000.000000,0.001000,1,real_time_memory_aware,0.500000,0.500000,122.360000,611.800000,6118,1113,190,166.600000;97.000000;48.800000;155.200000;144.200000,0.357486,9ada2f3a47de,n42->n14;n39->n1;n37->n28;n24->n31;n36->n28,0.341270,0.341270
101,19,8,5,10.000000,1000,50,0.100000,10,0.050000,1000.000000,0.001000,1,historical_only,1.000000,0.500000,126.520000,632.600000,6326,1171,190,64.600000;110.900000;151.700000;110.700000;194.700000,0.346527,7e7b3091ef99,n34->n24;n7->n41;n33->n12;n45->n24;n37->n18,0.120370,0.402910
101,19,8,5,10.000000,1000,50,0.100000,10,0.050000,1000.000000,0.001000,1,real_time_memory_aware,0.500000,0.500000,122.980000,614.900000,6149,1337,185,70.200000;173.100000;69.300000;107.600000;194.700000,0.423452,7e7b3091ef99,n34->n24;n7->n41;n33->n12;n45->n24;n37->n18,0.277646,0.281878
202,19,8,5,10.000000,1000,50,0.100000,10,0.050000,1000.000000,0.001000,1,historical_only,1.000000,0.500000,81.820000,409.100000,4091,2946,222,17.700000;55.500000;194.700000;61.300000;79.900000,0.732721,8811bf5b22ad,n42->n6;n7->n50;n18->n10;n47->n46;n6->n11,-0.033766,0.337662
202,19,8,5,10.000000,1000,50,0.100000,10,0.050000,1000.000000,0.001000,1,real_time_memory_aware,0.500000,0.500000,97.180000,485.900000,4859,1745,226,19.800000;88.800000;194.700000;91.000000;91.600000,0.575466,8811bf5b22ad,n42->n6;n7->n50;n18->n10;n47->n46;n6->n11,0.356710,0.360173
303,19,8,5,10.000000,1000,50,0.100000,10,0.050000,1000.000000,0.001000,1,historical_only,1.000000,0.500000,114.720000,573.600000,5736,816,189,157.700000;93.500000;49.800000;129.300000;143.300000,0.338537,9ada2f3a47de,n42->n14;n39->n1;n37->n28;n24->n31;n36->n28,0.140703,0.376304
303,19,8,5,10.000000,1000,50,0.100000,10,0.050000,1000.000000,0.001000,1,real_time_memory_aware,0.500000,0.500000,123.420000,617.100000,6171,902,189,172.100000;97.000000;46.900000;154.600000;146.500000,0.370023,9ada2f3a47de,n42->n14;n39->n1;n37->n28;n24->n31;n36->n28,0.368170,0.368170
101,19,9,5,10.000000,1000,50,0.100000,10,0.050000,1000.000000,0.001000,1,historical_only,1.000000,0.500000,124.620000,623.100000,6231,1553,187,83.400000;113.600000;152.600000;78.800000;194.700000,0.351869,7e7b3091ef99,n34->n24;n7->n41;n33->n12;n45->n24;n37->n18,-0.080026,0.442460
101,19,9,5,10.000000,1000,50,0.100000,10,0.050000,1000.000000,0.001000,1,real_time_memory_aware,0.500000,0.500000,121.900000,609.500000,6095,1175,186,67.000000;172.400000;64.800000;110.600000;194.700000,0.437978,7e7b3091ef99,n34->n24;n7->n41;n33->n12;n45->n24;n37->n18,0.377116,0.377116
202,19,9,5,10.000000,1000,50,0.100000,10,0.050000,1000.000000,0.001000,1,historical_only,1.000000,0.500000,84.580000,422.900000,4229,2332,219,20.400000;45.400000;194.700000;79.200000;83.200000,0.705662,8811bf5b22ad,n42->n6;n7->n50;n18->n10;n47->n46;n6->n11,-0.025569,0.411284
202,19,9,5,10.000000,1000,50,0.100000,10,0.050000,1000.000000,0.001000,1,real_time_memory_aware,0.500000,0.500000,94.000000,470.000000,4700,1635,228,19.300000;80.500000;194.700000;85.500000;90.000000,0.601625,8811bf5b22ad,n42->n6;n7->n50;n18->n10;n47->n46;n6->n11,0.393831,0.400541
303,19,9,5,10.000000,1000,50,0.100000,10,0.050000,1000.000000,0.001000,1,historical_only,1.000000,0.500000,117.480000,587.400000,5874,866,188,158.200000;95.900000;49.000000;140.000000;144.300000,0.341329,9ada2f3a47de,n42->n14;n39->n1;n37->n28;n24->n31;n36->n28,0.029073,0.398246
303,19,9,5,10.000000,1000,50,0.100000,10,0.050000,1000.000000,0.001000,1,real_time_memory_aware,0.500000,0.500000,123.400000,617.000000,6170,789,190,172.600000;97.000000;47.800000;153.900000;145.700000,0.367100,9ada2f3a47de,n42->n14;n39->n1;n37->n28;n24->n31;n36->n28,0.407082,0.428571
101,19,10,5,10.000000,1000,50,0.100000,10,0.050000,1000.000000,0.001000,1,historical_only,1.000000,0.500000,126.600000,633.000000,6330,874,190,72.400000;119.900000;152.600000;93.400000;194.700000,0.342458,7e7b3091ef99,n34->n24;n7->n41;n33->n12;n45->n24;n37->n18,-0.029847,0.407710
101,19,10,5,10.000000,1000,50,0.100000,10,0.050000,1000.000000,0.001000,1,real_time_memory_aware,0.500000,0.500000,121.520000,607.600000,6076,1041,188,71.000000;175.900000;61.200000;104.800000;194.700000,0.447452,7e7b3091ef99,n34->n24;n7->n41;n33->n12;n45->n24;n37->n18,0.306878,0.306878
202,19,10,5,10.000000,1000,50,0.100000,10,0.050000,1000.000000,0.001000,1,historical_only,1.000000,0.500000,84.240000,421.200000,4212,2129,227,16.600000;74.000000;194.700000;69.800000;66.100000,0.700662,8811bf5b22ad,n42->n6;n7->n50;n18->n10;n47->n46;n6->n11,0.018511,0.327244
202,19,10,5,10.000000,1000,50,0.100000,10,0.050000,1000.000000,0.001000,1,real_time_memory_aware,0.500000,0.500000,96.100000,480.500000,4805,1291,227,22.100000;84.700000;194.700000;88.300000;90.700000,0.577836,8811bf5b22ad,n42->n6;n7->n50;n18->n10;n47->n46;n6->n11,0.319589,0.323918
303,19,10,5,10.000000,1000,50,0.100000,10,0.050000,1000.000000,0.001000,1,historical_only,1.000000,0.500000,110.800000,554.000000,5540,641,188,135.900000;93.300000;58.700000;131.900000;134.200000,0.275040,9ada2f3a47de,n42->n14;n39->n1;n37->n28;n24->n31;n36->n28,-0.147741,0.450305
303,19,10,5,10.000000,1000,50,0.100000,10,0.050000,1000.000000,0.001000,1,real_time_memory_aware,0.500000,0.500000,123.220000,616.100000,6161,562,190,172.900000;97.000000;59.300000;153.000000;133.900000,0.329501,9ada2f3a47de,n42->n14;n39->n1;n37->n28;n24->n31;n36->n28,0.352005,0.355013
101,20,1,5,10.000000,1000,50,0.100000,10,0.050000,1000.000000,0.001000,1,historical_only,1.000000,0.500000,97.200000,486.000000,4860,29414,195,97.100000;93.900000;97.100000;3.200000;194.700000,0.623310,7e7b3091ef99,n34->n24;n7->n41;n33->n12;n45->n24;n37->n18,0.314286,0.314286
101,20,1,5,10.000000,1000,50,0.100000,10,0.050000,1000.000000,0.001000,1,real_time_memory_aware,0.500000,0.500000,97.200000,486.000000,4860,29414,195,97.100000;93.900000;97.100000;3.200000;194.700000,0.623310,7e7b3091ef99,n34->n24;n7->n41;n33->n12;n45->n24;n37->n18,0.314286,0.314286
202,20,1,5,10.000000,1000,50,0.100000,10,0.050000,1000.000000,0.001000,1,historical_only,1.000000,0.500000,83.580000,417.900000,4179,36068,240,1.100000;96.500000;194.700000;36.200000;89.400000,0.786325,8811bf5b22ad,n42->n6;n7->n50;n18->n10;n47->n46;n6->n11,0.341667,0.341667
202,20,1,5,10.000000,1000,50,0.100000,10,0.050000,1000.000000,0.001000,1,real_time_memory_aware,0.500000,0.500000,83.580000,417.900000,4179,36068,240,1.100000;96.500000;194.700000;36.200000;89.400000,0.786325,8811bf5b22ad,n42->n6;n7->n50;n18->n10;n47->n46;n6->n11,0.341667,0.341667
303,20,1,5,10.000000,1000,50,0.100000,10,0.050000,1000.000000,0.001000,1,historical_only,1.000000,0.500000,95.800000,479.000000,4790,28697,196,90.400000;97.100000;13.600000;97.100000;180.800000,0.552633,9ada2f3a47de,n42->n14;n39->n1;n37->n28;n24->n31;n36->n28,0.392381,0.402857
303,20,1,5,10.000000,1000,50,0.100000,10,0.050000,1000.000000,0.001000,1,real_time_memory_aware,0.500000,0.500000,95.800000,479.000000,4790,28697,196,90.400000;97.100000;13.600000;97.100000;180.800000,0.552633,9ada2f3a47de,n42->n14;n39->n1;n37->n28;n24->n31;n36->n28,0.392381,0.402857
101,20,2,5,10.000000,1000,50,0.100000,10,0.050000,1000.000000,0.001000,1,historical_only,1.000000,0.500000,131.640000,658.200000,6582,8889,193,69.500000;140.800000;149.000000;104.200000;194.700000,0.321864,7e7b3091ef99,n34->n24;n7->n41;n33->n12;n45->n24;n37->n18,0.199624,0.414912
101,20,2,5,10.000000,1000,50,0.100000,10,0.050000,1000.000000,0.001000,1,real_time_memory_aware,0.500000,0.500000,126.500000,632.500000,6325,7772,198,57.600000;168.100000;89.700000;122.400000;194.700000,0.395258,7e7b3091ef99,n34->n24;n7->n41;n33->n12;n45->n24;n37->n18,0.503732,0.503732
202,20,2,5,10.000000,1000,50,0.100000,10,0.050000,1000.000000,0.001000,1,historical_only,1.000000,0.500000,89.300000,446.500000,4465,14106,219,20.800000;67.800000;194.700000;73.600000;89.600000,0.643488,8811bf5b22ad,n42->n6;n7->n50;n18->n10;n47->n46;n6->n11,0.001652,0.344704
202,20,2,5,10.000000,1000,50,0.100000,10,0.050000,1000.000000,0.001000,1,real_time_memory_aware,0.500000,0.500000,97.760000,488.800000,4888,11303,239,24.900000;100.300000;194.700000;75.500000;93.400000,0.564495,8811bf5b22ad,n42->n6;n7->n50;n18->n10;n47->n46;n6->n11,0.493750,0.493750
303,20,2,5,10.000000,1000,50,0.100000,10,0.050000,1000.000000,0.001000,1,historical_only,1.000000,0.500000,114.420000,572.100000,5721,8062,196,157.700000;94.200000;32.600000;126.400000;161.200000,0.415637,9ada2f3a47de,n42->n14;n39->n1;n37->n28;n24->n31;n36->n28,0.306832,0.414493
303,20,2,5,10.000000,1000,50,0.100000,10,0.050000,1000.000000,0.001000,1,real_time_memory_aware,0.500000,0.500000,118.400000,592.000000,5920,6359,191,169.800000;95.100000;34.700000;133.500000;158.900000,0.414778,9ada2f3a47de,n42->n14;n39->n1;n37->n28;n24->n31;n36->n28,0.517493,0.517493
101,20,3,5,10.000000,1000,50,0.100000,10,0.050000,1000.000000,0.001000,1,historical_only,1.000000,0.500000,127.120000,635.600000,6356,5795,190,78.700000;135.000000;145.600000;81.600000;194.700000,0.340855,7e7b3091ef99,n34->n24;n7->n41;n33->n12;n45->n24;n37->n18,0.052437,0.402418
101,20,3,5,10.000000,1000,50,0.100000,10,0.050000,1000.000000,0.001000,1,real_time_memory_aware,0.500000,0.500000,124.800000,624.000000,6240,4754,199,61.800000;166.200000;84.000000;117.300000;194.700000,0.397259,7e7b3091ef99,n34->n24;n7->n41;n33->n12;n45->n24;n37->n18,0.478121,0.478121
202,20,3,5,10.000000,1000,50,0.100000,10,0.050000,1000.000000,0.001000,1,historical_only,1.000000,0.500000,84.500000,422.500000,4225,9312,234,26.900000;61.000000;194.700000;56.000000;83.900000,0.686526,8811bf5b22ad,n42->n6;n7->n50;n18->n10;n47->n46;n6->n11,0.016931,0.337989
202,20,3,5,10.000000,1000,50,0.100000,10,0.050000,1000.000000,0.001000,1,real_time_memory_aware,0.500000,0.500000,103.580000,517.900000,5179,6843,232,43.800000;106.000000;194.700000;79.700000;93.700000,0.483688,8811bf5b22ad,n42->n6;n7->n50;n18->n10;n47->n46;n6->n11,0.367088,0.367088
303,20,3,5,10.000000,1000,50,0.100000,10,0.050000,1000.000000,0.001000,1,historical_only,1.000000,0.500000,114.660000,573.300000,5733,4703,194,147.000000;95.100000;34.800000;137.600000;158.800000,0.395470,9ada2f3a47de,n42->n14;n39->n1;n37->n28;n24->n31;n36->n28,0.063385,0.336880
303,20,3,5,10.000000,1000,50,0.100000,10,0.050000,1000.000000,0.001000,1,real_time_memory_aware,0.500000,0.500000,120.780000,603.900000,6039,3542,197,164.000000;95.500000;34.700000;150.800000;158.900000,0.410169,9ada2f3a47de,n42->n14;n39->n1;n37->n28;n24->n31;n36->n28,0.454869,0.469948
101,20,4,5,10.000000,1000,50,0.100000,10,0.050000,1000.000000,0.001000,1,historical_only,1.000000,0.500000,129.240000,646.200000,6462,3836,199,76.600000;131.900000;158.600000;84.400000;194.700000,0.344919,7e7b3091ef99,n34->n24;n7->n41;n33->n12;n45->n24;n37->n18,0.053737,0.402108
101,20,4,5,10.000000,1000,50,0.100000,10,0.050000,1000.000000,0.001000,1,real_time_memory_aware,0.500000,0.500000,126.240000,631.200000,6312,3458,193,62.000000;170.500000;86.400000;117.600000;194.700000,0.395030,7e7b3091ef99,n34->n24;n7->n41;n33->n12;n45->n24;n37->n18,0.398327,0.398327
202,20,4,5,10.000000,1000,50,0.100000,10,0.050000,1000.000000,0.001000,1,historical_only,1.000000,0.500000,84.120000,420.600000,4206,6807,235,27.400000;62.700000;194.700000;53.900000;81.900000,0.689534,8811bf5b22ad,n42->n6;n7->n50;n18->n10;n47->n46;n6->n11,0.046201,0.385816
202,20,4,5,10.000000,1000,50,0.100000,10,0.050000,1000.000000,0.001000,1,real_time_memory_aware,0.500000,0.500000,100.540000,502.700000,5027,4790,236,36.600000;100.700000;194.700000;77.300000;93.400000,0.517695,8811bf5b22ad,n42->n6;n7->n50;n18->n10;n47->n46;n6->n11,0.396230,0.398611
303,20,4,5,10.000000,1000,50,0.100000,10,0.050000,1000.000000,0.001000,1,historical_only,1.000000,0.500000,110.720000,553.600000,5536,3606,197,123.500000;94.000000;39.100000;142.700000;154.300000,0.372264,9ada2f3a47de,n42->n14;n39->n1;n37->n28;n24->n31;n36->n28,0.063222,0.299291
303,20,4,5,10.000000,1000,50,0.100000,10,0.050000,1000.000000,0.001000,1,real_time_memory_aware,0.500000,0.500000,121.480000,607.400000,6074,2404,192,165.400000;95.400000;45.200000;153.100000;148.300000,0.370832,9ada2f3a47de,n42->n14;n39->n1;n37->n28;n24->n31;n36->n28,0.335866,0.341540
101,20,5,5,10.000000,1000,50,0.100000,10,0.050000,1000.000000,0.001000,1,historical_only,1.000000,0.500000,124.160000,620.800000,6208,2797,193,60.600000;127.900000;124.200000;113.400000;194.700000,0.344459,7e7b3091ef99,n34->n24;n7->n41;n33->n12;n45->n24;n37->n18,0.047243,0.432957
101,20,5,5,10.000000,1000,50,0.100000,10,0.050000,1000.000000,0.001000,1,real_time_memory_aware,0.500000,0.500000,123.400000,617.000000,6170,2668,199,60.800000;167.800000;73.400000;120.300000;194.700000,0.420823,7e7b3091ef99,n34->n24;n7->n41;n33->n12;n45->n24;n37->n18,0.323413,0.335053
202,20,5,5,10.000000,1000,50,0.100000,10,0.050000,1000.000000,0.001000,1,historical_only,1.000000,0.500000,81.020000,405.100000,4051,5186,229,28.000000;62.100000;194.700000;39.900000;80.400000,0.736090,8811bf5b22ad,n42->n6;n7->n50;n18->n10;n47->n46;n6->n11,0.020263,0.349544
202,20,5,5,10.000000,1000,50,0.100000,10,0.050000,1000.000000,0.001000,1,real_time_memory_aware,0.500000,0.500000,99.940000,499.700000,4997,3618,229,34.600000;101.100000;194.700000;77.200000;92.100000,0.526219,8811bf5b22ad,n42->n6;n7->n50;n18->n10;n47->n46;n6->n11,0.398268,0.398268
303,20,5,5,10.000000,1000,50,0.100000,10,0.050000,1000.000000,0.001000,1,historical_only,1.000000,0.500000,120.420000,602.100000,6021,2358,198,160.100000;95.400000;41.900000;153.100000;151.600000,0.378843,9ada2f3a47de,n42->n14;n39->n1;n37->n28;n24->n31;n36->n28,0.040952,0.448995
303,20,5,5,10.000000,1000,50,0.100000,10,0.050000,1000.000000,0.001000,1,real_time_memory_aware,0.500000,0.500000,121.340000,606.700000,6067,1855,194,166.600000;95.900000;39.900000;150.700000;153.600000,0.390587,9ada2f3a47de,n42->n14;n39->n1;n37->n28;n24->n31;n36->n28,0.358257,0.358257
101,20,6,5,10.000000,1000,50,0.100000,10,0.050000,1000.000000,0.001000,1,historical_only,1.000000,0.500000,127.560000,637.800000,6378,2432,196,82.300000;132.100000;155.200000;73.500000;194.700000,0.355177,7e7b3091ef99,n34->n24;n7->n41;n33->n12;n45->n24;n37->n18,0.053310,0.380139
101,20,6,5,10.000000,1000,50,0.100000,10,0.050000,1000.000000,0.001000,1,real_time_memory_aware,0.500000,0.500000,124.020000,620.100000,6201,2171,198,66.100000;172.300000;76.400000;110.600000;194.700000,0.413182,7e7b3091ef99,n34->n24;n7->n41;n33->n12;n45->n24;n37->n18,0.372458,0.372458
202,20,6,5,10.000000,1000,50,0.100000,10,0.050000,1000.000000,0.001000,1,historical_only,1.000000,0.500000,81.620000,408.100000,4081,4352,233,22.700000;55.700000;194.700000;62.600000;72.400000,0.722286,8811bf5b22ad,n42->n6;n7->n50;n18->n10;n47->n46;n6->n11,0.102381,0.375673
202,20,6,5,10.000000,1000,50,0.100000,10,0.050000,1000.000000,0.001000,1,real_time_memory_aware,0.500000,0.500000,99.400000,497.000000,4970,2854,238,35.100000;96.700000;194.700000;78.000000;92.500000,0.527175,8811bf5b22ad,n42->n6;n7->n50;n18->n10;n47->n46;n6->n11,0.354437,0.354437
303,20,6,5,10.000000,1000,50,0.100000,10,0.050000,1000.000000,0.001000,1,historical_only,1.000000,0.500000,115.040000,575.200000,5752,1880,198,158.300000;92.800000;44.800000;130.700000;148.600000,0.361998,9ada2f3a47de,n42->n14;n39->n1;n37->n28;n24->n31;n36->n28,0.020635,0.401587
303,20,6,5,10.000000,1000,50,0.100000,10,0.050000,1000.000000,0.001000,1,real_time_memory_aware,0.500000,0.500000,122.240000,611.200000,6112,1468,197,166.900000;95.900000;49.900000;154.700000;143.800000,0.355455,9ada2f3a47de,n42->n14;n39->n1;n37->n28;n24->n31;n36->n28,0.405329,0.405329
101,20,7,5,10.000000,1000,50,0.100000,10,0.050000,1000.000000,0.001000,1,historical_only,1.000000,0.500000,126.920000,634.600000,6346,1979,195,84.700000;135.600000;152.500000;67.100000;194.700000,0.364223,7e7b3091ef99,n34->n24;n7->n41;n33->n12;n45->n24;n37->n18,0.028005,0.329592
101,20,7,5,10.000000,1000,50,0.100000,10,0.050000,1000.000000,0.001000,1,real_time_memory_aware,0.500000,0.500000,122.740000,613.700000,6137,1783,199,64.500000;171.600000;68.800000;114.100000;194.700000,0.430215,7e7b3091ef99,n34->n24;n7->n41;n33->n12;n45->n24;n37->n18,0.388757,0.388757
202,20,7,5,10.000000,1000,50,0.100000,10,0.050000,1000.000000,0.001000,1,historical_only,1.000000,0.500000,79.760000,398.800000,3988,3770,238,21.200000;47.900000;194.700000;53.300000;81.700000,0.759730,8811bf5b22ad,n42->n6;n7->n50;n18->n10;n47->n46;n6->n11,0.017021,0.370415
202,20,7,5,10.000000,1000,50,0.100000,10,0.050000,1000.000000,0.001000,1,real_time_memory_aware,0.500000,0.500000,97.200000,486.000000,4860,2425,235,28.100000;90.200000;194.700000;80.700000;92.300000,0.556437,8811bf5b22ad,n42->n6;n7->n50;n18->n10;n47->n46;n6->n11,0.400325,0.400325
303,20,7,5,10.000000,1000,50,0.100000,10,0.050000,1000.000000,0.001000,1,historical_only,1.000000,0.500000,114.040000,570.200000,5702,1511,186,134.500000;94.200000;46.400000;148.100000;147.000000,0.342633,9ada2f3a47de,n42->n14;n39->n1;n37->n28;n24->n31;n36->n28,-0.110921,0.445573
303,20,7,5,10.000000,1000,50,0.100000,10,0.050000,1000.000000,0.001000,1,real_time_memory_aware,0.500000,0.500000,123.260000,616.300000,6163,1296,197,173.100000;97.100000;45.000000;152.800000;148.300000,0.376926,9ada2f3a47de,n42->n14;n39->n1;n37->n28;n24->n31;n36->n28,0.385476,0.385476
101,20,8,5,10.000000,1000,50,0.100000,10,0.050000,1000.000000,0.001000,1,historical_only,1.000000,0.500000,127.080000,635.400000,6354,1630,196,83.200000;131.000000;152.000000;74.500000;194.700000,0.350132,7e7b3091ef99,n34->n24;n7->n41;n33->n12;n45->n24;n37->n18,0.063897,0.425049
101,20,8,5,10.000000,1000,50,0.100000,10,0.050000,1000.000000,0.001000,1,real_time_memory_aware,0.500000,0.500000,121.860000,609.300000,6093,1528,199,65.400000;172.700000;65.800000;110.700000;194.700000,0.439551,7e7b3091ef99,n34->n24;n7->n41;n33->n12;n45->n24;n37->n18,0.298158,0.298158
202,20,8,5,10.000000,1000,50,0.100000,10,0.050000,1000.000000,0.001000,1,historical_only,1.000000,0.500000,77.660000,388.300000,3883,3309,238,19.800000;52.500000;194.700000;51.900000;69.400000,0.781369,8811bf5b22ad,n42->n6;n7->n50;n18->n10;n47->n46;n6->n11,0.070803,0.400962
202,20,8,5,10.000000,1000,50,0.100000,10,0.050000,1000.000000,0.001000,1,real_time_memory_aware,0.500000,0.500000,96.880000,484.400000,4844,1964,238,24.500000;89.200000;194.700000;84.700000;91.300000,0.566230,8811bf5b22ad,n42->n6;n7->n50;n18->n10;n47->n46;n6->n11,0.337662,0.346753
303,20,8,5,10.000000,1000,50,0.100000,10,0.050000,1000.000000,0.001000,1,historical_only,1.000000,0.500000,110.360000,551.800000,5518,1345,195,152.500000;93.200000;43.700000;112.400000;150.000000,0.364467,9ada2f3a47de,n42->n14;n39->n1;n37->n28;n24->n31;n36->n28,0.048918,0.408658
303,20,8,5,10.000000,1000,50,0.100000,10,0.050000,1000.000000,0.001000,1,real_time_memory_aware,0.500000,0.500000,122.980000,614.900000,6149,1045,197,170.200000;96.800000;46.900000;154.400000;146.600000,0.368136,9ada2f3a47de,n42->n14;n39->n1;n37->n28;n24->n31;n36->n28,0.434188,0.443468
101,20,9,5,10.000000,1000,50,0.100000,10,0.050000,1000.000000,0.001000,1,historical_only,1.000000,0.500000,127.340000,636.700000,6367,1400,194,84.100000;132.100000;155.500000;70.300000;194.700000,0.359462,7e7b3091ef99,n34->n24;n7->n41;n33->n12;n45->n24;n37->n18,0.091565,0.397143
101,20,9,5,10.000000,1000,50,0.100000,10,0.050000,1000.000000,0.001000,1,real_time_memory_aware,0.500000,0.500000,122.940000,614.700000,6147,1318,196,71.500000;174.100000;69.200000;105.200000;194.700000,0.424464,7e7b3091ef99,n34->n24;n7->n41;n33->n12;n45->n24;n37->n18,0.348677,0.348677
202,20,9,5,10.000000,1000,50,0.100000,10,0.050000,1000.000000,0.001000,1,historical_only,1.000000,0.500000,78.660000,393.300000,3933,2799,233,16.500000;48.800000;194.700000;60.600000;72.700000,0.775019,8811bf5b22ad,n42->n6;n7->n50;n18->n10;n47->n46;n6->n11,-0.009525,0.313249
202,20,9,5,10.000000,1000,50,0.100000,10,0.050000,1000.000000,0.001000,1,real_time_memory_aware,0.500000,0.500000,93.880000,469.400000,4694,1709,236,16.700000;88.900000;194.700000;78.200000;90.900000,0.610066,8811bf5b22ad,n42->n6;n7->n50;n18->n10;n47->n46;n6->n11,0.357672,0.360000
303,20,9,5,10.000000,1000,50,0.100000,10,0.050000,1000.000000,0.001000,1,historical_only,1.000000,0.500000,112.600000,563.000000,5630,941,200,151.900000;92.600000;46.400000;124.900000;147.200000,0.347958,9ada2f3a47de,n42->n14;n39->n1;n37->n28;n24->n31;n36->n28,-0.086561,0.352593
303,20,9,5,10.000000,1000,50,0.100000,10,0.050000,1000.000000,0.001000,1,real_time_memory_aware,0.500000,0.500000,123.260000,616.300000,6163,828,200,173.400000;96.800000;50.800000;152.700000;142.600000,0.357436,9ada2f3a47de,n42->n14;n39->n1;n37->n28;n24->n31;n36->n28,0.389866,0.407937
101,20,10,5,10.000000,1000,50,0.100000,10,0.050000,1000.000000,0.001000,1,historical_only,1.000000,0.500000,127.260000,636.300000,6363,1089,196,77.400000;124.100000;156.900000;83.200000;194.700000,0.349019,7e7b3091ef99,n34->n24;n7->n41;n33->n12;n45->n24;n37->n18,0.093308,0.421236
101,20,10,5,10.000000,1000,50,0.100000,10,0.050000,1000.000000,0.001000,1,real_time_memory_aware,0.500000,0.500000,120.880000,604.400000,6044,1135,200,66.700000;173.700000;58.600000;110.700000;194.700000,0.455481,7e7b3091ef99,n34->n24;n7->n41;n33->n12;n45->n24;n37->n18,0.282407,0.285317
202,20,10,5,10.000000,1000,50,0.100000,10,0.050000,1000.000000,0.001000,1,historical_only,1.000000,0.500000,77.800000,389.000000,3890,2434,236,20.700000;54.600000;194.700000;48.400000;70.600000,0.779316,8811bf5b22ad,n42->n6;n7->n50;n18->n10;n47->n46;n6->n11,0.042992,0.370382
202,20,10,5,10.000000,1000,50,0.100000,10,0.050000,1000.000000,0.001000,1,real_time_memory_aware,0.500000,0.500000,93.140000,465.700000,4657,1550,234,15.400000;83.300000;194.700000;87.000000;85.300000,0.617774,8811bf5b22ad,n42->n6;n7->n50;n18->n10;n47->n46;n6->n11,0.363528,0.383225
303,20,10,5,10.000000,1000,50,0.100000,10,0.050000,1000.000000,0.001000,1,historical_only,1.000000,0.500000,107.620000,538.100000,5381,1218,199,98.800000;95.000000;51.400000;150.700000;142.200000,0.333720,9ada2f3a47de,n42->n14;n39->n1;n37->n28;n24->n31;n36->n28,0.015836,0.469435
303,20,10,5,10.000000,1000,50,0.100000,10,0.050000,1000.000000,0.001000,1,real_time_memory_aware,0.500000,0.500000,122.900000,614.500000,6145,656,199,172.400000;96.700000;54.200000;151.900000;139.300000,0.344565,9ada2f3a47de,n42->n14;n39->n1;n37->n28;n24->n31;n36->n28,0.355388,0.355388
101,21,1,5,10.000000,1000,50,0.100000,10,0.050000,1000.000000,0.001000,1,historical_only,1.000000,0.500000,97.180000,485.900000,4859,31499,207,97.100000;93.400000;97.100000;3.600000;194.700000,0.622223,7e7b3091ef99,n34->n24;n7->n41;n33->n12;n45->n24;n37->n18,0.333810,0.333810
101,21,1,5,10.000000,1000,50,0.100000,10,0.050000,1000.000000,0.001000,1,real_time_memory_aware,0.500000,0.500000,97.180000,485.900000,4859,31499,207,97.100000;93.400000;97.100000;3.600000;194.700000,0.622223,7e7b3091ef99,n34->n24;n7->n41;n33->n12;n45->n24;n37->n18,0.333810,0.333810
202,21,1,5,10.000000,1000,50,0.100000,10,0.050000,1000.000000,0.001000,1,historical_only,1.000000,0.500000,83.420000,417.100000,4171,38409,245,1.200000;96.400000;194.700000;34.500000;90.300000,0.790675,8811bf5b22ad,n42->n6;n7->n50;n18->n10;n47->n46;n6->n11,0.356349,0.356349
202,21,1,5,10.000000,1000,50,0.100000,10,0.050000,1000.000000,0.001000,1,real_time_memory_aware,0.500000,0.500000,83.420000,417.100000,4171,38409,245,1.200000;96.400000;194.700000;34.500000;90.300000,0.790675,8811bf5b22ad,n42->n6;n7->n50;n18->n10;n47->n46;n6->n11,0.356349,0.356349
303,21,1,5,10.000000,1000,50,0.100000,10,0.050000,1000.000000,0.001000,1,historical_only,1.000000,0.500000,95.900000,479.500000,4795,30642,209,90.800000;97.100000;11.800000;97.100000;182.700000,0.564166,9ada2f3a47de,n42->n14;n39->n1;n37->n28;n24->n31;n36->n28,0.306667,0.306667
303,21,1,5,10.000000,1000,50,0.100000,10,0.050000,1000.000000,0.001000,1,real_time_memory_aware,0.500000,0.500000,95.900000,479.500000,4795,30642,209,90.800000;97.100000;11.800000;97.100000;182.700000,0.564166,9ada2f3a47de,n42->n14;n39->n1;n37->n28;n24->n31;n36->n28,0.306667,0.306667
101,21,2,5,10.000000,1000,50,0.100000,10,0.050000,1000.000000,0.001000,1,historical_only,1.000000,0.500000,130.580000,652.900000,6529,10691,205,83.000000;143.800000;155.700000;75.700000;194.700000,0.345769,7e7b3091ef99,n34->n24;n7->n41;n33->n12;n45->n24;n37->n18,0.100000,0.443860
101,21,2,5,10.000000,1000,50,0.100000,10,0.050000,1000.000000,0.001000,1,real_time_memory_aware,0.500000,0.500000,127.140000,635.700000,6357,8498,207,61.200000;168.700000;92.100000;119.000000;194.700000,0.384256,7e7b3091ef99,n34->n24;n7->n41;n33->n12;n45->n24;n37->n18,0.535589,0.535589
202,21,2,5,10.000000,1000,50,0.100000,10,0.050000,1000.000000,0.001000,1,historical_only,1.000000,0.500000,92.520000,462.600000,4626,14336,241,35.700000;98.900000;194.700000;43.400000;89.900000,0.613891,8811bf5b22ad,n42->n6;n7->n50;n18->n10;n47->n46;n6->n11,0.061224,0.374344
202,21,2,5,10.000000,1000,50,0.100000,10,0.050000,1000.000000,0.001000,1,real_time_memory_aware,0.500000,0.500000,101.120000,505.600000,5056,12160,248,43.000000;103.900000;194.700000;70.700000;93.300000,0.506758,8811bf5b22ad,n42->n6;n7->n50;n18->n10;n47->n46;n6->n11,0.454067,0.456647
303,21,2,5,10.000000,1000,50,0.100000,10,0.050000,1000.000000,0.001000,1,historical_only,1.000000,0.500000,113.840000,569.200000,5692,8898,198,159.400000;94.600000;42.900000;122.000000;150.300000,0.370073,9ada2f3a47de,n42->n14;n39->n1;n37->n28;n24->n31;n36->n28,0.214952,0.410952
303,21,2,5,10.000000,1000,50,0.100000,10,0.050000,1000.000000,0.001000,1,real_time_memory_aware,0.500000,0.500000,117.420000,587.100000,5871,7041,193,171.400000;95.400000;39.300000;126.600000;154.400000,0.398607,9ada2f3a47de,n42->n14;n39->n1;n37->n28;n24->n31;n36->n28,0.484325,0.484325
101,21,3,5,10.000000,1000,50,0.100000,10,0.050000,1000.000000,0.001000,1,historical_only,1.000000,0.500000,127.000000,635.000000,6350,6521,210,86.500000;131.600000;158.900000;63.300000;194.700000,0.374658,7e7b3091ef99,n34->n24;n7->n41;n33->n12;n45->n24;n37->n18,0.110483,0.408442
101,21,3,5,10.000000,1000,50,0.100000,10,0.050000,1000.000000,0.001000,1,real_time_memory_aware,0.500000,0.500000,124.420000,622.100000,6221,5347,208,58.200000;166.900000;79.200000;123.100000;194.700000,0.412580,7e7b3091ef99,n34->n24;n7->n41;n33->n12;n45->n24;n37->n18,0.463647,0.463647
202,21,3,5,10.000000,1000,50,0.100000,10,0.050000,1000.000000,0.001000,1,historical_only,1.000000,0.500000,79.980000,399.900000,3999,10056,248,18.500000;59.700000;194.700000;44.200000;82.800000,0.763406,8811bf5b22ad,n42->n6;n7->n50;n18->n10;n47->n46;n6->n11,0.092754,0.369979
202,21,3,5,10.000000,1000,50,0.100000,10,0.050000,1000.000000,0.001000,1,real_time_memory_aware,0.500000,0.500000,100.240000,501.200000,5012,7556,252,38.600000;101.600000;194.700000;72.800000;93.500000,0.518801,8811bf5b22ad,n42->n6;n7->n50;n18->n10;n47->n46;n6->n11,0.445287,0.445287
303,21,3,5,10.000000,1000,50,0.100000,10,0.050000,1000.000000,0.001000,1,historical_only,1.000000,0.500000,101.200000,506.000000,5060,7278,207,99.100000;96.100000;46.700000;117.400000;146.700000,0.322727,9ada2f3a47de,n42->n14;n39->n1;n37->n28;n24->n31;n36->n28,-0.092750,0.371039
303,21,3,5,10.000000,1000,50,0.100000,10,0.050000,1000.000000,0.001000,1,real_time_memory_aware,0.500000,0.500000,118.180000,590.900000,5909,3961,207,167.000000;95.200000;39.100000;134.600000;155.000000,0.393089,9ada2f3a47de,n42->n14;n39->n1;n37->n28;n24->n31;n36->n28,0.457011,0.471693
101,21,4,5,10.000000,1000,50,0.100000,10,0.050000,1000.000000,0.001000,1,historical_only,1.000000,0.500000,129.180000,645.900000,6459,4095,205,62.700000;113.800000;161.800000;112.900000;194.700000,0.350975,7e7b3091ef99,n34->n24;n7->n41;n33->n12;n45->n24;n37->n18,0.101491,0.422794
101,21,4,5,10.000000,1000,50,0.100000,10,0.050000,1000.000000,0.001000,1,real_time_memory_aware,0.500000,0.500000,125.640000,628.200000,6282,3765,207,58.900000;168.800000;85.100000;120.700000;194.700000,0.401988,7e7b3091ef99,n34->n24;n7->n41;n33->n12;n45->n24;n37->n18,0.450450,0.450450
202,21,4,5,10.000000,1000,50,0.100000,10,0.050000,1000.000000,0.001000,1,historical_only,1.000000,0.500000,81.080000,405.400000,4054,7448,240,20.600000;62.800000;194.700000;50.000000;77.300000,0.737575,8811bf5b22ad,n42->n6;n7->n50;n18->n10;n47->n46;n6->n11,0.053896,0.378355
202,21,4,5,10.000000,1000,50,0.100000,10,0.050000,1000.000000,0.001000,1,real_time_memory_aware,0.500000,0.500000,100.500000,502.500000,5025,5227,249,42.200000;96.600000;194.700000;75.600000;93.400000,0.506548,8811bf5b22ad,n42->n6;n7->n50;n18->n10;n47->n46;n6->n11,0.430190,0.430190
303,21,4,5,10.000000,1000,50,0.100000,10,0.050000,1000.000000,0.001000,1,historical_only,1.000000,0.500000,116.440000,582.200000,5822,3507,205,155.500000;94.600000;39.100000;138.200000;154.800000,0.382709,9ada2f3a47de,n42->n14;n39->n1;n37->n28;n24->n31;n36->n28,0.111884,0.343638
303,21,4,5,10.000000,1000,50,0.100000,10,0.050000,1000.000000,0.001000,1,real_time_memory_aware,0.500000,0.500000,122.380000,611.900000,6119,2697,209,167.600000;95.500000;37.400000;155.100000;156.300000,0.403799,9ada2f3a47de,n42->n14;n39->n1;n37->n28;n24->n31;n36->n28,0.428053,0.461690
101,21,5,5,10.000000,1000,50,0.100000,10,0.050000,1000.000000,0.001000,1,historical_only,1.000000,0.500000,127.140000,635.700000,6357,3631,206,75.700000;113.800000;155.500000;96.000000;194.700000,0.336695,7e7b3091ef99,n34->n24;n7->n41;n33->n12;n45->n24;n37->n18,-0.056881,0.460891
101,21,5,5,10.000000,1000,50,0.100000,10,0.050000,1000.000000,0.001000,1,real_time_memory_aware,0.500000,0.500000,124.180000,620.900000,6209,2901,208,61.400000;167.600000;78.100000;119.100000;194.700000,0.409807,7e7b3091ef99,n34->n24;n7->n41;n33->n12;n45->n24;n37->n18,0.412484,0.412484
202,21,5,5,10.000000,1000,50,0.100000,10,0.050000,1000.000000,0.001000,1,historical_only,1.000000,0.500000,80.880000,404.400000,4044,5829,247,25.700000;49.900000;194.700000;52.400000;81.700000,0.737113,8811bf5b22ad,n42->n6;n7->n50;n18->n10;n47->n46;n6->n11,0.080529,0.397778
202,21,5,5,10.000000,1000,50,0.100000,10,0.050000,1000.000000,0.001000,1,real_time_memory_aware,0.500000,0.500000,99.820000,499.100000,4991,3947,251,40.800000;93.700000;194.700000;76.900000;93.000000,0.512682,8811bf5b22ad,n42->n6;n7->n50;n18->n10;n47->n46;n6->n11,0.403313,0.405590
303,21,5,5,10.000000,1000,50,0.100000,10,0.050000,1000.000000,0.001000,1,historical_only,1.000000,0.500000,115.260000,576.300000,5763,2428,206,162.000000;94.400000;43.000000;126.300000;150.600000,0.372405,9ada2f3a47de,n42->n14;n39->n1;n37->n28;n24->n31;n36->n28,0.168750,0.358829
303,21,5,5,10.000000,1000,50,0.100000,10,0.050000,1000.000000,0.001000,1,real_time_memory_aware,0.500000,0.500000,122.280000,611.400000,6114,2095,208,169.300000;95.800000;42.600000;152.400000;151.300000,0.383760,9ada2f3a47de,n42->n14;n39->n1;n37->n28;n24->n31;n36->n28,0.404540,0.404540
101,21,6,5,10.000000,1000,50,0.100000,10,0.050000,1000.000000,0.001000,1,historical_only,1.000000,0.500000,127.140000,635.700000,6357,2439,209,60.500000;105.500000;158.400000;116.600000;194.700000,0.361495,7e7b3091ef99,n34->n24;n7->n41;n33->n12;n45->n24;n37->n18,-0.065850,0.475102
101,21,6,5,10.000000,1000,50,0.100000,10,0.050000,1000.000000,0.001000,1,real_time_memory_aware,0.500000,0.500000,124.920000,624.600000,6246,2364,206,68.400000;174.900000;76.600000;110.000000;194.700000,0.410050,7e7b3091ef99,n34->n24;n7->n41;n33->n12;n45->n24;n37->n18,0.366799,0.366799
202,21,6,5,10.000000,1000,50,0.100000,10,0.050000,1000.000000,0.001000,1,historical_only,1.000000,0.500000,79.540000,397.700000,3977,4688,251,24.700000;60.300000;194.700000;45.400000;72.600000,0.751254,8811bf5b22ad,n42->n6;n7->n50;n18->n10;n47->n46;n6->n11,0.029735,0.335767
202,21,6,5,10.000000,1000,50,0.100000,10,0.050000,1000.000000,0.001000,1,real_time_memory_aware,0.500000,0.500000,97.620000,488.100000,4881,3136,248,30.800000;91.400000;194.700000;77.100000;94.100000,0.549006,8811bf5b22ad,n42->n6;n7->n50;n18->n10;n47->n46;n6->n11,0.401058,0.403386
303,21,6,5,10.000000,1000,50,0.100000,10,0.050000,1000.000000,0.001000,1,historical_only,1.000000,0.500000,102.000000,510.000000,5100,2871,210,108.100000;93.400000;49.000000;115.300000;144.200000,0.306218,9ada2f3a47de,n42->n14;n39->n1;n37->n28;n24->n31;n36->n28,-0.014286,0.327077
303,21,6,5,10.000000,1000,50,0.100000,10,0.050000,1000.000000,0.001000,1,real_time_memory_aware,0.500000,0.500000,121.500000,607.500000,6075,1589,206,169.600000;95.700000;48.900000;148.600000;144.700000,0.359185,9ada2f3a47de,n42->n14;n39->n1;n37->n28;n24->n31;n36->n28,0.428118,0.435828
101,21,7,5,10.000000,1000,50,0.100000,10,0.050000,1000.000000,0.001000,1,historical_only,1.000000,0.500000,121.900000,609.500000,6095,2064,207,63.000000;121.400000;116.400000;114.000000;194.700000,0.345363,7e7b3091ef99,n34->n24;n7->n41;n33->n12;n45->n24;n37->n18,0.020849,0.308880
101,21,7,5,10.000000,1000,50,0.100000,10,0.050000,1000.000000,0.001000,1,real_time_memory_aware,0.500000,0.500000,122.080000,610.400000,6104,1969,207,63.800000;170.400000;69.300000;112.200000;194.700000,0.431714,7e7b3091ef99,n34->n24;n7->n41;n33->n12;n45->n24;n37->n18,0.356217,0.356217
202,21,7,5,10.000000,1000,50,0.100000,10,0.050000,1000.000000,0.001000,1,historical_only,1.000000,0.500000,83.640000,418.200000,4182,3793,248,31.000000;61.000000;194.700000;50.700000;80.800000,0.691197,8811bf5b22ad,n42->n6;n7->n50;n18->n10;n47->n46;n6->n11,-0.049101,0.332698
202,21,7,5,10.000000,1000,50,0.100000,10,0.050000,1000.000000,0.001000,1,real_time_memory_aware,0.500000,0.500000,94.560000,472.800000,4728,2656,248,31.600000;86.200000;194.700000;67.500000;92.800000,0.575304,8811bf5b22ad,n42->n6;n7->n50;n18->n10;n47->n46;n6->n11,0.385606,0.392532
303,21,7,5,10.000000,1000,50,0.100000,10,0.050000,1000.000000,0.001000,1,historical_only,1.000000,0.500000,103.100000,515.500000,5155,2308,207,113.300000;94.700000;46.600000;114.000000;146.900000,0.318873,9ada2f3a47de,n42->n14;n39->n1;n37->n28;n24->n31;n36->n28,-0.015706,0.402041
303,21,7,5,10.000000,1000,50,0.100000,10,0.050000,1000.000000,0.001000,1,real_time_memory_aware,0.500000,0.500000,123.580000,617.900000,6179,1354,209,171.900000;96.400000;46.700000;156.000000;146.900000,0.372211,9ada2f3a47de,n42->n14;n39->n1;n37->n28;n24->n31;n36->n28,0.452937,0.452937
101,21,8,5,10.000000,1000,50,0.100000,10,0.050000,1000.000000,0.001000,1,historical_only,1.000000,0.500000,128.360000,641.800000,6418,1716,210,79.800000;129.800000;155.400000;82.100000;194.700000,0.341940,7e7b3091ef99,n34->n24;n7->n41;n33->n12;n45->n24;n37->n18,0.108521,0.434085
101,21,8,5,10.000000,1000,50,0.100000,10,0.050000,1000.000000,0.001000,1,real_time_memory_aware,0.500000,0.500000,122.440000,612.200000,6122,1661,210,65.600000;174.200000;64.900000;112.800000;194.700000,0.440354,7e7b3091ef99,n34->n24;n7->n41;n33->n12;n45->n24;n37->n18,0.307275,0.307275
202,21,8,5,10.000000,1000,50,0.100000,10,0.050000,1000.000000,0.001000,1,historical_only,1.000000,0.500000,79.660000,398.300000,3983,3430,243,20.800000;50.700000;194.700000;53.500000;78.600000,0.757849,8811bf5b22ad,n42->n6;n7->n50;n18->n10;n47->n46;n6->n11,-0.005411,0.320563
202,21,8,5,10.000000,1000,50,0.100000,10,0.050000,1000.000000,0.001000,1,real_time_memory_aware,0.500000,0.500000,95.700000,478.500000,4785,2173,249,28.700000;90.000000;194.700000;71.900000;93.200000,0.570330,8811bf5b22ad,n42->n6;n7->n50;n18->n10;n47->n46;n6->n11,0.388677,0.403704
303,21,8,5,10.000000,1000,50,0.100000,10,0.050000,1000.000000,0.001000,1,historical_only,1.000000,0.500000,97.120000,485.600000,4856,2564,209,95.100000;96.400000;52.200000;100.600000;141.300000,0.290734,9ada2f3a47de,n42->n14;n39->n1;n37->n28;n24->n31;n36->n28,-0.095125,0.420975
303,21,8,5,10.000000,1000,50,0.100000,10,0.050000,1000.000000,0.001000,1,real_time_memory_aware,0.500000,0.500000,123.420000,617.100000,6171,1157,208,171.600000;96.600000;52.000000;155.500000;141.400000,0.353062,9ada2f3a47de,n42->n14;n39->n1;n37->n28;n24->n31;n36->n28,0.314524,0.329524
101,21,9,5,10.000000,1000,50,0.100000,10,0.050000,1000.000000,0.001000,1,historical_only,1.000000,0.500000,126.880000,634.400000,6344,1644,209,84.100000;128.600000;158.400000;68.600000;194.700000,0.366682,7e7b3091ef99,n34->n24;n7->n41;n33->n12;n45->n24;n37->n18,-0.001905,0.507755
101,21,9,5,10.000000,1000,50,0.100000,10,0.050000,1000.000000,0.001000,1,real_time_memory_aware,0.500000,0.500000,121.940000,609.700000,6097,1455,208,69.000000;173.500000;65.400000;107.100000;194.700000,0.436602,7e7b3091ef99,n34->n24;n7->n41;n33->n12;n45->n24;n37->n18,0.334524,0.334524
202,21,9,5,10.000000,1000,50,0.100000,10,0.050000,1000.000000,0.001000,1,historical_only,1.000000,0.500000,77.960000,389.800000,3898,2879,249,24.300000;47.000000;194.700000;37.300000;86.500000,0.794707,8811bf5b22ad,n42->n6;n7->n50;n18->n10;n47->n46;n6->n11,0.042222,0.317778
202,21,9,5,10.000000,1000,50,0.100000,10,0.050000,1000.000000,0.001000,1,real_time_memory_aware,0.500000,0.500000,94.980000,474.900000,4749,1903,252,29.700000;86.100000;194.700000;71.700000;92.700000,0.573425,8811bf5b22ad,n42->n6;n7->n50;n18->n10;n47->n46;n6->n11,0.390476,0.397619
303,21,9,5,10.000000,1000,50,0.100000,10,0.050000,1000.000000,0.001000,1,historical_only,1.000000,0.500000,107.800000,539.000000,5390,1240,209,161.300000;93.800000;51.100000;90.500000;142.300000,0.365512,9ada2f3a47de,n42->n14;n39->n1;n37->n28;n24->n31;n36->n28,0.076644,0.362358
303,21,9,5,10.000000,1000,50,0.100000,10,0.050000,1000.000000,0.001000,1,real_time_memory_aware,0.500000,0.500000,123.520000,617.600000,6176,931,205,174.200000;96.800000;50.900000;152.900000;142.800000,0.358254,9ada2f3a47de,n42->n14;n39->n1;n37->n28;n24->n31;n36->n28,0.422857,0.422857
101,21,10,5,10.000000,1000,50,0.100000,10,0.050000,1000.000000,0.001000,1,historical_only,1.000000,0.500000,120.540000,602.700000,6027,1727,208,86.300000;136.700000;119.500000;65.500000;194.700000,0.370335,7e7b3091ef99,n34->n24;n7->n41;n33->n12;n45->n24;n37->n18,-0.048844,0.455102
101,21,10,5,10.000000,1000,50,0.100000,10,0.050000,1000.000000,0.001000,1,real_time_memory_aware,0.500000,0.500000,120.960000,604.800000,6048,1223,207,68.900000;173.200000;59.500000;108.500000;194.700000,0.449927,7e7b3091ef99,n34->n24;n7->n41;n33->n12;n45->n24;n37->n18,0.300397,0.300397
202,21,10,5,10.000000,1000,50,0.100000,10,0.050000,1000.000000,0.001000,1,historical_only,1.000000,0.500000,79.200000,396.000000,3960,2520,252,22.500000;49.800000;194.700000;41.200000;87.800000,0.777053,8811bf5b22ad,n42->n6;n7->n50;n18->n10;n47->n46;n6->n11,0.038591,0.351661
202,21,10,5,10.000000,1000,50,0.100000,10,0.050000,1000.000000,0.001000,1,real_time_memory_aware,0.500000,0.500000,95.280000,476.400000,4764,1514,251,28.300000;86.900000;194.700000;74.600000;91.900000,0.572551,8811bf5b22ad,n42->n6;n7->n50;n18->n10;n47->n46;n6->n11,0.337460,0.375556
303,21,10,5,10.000000,1000,50,0.100000,10,0.050000,1000.000000,0.001000,1,historical_only,1.000000,0.500000,110.600000,553.000000,5530,1040,210,160.000000;93.500000;52.600000;105.900000;141.000000,0.339343,9ada2f3a47de,n42->n14;n39->n1;n37->n28;n24->n31;n36->n28,-0.022702,0.390144
303,21,10,5,10.000000,1000,50,0.100000,10,0.050000,1000.000000,0.001000,1,real_time_memory_aware,0.500000,0.500000,123.080000,615.400000,6154,781,210,174.200000;96.800000;55.400000;151.100000;137.900000,0.342578,9ada2f3a47de,n42->n14;n39->n1;n37->n28;n24->n31;n36->n28,0.370320,0.370320
101,22,1,5,10.000000,1000,50,0.100000,10,0.050000,1000.000000,0.001000,1,historical_only,1.000000,0.500000,97.160000,485.800000,4858,33485,220,97.000000;92.000000;97.100000;5.000000;194.700000,0.618124,7e7b3091ef99,n34->n24;n7->n41;n33->n12;n45->n24;n37->n18,0.304762,0.304762
101,22,1,5,10.000000,1000,50,0.100000,10,0.050000,1000.000000,0.001000,1,real_time_memory_aware,0.500000,0.500000,97.160000,485.800000,4858,33485,220,97.000000;92.000000;97.100000;5.000000;194.700000,0.618124,7e7b3091ef99,n34->n24;n7->n41;n33->n12;n45->n24;n37->n18,0.304762,0.304762
202,22,1,5,10.000000,1000,50,0.100000,10,0.050000,1000.000000,0.001000,1,historical_only,1.000000,0.500000,82.180000,410.900000,4109,40730,259,1.300000;96.500000;194.700000;28.300000;90.100000,0.813978,8811bf5b22ad,n42->n6;n7->n50;n18->n10;n47->n46;n6->n11,0.316270,0.325000
202,22,1,5,10.000000,1000,50,0.100000,10,0.050000,1000.000000,0.001000,1,real_time_memory_aware,0.500000,0.500000,82.180000,410.900000,4109,40730,259,1.300000;96.500000;194.700000;28.300000;90.100000,0.813978,8811bf5b22ad,n42->n6;n7->n50;n18->n10;n47->n46;n6->n11,0.316270,0.325000
303,22,1,5,10.000000,1000,50,0.100000,10,0.050000,1000.000000,0.001000,1,historical_only,1.000000,0.500000,95.680000,478.400000,4784,32653,216,89.800000;97.100000;2.000000;97.100000;192.400000,0.630033,9ada2f3a47de,n42->n14;n39->n1;n37->n28;n24->n31;n36->n28,0.334762,0.334762
303,22,1,5,10.000000,1000,50,0.100000,10,0.050000,1000.000000,0.001000,1,real_time_memory_aware,0.500000,0.500000,95.680000,478.400000,4784,32653,216,89.800000;97.100000;2.000000;97.100000;192.400000,0.630033,9ada2f3a47de,n42->n14;n39->n1;n37->n28;n24->n31;n36->n28,0.334762,0.334762
101,22,2,5,10.000000,1000,50,0.100000,10,0.050000,1000.000000,0.001000,1,historical_only,1.000000,0.500000,133.820000,669.100000,6691,10436,216,74.300000;138.500000;162.200000;99.400000;194.700000,0.321606,7e7b3091ef99,n34->n24;n7->n41;n33->n12;n45->n24;n37->n18,0.201128,0.344737
101,22,2,5,10.000000,1000,50,0.100000,10,0.050000,1000.000000,0.001000,1,real_time_memory_aware,0.500000,0.500000,126.640000,633.200000,6332,9318,217,68.800000;171.100000;85.500000;113.100000;194.700000,0.384096,7e7b3091ef99,n34->n24;n7->n41;n33->n12;n45->n24;n37->n18,0.476319,0.476319
202,22,2,5,10.000000,1000,50,0.100000,10,0.050000,1000.000000,0.001000,1,historical_only,1.000000,0.500000,86.220000,431.100000,4311,16116,257,26.600000;80.600000;194.700000;44.100000;85.100000,0.678856,8811bf5b22ad,n42->n6;n7->n50;n18->n10;n47->n46;n6->n11,0.117021,0.399493
202,22,2,5,10.000000,1000,50,0.100000,10,0.050000,1000.000000,0.001000,1,real_time_memory_aware,0.500000,0.500000,96.940000,484.700000,4847,13287,257,28.800000;101.400000;194.700000;66.400000;93.400000,0.568115,8811bf5b22ad,n42->n6;n7->n50;n18->n10;n47->n46;n6->n11,0.438095,0.444643
303,22,2,5,10.000000,1000,50,0.100000,10,0.050000,1000.000000,0.001000,1,historical_only,1.000000,0.500000,117.160000,585.800000,5858,9769,214,157.300000;94.100000;44.000000;140.900000;149.500000,0.364227,9ada2f3a47de,n42->n14;n39->n1;n37->n28;n24->n31;n36->n28,0.201732,0.386364
303,22,2,5,10.000000,1000,50,0.100000,10,0.050000,1000.000000,0.001000,1,real_time_memory_aware,0.500000,0.500000,117.540000,587.700000,5877,7722,210,172.600000;95.800000;55.000000;126.400000;137.900000,0.338358,9ada2f3a47de,n42->n14;n39->n1;n37->n28;n24->n31;n36->n28,0.496190,0.496190
101,22,3,5,10.000000,1000,50,0.100000,10,0.050000,1000.000000,0.001000,1,historical_only,1.000000,0.500000,127.540000,637.700000,6377,7292,215,89.800000;136.700000;160.200000;56.300000;194.700000,0.386673,7e7b3091ef99,n34->n24;n7->n41;n33->n12;n45->n24;n37->n18,0.012976,0.369405
101,22,3,5,10.000000,1000,50,0.100000,10,0.050000,1000.000000,0.001000,1,real_time_memory_aware,0.500000,0.500000,127.920000,639.600000,6396,5654,200,54.800000;169.300000;94.400000;126.400000;194.700000,0.393119,7e7b3091ef99,n34->n24;n7->n41;n33->n12;n45->n24;n37->n18,0.442600,0.442600
202,22,3,5,10.000000,1000,50,0.100000,10,0.050000,1000.000000,0.001000,1,historical_only,1.000000,0.500000,81.600000,408.000000,4080,10632,260,24.800000;59.200000;194.700000;47.800000;81.500000,0.728359,8811bf5b22ad,n42->n6;n7->n50;n18->n10;n47->n46;n6->n11,0.063527,0.367795
202,22,3,5,10.000000,1000,50,0.100000,10,0.050000,1000.000000,0.001000,1,real_time_memory_aware,0.500000,0.500000,99.100000,495.500000,4955,8137,252,39.000000;89.800000;194.700000;78.300000;93.700000,0.520429,8811bf5b22ad,n42->n6;n7->n50;n18->n10;n47->n46;n6->n11,0.377045,0.390844
303,22,3,5,10.000000,1000,50,0.100000,10,0.050000,1000.000000,0.001000,1,historical_only,1.000000,0.500000,114.960000,574.800000,5748,6054,215,160.700000;95.400000;48.300000;125.200000;145.200000,0.346588,9ada2f3a47de,n42->n14;n39->n1;n37->n28;n24->n31;n36->n28,-0.060117,0.364680
303,22,3,5,10.000000,1000,50,0.100000,10,0.050000,1000.000000,0.001000,1,real_time_memory_aware,0.500000,0.500000,118.240000,591.200000,5912,4368,215,168.500000;95.400000;39.900000;133.500000;153.900000,0.391045,9ada2f3a47de,n42->n14;n39->n1;n37->n28;n24->n31;n36->n28,0.458333,0.467857
101,22,4,5,10.000000,1000,50,0.100000,10,0.050000,1000.000000,0.001000,1,historical_only,1.000000,0.500000,122.600000,613.000000,6130,5473,217,76.700000;143.700000;111.200000;86.700000;194.700000,0.349293,7e7b3091ef99,n34->n24;n7->n41;n33->n12;n45->n24;n37->n18,0.022306,0.512030
101,22,4,5,10.000000,1000,50,0.100000,10,0.050000,1000.000000,0.001000,1,real_time_memory_aware,0.500000,0.500000,125.360000,626.800000,6268,4119,217,59.600000;170.800000;80.400000;121.300000;194.700000,0.410411,7e7b3091ef99,n34->n24;n7->n41;n33->n12;n45->n24;n37->n18,0.472458,0.472458
202,22,4,5,10.000000,1000,50,0.100000,10,0.050000,1000.000000,0.001000,1,historical_only,1.000000,0.500000,78.820000,394.100000,3941,8024,258,19.000000;54.000000;194.700000;47.000000;79.400000,0.774549,8811bf5b22ad,n42->n6;n7->n50;n18->n10;n47->n46;n6->n11,0.106032,0.377354
202,22,4,5,10.000000,1000,50,0.100000,10,0.050000,1000.000000,0.001000,1,real_time_memory_aware,0.500000,0.500000,97.240000,486.200000,4862,5746,259,37.500000;88.600000;194.700000;72.100000;93.300000,0.540063,8811bf5b22ad,n42->n6;n7->n50;n18->n10;n47->n46;n6->n11,0.373048,0.375143
303,22,4,5,10.000000,1000,50,0.100000,10,0.050000,1000.000000,0.001000,1,historical_only,1.000000,0.500000,102.260000,511.300000,5113,5327,210,102.700000;94.800000;48.000000;120.500000;145.300000,0.314912,9ada2f3a47de,n42->n14;n39->n1;n37->n28;n24->n31;n36->n28,-0.056832,0.344824
303,22,4,5,10.000000,1000,50,0.100000,10,0.050000,1000.000000,0.001000,1,real_time_memory_aware,0.500000,0.500000,119.680000,598.400000,5984,3015,215,171.500000;95.600000;40.900000;137.700000;152.700000,0.389886,9ada2f3a47de,n42->n14;n39->n1;n37->n28;n24->n31;n36->n28,0.449854,0.449854
101,22,5,5,10.000000,1000,50,0.100000,10,0.050000,1000.000000,0.001000,1,historical_only,1.000000,0.500000,126.720000,633.600000,6336,4166,215,80.700000;106.400000;160.600000;91.200000;194.700000,0.345091,7e7b3091ef99,n34->n24;n7->n41;n33->n12;n45->n24;n37->n18,-0.034807,0.376757
101,22,5,5,10.000000,1000,50,0.100000,10,0.050000,1000.000000,0.001000,1,real_time_memory_aware,0.500000,0.500000,123.420000,617.100000,6171,3197,210,59.900000;171.100000;71.800000;119.600000;194.700000,0.429783,7e7b3091ef99,n34->n24;n7->n41;n33->n12;n45->n24;n37->n18,0.414021,0.416931
202,22,5,5,10.000000,1000,50,0.100000,10,0.050000,1000.000000,0.001000,1,historical_only,1.000000,0.500000,78.140000,390.700000,3907,6330,252,21.400000;50.900000;194.700000;50.800000;72.900000,0.774703,8811bf5b22ad,n42->n6;n7->n50;n18->n10;n47->n46;n6->n11,0.014180,0.351323
202,22,5,5,10.000000,1000,50,0.100000,10,0.050000,1000.000000,0.001000,1,real_time_memory_aware,0.500000,0.500000,95.900000,479.500000,4795,4450,257,32.300000;91.600000;194.700000;67.900000;93.000000,0.563806,8811bf5b22ad,n42->n6;n7->n50;n18->n10;n47->n46;n6->n11,0.360381,0.360381
303,22,5,5,10.000000,1000,50,0.100000,10,0.050000,1000.000000,0.001000,1,historical_only,1.000000,0.500000,105.420000,527.100000,5271,3227,214,164.000000;95.200000;42.600000;74.300000;151.000000,0.435285,9ada2f3a47de,n42->n14;n39->n1;n37->n28;n24->n31;n36->n28,0.129014,0.385493
303,22,5,5,10.000000,1000,50,0.100000,10,0.050000,1000.000000,0.001000,1,real_time_memory_aware,0.500000,0.500000,119.820000,599.100000,5991,2243,217,168.800000;95.300000;37.900000;141.000000;156.100000,0.399835,9ada2f3a47de,n42->n14;n39->n1;n37->n28;n24->n31;n36->n28,0.458028,0.458028
101,22,6,5,10.000000,1000,50,0.100000,10,0.050000,1000.000000,0.001000,1,historical_only,1.000000,0.500000,125.900000,629.500000,6295,3424,217,77.100000;109.200000;154.300000;94.200000;194.700000,0.340805,7e7b3091ef99,n34->n24;n7->n41;n33->n12;n45->n24;n37->n18,-0.116731,0.481467
101,22,6,5,10.000000,1000,50,0.100000,10,0.050000,1000.000000,0.001000,1,real_time_memory_aware,0.500000,0.500000,122.560000,612.800000,6128,2630,215,62.300000;171.800000;66.700000;117.300000;194.700000,0.437994,7e7b3091ef99,n34->n24;n7->n41;n33->n12;n45->n24;n37->n18,0.384427,0.384427
202,22,6,5,10.000000,1000,50,0.100000,10,0.050000,1000.000000,0.001000,1,historical_only,1.000000,0.500000,77.360000,386.800000,3868,5133,260,23.300000;47.800000;194.700000;42.700000;78.300000,0.791950,8811bf5b22ad,n42->n6;n7->n50;n18->n10;n47->n46;n6->n11,-0.004458,0.375887
202,22,6,5,10.000000,1000,50,0.100000,10,0.050000,1000.000000,0.001000,1,real_time_memory_aware,0.500000,0.500000,95.920000,479.600000,4796,3506,258,32.500000;86.600000;194.700000;72.600000;93.200000,0.559826,8811bf5b22ad,n42->n6;n7->n50;n18->n10;n47->n46;n6->n11,0.415079,0.415079
303,22,6,5,10.000000,1000,50,0.100000,10,0.050000,1000.000000,0.001000,1,historical_only,1.000000,0.500000,108.380000,541.900000,5419,2866,214,98.900000;93.900000;47.300000;155.600000;146.200000,0.361859,9ada2f3a47de,n42->n14;n39->n1;n37->n28;n24->n31;n36->n28,0.043069,0.290476
303,22,6,5,10.000000,1000,50,0.100000,10,0.050000,1000.000000,0.001000,1,real_time_memory_aware,0.500000,0.500000,121.220000,606.100000,6061,1786,219,170.500000;95.700000;41.900000;146.300000;151.700000,0.385692,9ada2f3a47de,n42->n14;n39->n1;n37->n28;n24->n31;n36->n28,0.371408,0.371408
101,22,7,5,10.000000,1000,50,0.100000,10,0.050000,1000.000000,0.001000,1,historical_only,1.000000,0.500000,126.240000,631.200000,6312,2677,217,86.300000;120.600000;161.400000;68.200000;194.700000,0.370171,7e7b3091ef99,n34->n24;n7->n41;n33->n12;n45->n24;n37->n18,0.030839,0.437642
101,22,7,5,10.000000,1000,50,0.100000,10,0.050000,1000.000000,0.001000,1,real_time_memory_aware,0.500000,0.500000,122.840000,614.200000,6142,2165,219,66.400000;176.700000;65.000000;111.400000;194.700000,0.441800,7e7b3091ef99,n34->n24;n7->n41;n33->n12;n45->n24;n37->n18,0.338990,0.338990
202,22,7,5,10.000000,1000,50,0.100000,10,0.050000,1000.000000,0.001000,1,historical_only,1.000000,0.500000,80.900000,404.500000,4045,4230,257,24.700000;58.900000;194.700000;48.400000;77.800000,0.734592,8811bf5b22ad,n42->n6;n7->n50;n18->n10;n47->n46;n6->n11,-0.028440,0.336242
202,22,7,5,10.000000,1000,50,0.100000,10,0.050000,1000.000000,0.001000,1,real_time_memory_aware,0.500000,0.500000,94.420000,472.100000,4721,2901,259,31.200000;86.800000;194.700000;66.200000;93.200000,0.578325,8811bf5b22ad,n42->n6;n7->n50;n18->n10;n47->n46;n6->n11,0.320847,0.361481
303,22,7,5,10.000000,1000,50,0.100000,10,0.050000,1000.000000,0.001000,1,historical_only,1.000000,0.500000,115.780000,578.900000,5789,1772,211,149.900000;94.500000;46.300000;141.000000;147.200000,0.346943,9ada2f3a47de,n42->n14;n39->n1;n37->n28;n24->n31;n36->n28,-0.000775,0.401440
303,22,7,5,10.000000,1000,50,0.100000,10,0.050000,1000.000000,0.001000,1,real_time_memory_aware,0.500000,0.500000,123.040000,615.200000,6152,1555,220,171.000000;96.500000;47.700000;154.100000;145.900000,0.366510,9ada2f3a47de,n42->n14;n39->n1;n37->n28;n24->n31;n36->n28,0.412351,0.428389
101,22,8,5,10.000000,1000,50,0.100000,10,0.050000,1000.000000,0.001000,1,historical_only,1.000000,0.500000,126.540000,632.700000,6327,2108,219,87.200000;131.000000;159.200000;60.600000;194.700000,0.381102,7e7b3091ef99,n34->n24;n7->n41;n33->n12;n45->n24;n37->n18,0.234384,0.472479
101,22,8,5,10.000000,1000,50,0.100000,10,0.050000,1000.000000,0.001000,1,real_time_memory_aware,0.500000,0.500000,121.920000,609.600000,6096,1826,218,63.500000;170.400000;65.400000;115.600000;194.700000,0.438557,7e7b3091ef99,n34->n24;n7->n41;n33->n12;n45->n24;n37->n18,0.313228,0.316138
202,22,8,5,10.000000,1000,50,0.100000,10,0.050000,1000.000000,0.001000,1,historical_only,1.000000,0.500000,77.800000,389.000000,3890,3699,262,20.000000;41.600000;194.700000;49.400000;83.300000,0.795539,8811bf5b22ad,n42->n6;n7->n50;n18->n10;n47->n46;n6->n11,0.010134,0.391500
202,22,8,5,10.000000,1000,50,0.100000,10,0.050000,1000.000000,0.001000,1,real_time_memory_aware,0.500000,0.500000,95.480000,477.400000,4774,2411,260,37.600000;83.900000;194.700000;68.600000;92.600000,0.555379,8811bf5b22ad,n42->n6;n7->n50;n18->n10;n47->n46;n6->n11,0.385917,0.400304
303,22,8,5,10.000000,1000,50,0.100000,10,0.050000,1000.000000,0.001000,1,historical_only,1.000000,0.500000,102.460000,512.300000,5123,2297,215,119.800000;96.000000;48.700000;103.200000;144.600000,0.308909,9ada2f3a47de,n42->n14;n39->n1;n37->n28;n24->n31;n36->n28,-0.159930,0.446574
303,22,8,5,10.000000,1000,50,0.100000,10,0.050000,1000.000000,0.001000,1,real_time_memory_aware,0.500000,0.500000,123.020000,615.100000,6151,1225,220,173.300000;96.500000;50.500000;151.800000;143.000000,0.358367,9ada2f3a47de,n42->n14;n39->n1;n37->n28;n24->n31;n36->n28,0.424652,0.427509
101,22,9,5,10.000000,1000,50,0.100000,10,0.050000,1000.000000,0.001000,1,historical_only,1.000000,0.500000,125.980000,629.900000,6299,1781,220,89.600000;129.100000;160.300000;56.200000;194.700000,0.390532,7e7b3091ef99,n34->n24;n7->n41;n33->n12;n45->n24;n37->n18,0.090476,0.377249
101,22,9,5,10.000000,1000,50,0.100000,10,0.050000,1000.000000,0.001000,1,real_time_memory_aware,0.500000,0.500000,121.240000,606.200000,6062,1582,219,63.800000;170.500000;63.500000;113.700000;194.700000,0.444373,7e7b3091ef99,n34->n24;n7->n41;n33->n12;n45->n24;n37->n18,0.289418,0.296825
202,22,9,5,10.000000,1000,50,0.100000,10,0.050000,1000.000000,0.001000,1,historical_only,1.000000,0.500000,78.860000,394.300000,3943,3150,254,23.200000;52.800000;194.700000;48.500000;75.100000,0.763625,8811bf5b22ad,n42->n6;n7->n50;n18->n10;n47->n46;n6->n11,-0.054762,0.286439
202,22,9,5,10.000000,1000,50,0.100000,10,0.050000,1000.000000,0.001000,1,real_time_memory_aware,0.500000,0.500000,93.980000,469.900000,4699,2078,257,27.700000;80.300000;194.700000;76.000000;91.200000,0.583889,8811bf5b22ad,n42->n6;n7->n50;n18->n10;n47->n46;n6->n11,0.293074,0.300649
303,22,9,5,10.000000,1000,50,0.100000,10,0.050000,1000.000000,0.001000,1,historical_only,1.000000,0.500000,105.560000,527.800000,5278,1978,218,126.500000;95.300000;51.000000;112.700000;142.300000,0.297206,9ada2f3a47de,n42->n14;n39->n1;n37->n28;n24->n31;n36->n28,-0.120893,0.444555
303,22,9,5,10.000000,1000,50,0.100000,10,0.050000,1000.000000,0.001000,1,real_time_memory_aware,0.500000,0.500000,122.960000,614.800000,6148,1002,217,174.500000;96.400000;49.600000;150.100000;144.200000,0.362453,9ada2f3a47de,n42->n14;n39->n1;n37->n28;n24->n31;n36->n28,0.441548,0.447262
101,22,10,5,10.000000,1000,50,0.100000,10,0.050000,1000.000000,0.001000,1,historical_only,1.000000,0.500000,120.360000,601.800000,6018,1829,217,86.400000;135.800000;117.300000;67.600000;194.700000,0.366157,7e7b3091ef99,n34->n24;n7->n41;n33->n12;n45->n24;n37->n18,-0.021289,0.440896
101,22,10,5,10.000000,1000,50,0.100000,10,0.050000,1000.000000,0.001000,1,real_time_memory_aware,0.500000,0.500000,119.900000,599.500000,5995,1392,218,67.300000;170.200000;57.800000;109.500000;194.700000,0.454625,7e7b3091ef99,n34->n24;n7->n41;n33->n12;n45->n24;n37->n18,0.284524,0.284524
202,22,10,5,10.000000,1000,50,0.100000,10,0.050000,1000.000000,0.001000,1,historical_only,1.000000,0.500000,71.200000,356.000000,3560,2913,263,15.900000;37.700000;194.700000;38.500000;69.200000,0.899444,8811bf5b22ad,n42->n6;n7->n50;n18->n10;n47->n46;n6->n11,-0.033655,0.268230
202,22,10,5,10.000000,1000,50,0.100000,10,0.050000,1000.000000,0.001000,1,real_time_memory_aware,0.500000,0.500000,93.780000,468.900000,4689,1605,259,27.500000;77.300000;194.700000;75.800000;93.600000,0.587405,8811bf5b22ad,n42->n6;n7->n50;n18->n10;n47->n46;n6->n11,0.342749,0.342749
303,22,10,5,10.000000,1000,50,0.100000,10,0.050000,1000.000000,0.001000,1,historical_only,1.000000,0.500000,108.320000,541.600000,5416,1448,217,131.400000;95.100000;51.500000;121.600000;142.000000,0.299053,9ada2f3a47de,n42->n14;n39->n1;n37->n28;n24->n31;n36->n28,-0.154007,0.471545
303,22,10,5,10.000000,1000,50,0.100000,10,0.050000,1000.000000,0.001000,1,real_time_memory_aware,0.500000,0.500000,124.000000,620.000000,6200,815,220,175.200000;96.300000;57.600000;155.000000;135.900000,0.340248,9ada2f3a47de,n42->n14;n39->n1;n37->n28;n24->n31;n36->n28,0.434838,0.434838
101,23,1,5,10.000000,1000,50,0.100000,10,0.050000,1000.000000,0.001000,1,historical_only,1.000000,0.500000,97.180000,485.900000,4859,35458,227,97.100000;94.000000;97.100000;3.000000;194.700000,0.624066,7e7b3091ef99,n34->n24;n7->n41;n33->n12;n45->n24;n37->n18,0.353333,0.353333
101,23,1,5,10.000000,1000,50,0.100000,10,0.050000,1000.000000,0.001000,1,real_time_memory_aware,0.500000,0.500000,97.180000,485.900000,4859,35458,227,97.100000;94.000000;97.100000;3.000000;194.700000,0.624066,7e7b3091ef99,n34->n24;n7->n41;n33->n12;n45->n24;n37->n18,0.353333,0.353333
202,23,1,5,10.000000,1000,50,0.100000,10,0.050000,1000.000000,0.001000,1,historical_only,1.000000,0.500000,82.860000,414.300000,4143,43115,266,3.700000;95.100000;194.700000;28.300000;92.500000,0.800428,8811bf5b22ad,n42->n6;n7->n50;n18->n10;n47->n46;n6->n11,0.325794,0.325794
202,23,1,5,10.000000,1000,50,0.100000,10,0.050000,1000.000000,0.001000,1,real_time_memory_aware,0.500000,0.500000,82.860000,414.300000,4143,43115,266,3.700000;95.100000;194.700000;28.300000;92.500000,0.800428,8811bf5b22ad,n42->n6;n7->n50;n18->n10;n47->n46;n6->n11,0.325794,0.325794
303,23,1,5,10.000000,1000,50,0.100000,10,0.050000,1000.000000,0.001000,1,historical_only,1.000000,0.500000,95.740000,478.700000,4787,34563,230,90.000000;97.100000;7.400000;97.100000;187.100000,0.594303,9ada2f3a47de,n42->n14;n39->n1;n37->n28;n24->n31;n36->n28,0.324286,0.324286
303,23,1,5,10.000000,1000,50,0.100000,10,0.050000,1000.000000,0.001000,1,real_time_memory_aware,0.500000,0.500000,95.740000,478.700000,4787,34563,230,90.000000;97.100000;7.400000;97.100000;187.100000,0.594303,9ada2f3a47de,n42->n14;n39->n1;n37->n28;n24->n31;n36->n28,0.324286,0.324286
101,23,2,5,10.000000,1000,50,0.100000,10,0.050000,1000.000000,0.001000,1,historical_only,1.000000,0.500000,128.440000,642.200000,6422,12885,220,88.200000;137.800000;156.600000;64.900000;194.700000,0.363979,7e7b3091ef99,n34->n24;n7->n41;n33->n12;n45->n24;n37->n18,0.153885,0.447619
101,23,2,5,10.000000,1000,50,0.100000,10,0.050000,1000.000000,0.001000,1,real_time_memory_aware,0.500000,0.500000,124.400000,622.000000,6220,10069,225,60.900000;174.100000;71.300000;121.000000;194.700000,0.429528,7e7b3091ef99,n34->n24;n7->n41;n33->n12;n45->n24;n37->n18,0.514662,0.514662
202,23,2,5,10.000000,1000,50,0.100000,10,0.050000,1000.000000,0.001000,1,historical_only,1.000000,0.500000,85.620000,428.100000,4281,17393,268,25.900000;82.300000;194.700000;38.600000;86.600000,0.694667,8811bf5b22ad,n42->n6;n7->n50;n18->n10;n47->n46;n6->n11,0.016515,0.342756
202,23,2,5,10.000000,1000,50,0.100000,10,0.050000,1000.000000,0.001000,1,real_time_memory_aware,0.500000,0.500000,98.200000,491.000000,4910,14235,269,40.900000;97.500000;194.700000;65.500000;92.400000,0.533025,8811bf5b22ad,n42->n6;n7->n50;n18->n10;n47->n46;n6->n11,0.421186,0.421186
303,23,2,5,10.000000,1000,50,0.100000,10,0.050000,1000.000000,0.001000,1,historical_only,1.000000,0.500000,112.720000,563.600000,5636,11396,228,127.900000;94.900000;44.300000;147.000000;149.500000,0.349434,9ada2f3a47de,n42->n14;n39->n1;n37->n28;n24->n31;n36->n28,0.073050,0.391388
303,23,2,5,10.000000,1000,50,0.100000,10,0.050000,1000.000000,0.001000,1,real_time_memory_aware,0.500000,0.500000,117.260000,586.300000,5863,8490,216,174.200000;95.400000;57.700000;123.500000;135.500000,0.333338,9ada2f3a47de,n42->n14;n39->n1;n37->n28;n24->n31;n36->n28,0.475316,0.475316
101,23,3,5,10.000000,1000,50,0.100000,10,0.050000,1000.000000,0.001000,1,historical_only,1.000000,0.500000,127.620000,638.100000,6381,8093,225,92.300000;132.100000;162.500000;56.500000;194.700000,0.384543,7e7b3091ef99,n34->n24;n7->n41;n33->n12;n45->n24;n37->n18,0.081859,0.400454
101,23,3,5,10.000000,1000,50,0.100000,10,0.050000,1000.000000,0.001000,1,real_time_memory_aware,0.500000,0.500000,126.520000,632.600000,6326,6145,221,62.100000;168.800000;87.100000;119.900000;194.700000,0.390164,7e7b3091ef99,n34->n24;n7->n41;n33->n12;n45->n24;n37->n18,0.485843,0.485843
202,23,3,5,10.000000,1000,50,0.100000,10,0.050000,1000.000000,0.001000,1,historical_only,1.000000,0.500000,84.860000,424.300000,4243,11154,271,30.300000;72.100000;194.700000;43.900000;83.300000,0.684790,8811bf5b22ad,n42->n6;n7->n50;n18->n10;n47->n46;n6->n11,0.028257,0.372554
202,23,3,5,10.000000,1000,50,0.100000,10,0.050000,1000.000000,0.001000,1,real_time_memory_aware,0.500000,0.500000,97.020000,485.100000,4851,8972,268,39.400000;88.500000;194.700000;69.600000;92.900000,0.539584,8811bf5b22ad,n42->n6;n7->n50;n18->n10;n47->n46;n6->n11,0.412245,0.418853
303,23,3,5,10.000000,1000,50,0.100000,10,0.050000,1000.000000,0.001000,1,historical_only,1.000000,0.500000,110.420000,552.100000,5521,6195,226,164.800000;95.600000;55.800000;98.400000;137.500000,0.339775,9ada2f3a47de,n42->n14;n39->n1;n37->n28;n24->n31;n36->n28,0.208295,0.382581
303,23,3,5,10.000000,1000,50,0.100000,10,0.050000,1000.000000,0.001000,1,real_time_memory_aware,0.500000,0.500000,117.160000,585.800000,5858,4750,218,170.000000;95.400000;45.200000;126.800000;148.400000,0.372295,9ada2f3a47de,n42->n14;n39->n1;n37->n28;n24->n31;n36->n28,0.417956,0.431448
101,23,4,5,10.000000,1000,50,0.100000,10,0.050000,1000.000000,0.001000,1,historical_only,1.000000,0.500000,126.160000,630.800000,6308,5905,220,80.000000;100.900000;161.500000;93.700000;194.700000,0.350365,7e7b3091ef99,n34->n24;n7->n41;n33->n12;n45->n24;n37->n18,0.031641,0.396494
101,23,4,5,10.000000,1000,50,0.100000,10,0.050000,1000.000000,0.001000,1,real_time_memory_aware,0.500000,0.500000,125.700000,628.500000,6285,4422,230,59.400000;171.600000;81.000000;121.800000;194.700000,0.409946,7e7b3091ef99,n34->n24;n7->n41;n33->n12;n45->n24;n37->n18,0.386203,0.386203
202,23,4,5,10.000000,1000,50,0.100000,10,0.050000,1000.000000,0.001000,1,historical_only,1.000000,0.500000,78.720000,393.600000,3936,8445,271,19.100000;57.000000;194.700000;44.100000;78.700000,0.776380,8811bf5b22ad,n42->n6;n7->n50;n18->n10;n47->n46;n6->n11,0.054978,0.415801
202,23,4,5,10.000000,1000,50,0.100000,10,0.050000,1000.000000,0.001000,1,real_time_memory_aware,0.500000,0.500000,96.920000,484.600000,4846,6262,273,42.700000;88.600000;194.700000;65.100000;93.500000,0.537995,8811bf5b22ad,n42->n6;n7->n50;n18->n10;n47->n46;n6->n11,0.453595,0.453595
303,23,4,5,10.000000,1000,50,0.100000,10,0.050000,1000.000000,0.001000,1,historical_only,1.000000,0.500000,103.240000,516.200000,5162,5930,225,98.600000;95.800000;60.000000;128.200000;133.600000,0.255954,9ada2f3a47de,n42->n14;n39->n1;n37->n28;n24->n31;n36->n28,-0.074376,0.389116
303,23,4,5,10.000000,1000,50,0.100000,10,0.050000,1000.000000,0.001000,1,real_time_memory_aware,0.500000,0.500000,118.940000,594.700000,5947,3217,229,170.200000;95.700000;48.200000;135.100000;145.500000,0.359437,9ada2f3a47de,n42->n14;n39->n1;n37->n28;n24->n31;n36->n28,0.426725,0.426725
101,23,5,5,10.000000,1000,50,0.100000,10,0.050000,1000.000000,0.001000,1,historical_only,1.000000,0.500000,126.800000,634.000000,6340,4541,222,86.000000;111.500000;163.700000;78.100000;194.700000,0.356942,7e7b3091ef99,n34->n24;n7->n41;n33->n12;n45->n24;n37->n18,0.017881,0.452718
101,23,5,5,10.000000,1000,50,0.100000,10,0.050000,1000.000000,0.001000,1,real_time_memory_aware,0.500000,0.500000,122.960000,614.800000,6148,3466,224,57.600000;173.500000;66.800000;122.200000;194.700000,0.447335,7e7b3091ef99,n34->n24;n7->n41;n33->n12;n45->n24;n37->n18,0.383028,0.383028
202,23,5,5,10.000000,1000,50,0.100000,10,0.050000,1000.000000,0.001000,1,historical_only,1.000000,0.500000,75.380000,376.900000,3769,6751,257,14.800000;49.700000;194.700000;42.900000;74.800000,0.831055,8811bf5b22ad,n42->n6;n7->n50;n18->n10;n47->n46;n6->n11,0.056028,0.329787
202,23,5,5,10.000000,1000,50,0.100000,10,0.050000,1000.000000,0.001000,1,real_time_memory_aware,0.500000,0.500000,95.580000,477.900000,4779,4731,272,32.700000;90.100000;194.700000;67.600000;92.800000,0.565346,8811bf5b22ad,n42->n6;n7->n50;n18->n10;n47->n46;n6->n11,0.385524,0.385524
303,23,5,5,10.000000,1000,50,0.100000,10,0.050000,1000.000000,0.001000,1,historical_only,1.000000,0.500000,102.640000,513.200000,5132,4451,224,125.700000;95.200000;51.400000;99.000000;141.900000,0.300838,9ada2f3a47de,n42->n14;n39->n1;n37->n28;n24->n31;n36->n28,-0.133776,0.393987
303,23,5,5,10.000000,1000,50,0.100000,10,0.050000,1000.000000,0.001000,1,real_time_memory_aware,0.500000,0.500000,120.980000,604.900000,6049,2502,226,171.300000;95.700000;39.500000;143.900000;154.500000,0.395709,9ada2f3a47de,n42->n14;n39->n1;n37->n28;n24->n31;n36->n28,0.427478,0.430864
101,23,6,5,10.000000,1000,50,0.100000,10,0.050000,1000.000000,0.001000,1,historical_only,1.000000,0.500000,127.200000,636.000000,6360,3374,222,72.700000;103.000000;163.900000;101.700000;194.700000,0.353499,7e7b3091ef99,n34->n24;n7->n41;n33->n12;n45->n24;n37->n18,0.023929,0.473929
101,23,6,5,10.000000,1000,50,0.100000,10,0.050000,1000.000000,0.001000,1,real_time_memory_aware,0.500000,0.500000,122.900000,614.500000,6145,2785,227,58.200000;169.800000;70.200000;121.600000;194.700000,0.435445,7e7b3091ef99,n34->n24;n7->n41;n33->n12;n45->n24;n37->n18,0.338584,0.338584
202,23,6,5,10.000000,1000,50,0.100000,10,0.050000,1000.000000,0.001000,1,historical_only,1.000000,0.500000,76.940000,384.700000,3847,5486,271,18.800000;47.000000;194.700000;46.200000;78.000000,0.803096,8811bf5b22ad,n42->n6;n7->n50;n18->n10;n47->n46;n6->n11,0.086349,0.355344
202,23,6,5,10.000000,1000,50,0.100000,10,0.050000,1000.000000,0.001000,1,real_time_memory_aware,0.500000,0.500000,93.900000,469.500000,4695,3768,273,28.500000;82.900000;194.700000;70.200000;93.200000,0.585652,8811bf5b22ad,n42->n6;n7->n50;n18->n10;n47->n46;n6->n11,0.409101,0.411429
303,23,6,5,10.000000,1000,50,0.100000,10,0.050000,1000.000000,0.001000,1,historical_only,1.000000,0.500000,101.260000,506.300000,5063,3721,222,109.700000;96.900000;51.600000;106.000000;142.100000,0.287809,9ada2f3a47de,n42->n14;n39->n1;n37->n28;n24->n31;n36->n28,-0.058017,0.340428
303,23,6,5,10.000000,1000,50,0.100000,10,0.050000,1000.000000,0.001000,1,real_time_memory_aware,0.500000,0.500000,122.320000,611.600000,6116,1994,227,170.600000;95.800000;43.800000;151.400000;150.000000,0.380155,9ada2f3a47de,n42->n14;n39->n1;n37->n28;n24->n31;n36->n28,0.449535,0.449535
101,23,7,5,10.000000,1000,50,0.100000,10,0.050000,1000.000000,0.001000,1,historical_only,1.000000,0.500000,125.660000,628.300000,6283,2987,230,86.200000;115.900000;162.600000;68.900000;194.700000,0.373349,7e7b3091ef99,n34->n24;n7->n41;n33->n12;n45->n24;n37->n18,0.032890,0.410874
101,23,7,5,10.000000,1000,50,0.100000,10,0.050000,1000.000000,0.001000,1,real_time_memory_aware,0.500000,0.500000,122.780000,613.900000,6139,2297,226,61.100000;170.300000;68.500000;119.300000;194.700000,0.433942,7e7b3091ef99,n34->n24;n7->n41;n33->n12;n45->n24;n37->n18,0.364524,0.370952
202,23,7,5,10.000000,1000,50,0.100000,10,0.050000,1000.000000,0.001000,1,historical_only,1.000000,0.500000,76.460000,382.300000,3823,4571,270,25.700000;41.800000;194.700000;44.600000;75.500000,0.801430,8811bf5b22ad,n42->n6;n7->n50;n18->n10;n47->n46;n6->n11,0.036614,0.362963
202,23,7,5,10.000000,1000,50,0.100000,10,0.050000,1000.000000,0.001000,1,real_time_memory_aware,0.500000,0.500000,91.280000,456.400000,4564,3108,272,28.000000;75.700000;194.700000;64.800000;93.200000,0.612864,8811bf5b22ad,n42->n6;n7->n50;n18->n10;n47->n46;n6->n11,0.392698,0.397566
303,23,7,5,10.000000,1000,50,0.100000,10,0.050000,1000.000000,0.001000,1,historical_only,1.000000,0.500000,97.540000,487.700000,4877,3317,226,96.100000;95.600000;53.200000;102.500000;140.300000,0.283558,9ada2f3a47de,n42->n14;n39->n1;n37->n28;n24->n31;n36->n28,-0.083933,0.485114
303,23,7,5,10.000000,1000,50,0.100000,10,0.050000,1000.000000,0.001000,1,real_time_memory_aware,0.500000,0.500000,123.640000,618.200000,6182,1751,229,171.800000;96.600000;42.000000;155.800000;152.000000,0.388800,9ada2f3a47de,n42->n14;n39->n1;n37->n28;n24->n31;n36->n28,0.416966,0.416966
101,23,8,5,10.000000,1000,50,0.100000,10,0.050000,1000.000000,0.001000,1,historical_only,1.000000,0.500000,126.360000,631.800000,6318,2495,229,85.900000;112.400000;161.300000;77.500000;194.700000,0.355868,7e7b3091ef99,n34->n24;n7->n41;n33->n12;n45->n24;n37->n18,-0.126531,0.460680
101,23,8,5,10.000000,1000,50,0.100000,10,0.050000,1000.000000,0.001000,1,real_time_memory_aware,0.500000,0.500000,121.000000,605.000000,6050,2041,222,62.000000;170.000000;59.800000;118.500000;194.700000,0.453649,7e7b3091ef99,n34->n24;n7->n41;n33->n12;n45->n24;n37->n18,0.349206,0.357672
202,23,8,5,10.000000,1000,50,0.100000,10,0.050000,1000.000000,0.001000,1,historical_only,1.000000,0.500000,74.680000,373.400000,3734,4042,273,18.100000;45.600000;194.700000;46.600000;68.400000,0.831497,8811bf5b22ad,n42->n6;n7->n50;n18->n10;n47->n46;n6->n11,0.055519,0.345779
202,23,8,5,10.000000,1000,50,0.100000,10,0.050000,1000.000000,0.001000,1,real_time_memory_aware,0.500000,0.500000,91.080000,455.400000,4554,2758,272,30.200000;74.700000;194.700000;63.100000;92.700000,0.611251,8811bf5b22ad,n42->n6;n7->n50;n18->n10;n47->n46;n6->n11,0.357143,0.381905
303,23,8,5,10.000000,1000,50,0.100000,10,0.050000,1000.000000,0.001000,1,historical_only,1.000000,0.500000,97.700000,488.500000,4885,2704,228,99.600000;95.000000;44.900000;100.200000;148.800000,0.336874,9ada2f3a47de,n42->n14;n39->n1;n37->n28;n24->n31;n36->n28,-0.192517,0.433333
303,23,8,5,10.000000,1000,50,0.100000,10,0.050000,1000.000000,0.001000,1,real_time_memory_aware,0.500000,0.500000,123.560000,617.800000,6178,1310,228,175.900000;96.500000;52.700000;151.900000;140.800000,0.354503,9ada2f3a47de,n42->n14;n39->n1;n37->n28;n24->n31;n36->n28,0.435476,0.435476
101,23,9,5,10.000000,1000,50,0.100000,10,0.050000,1000.000000,0.001000,1,historical_only,1.000000,0.500000,128.820000,644.100000,6441,1995,221,90.500000;135.100000;161.300000;62.500000;194.700000,0.369060,7e7b3091ef99,n34->n24;n7->n41;n33->n12;n45->n24;n37->n18,0.014160,0.417419
101,23,9,5,10.000000,1000,50,0.100000,10,0.050000,1000.000000,0.001000,1,real_time_memory_aware,0.500000,0.500000,120.460000,602.300000,6023,1747,225,63.900000;174.200000;57.900000;111.600000;194.700000,0.463561,7e7b3091ef99,n34->n24;n7->n41;n33->n12;n45->n24;n37->n18,0.360714,0.360714
202,23,9,5,10.000000,1000,50,0.100000,10,0.050000,1000.000000,0.001000,1,historical_only,1.000000,0.500000,71.920000,359.600000,3596,3546,268,17.800000;36.600000;194.700000;40.100000;70.400000,0.885221,8811bf5b22ad,n42->n6;n7->n50;n18->n10;n47->n46;n6->n11,-0.047186,0.365801
202,23,9,5,10.000000,1000,50,0.100000,10,0.050000,1000.000000,0.001000,1,real_time_memory_aware,0.500000,0.500000,91.300000,456.500000,4565,2310,270,19.200000;77.600000;194.700000;73.500000;91.500000,0.627182,8811bf5b22ad,n42->n6;n7->n50;n18->n10;n47->n46;n6->n11,0.416521,0.416521
303,23,9,5,10.000000,1000,50,0.100000,10,0.050000,1000.000000,0.001000,1,historical_only,1.000000,0.500000,99.260000,496.300000,4963,2460,227,99.600000;96.400000;52.900000;106.600000;140.800000,0.282698,9ada2f3a47de,n42->n14;n39->n1;n37->n28;n24->n31;n36->n28,-0.103033,0.412646
303,23,9,5,10.000000,1000,50,0.100000,10,0.050000,1000.000000,0.001000,1,real_time_memory_aware,0.500000,0.500000,123.340000,616.700000,6167,1081,230,174.900000;96.400000;54.100000;151.800000;139.500000,0.348714,9ada2f3a47de,n42->n14;n39->n1;n37->n28;n24->n31;n36->n28,0.319689,0.339689
101,23,10,5,10.000000,1000,50,0.100000,10,0.050000,1000.000000,0.001000,1,historical_only,1.000000,0.500000,123.400000,617.000000,6170,2053,227,83.600000;107.000000;147.700000;84.000000;194.700000,0.345328,7e7b3091ef99,n34->n24;n7->n41;n33->n12;n45->n24;n37->n18,-0.174216,0.442509
101,23,10,5,10.000000,1000,50,0.100000,10,0.050000,1000.000000,0.001000,1,real_time_memory_aware,0.500000,0.500000,119.380000,596.900000,5969,1491,225,65.700000;171.200000;52.600000;112.700000;194.700000,0.470049,7e7b3091ef99,n34->n24;n7->n41;n33->n12;n45->n24;n37->n18,0.300132,0.300132
202,23,10,5,10.000000,1000,50,0.100000,10,0.050000,1000.000000,0.001000,1,historical_only,1.000000,0.500000,76.200000,381.000000,3810,3006,262,18.100000;44.700000;194.700000;38.600000;84.900000,0.827907,8811bf5b22ad,n42->n6;n7->n50;n18->n10;n47->n46;n6->n11,0.033529,0.355269
202,23,10,5,10.000000,1000,50,0.100000,10,0.050000,1000.000000,0.001000,1,real_time_memory_aware,0.500000,0.500000,91.740000,458.700000,4587,1927,273,26.600000;76.000000;194.700000;69.500000;91.900000,0.608596,8811bf5b22ad,n42->n6;n7->n50;n18->n10;n47->n46;n6->n11,0.304762,0.318942
303,23,10,5,10.000000,1000,50,0.100000,10,0.050000,1000.000000,0.001000,1,historical_only,1.000000,0.500000,104.920000,524.600000,5246,1804,221,128.900000;95.900000;52.700000;106.100000;141.000000,0.291797,9ada2f3a47de,n42->n14;n39->n1;n37->n28;n24->n31;n36->n28,-0.118699,0.436934
303,23,10,5,10.000000,1000,50,0.100000,10,0.050000,1000.000000,0.001000,1,real_time_memory_aware,0.500000,0.500000,122.940000,614.700000,6147,896,229,175.000000;96.100000;57.900000;149.900000;135.800000,0.336420,9ada2f3a47de,n42->n14;n39->n1;n37->n28;n24->n31;n36->n28,0.444811,0.444811
101,24,1,5,10.000000,1000,50,0.100000,10,0.050000,1000.000000,0.001000,1,historical_only,1.000000,0.500000,97.180000,485.900000,4859,37366,233,97.100000;95.100000;97.100000;1.900000;194.700000,0.627495,7e7b3091ef99,n34->n24;n7->n41;n33->n12;n45->n24;n37->n18,0.286190,0.286190
101,24,1,5,10.000000,1000,50,0.100000,10,0.050000,1000.000000,0.001000,1,real_time_memory_aware,0.500000,0.500000,97.180000,485.900000,4859,37366,233,97.100000;95.100000;97.100000;1.900000;194.700000,0.627495,7e7b3091ef99,n34->n24;n7->n41;n33->n12;n45->n24;n37->n18,0.286190,0.286190
202,24,1,5,10.000000,1000,50,0.100000,10,0.050000,1000.000000,0.001000,1,historical_only,1.000000,0.500000,85.260000,426.300000,4263,45327,285,1.600000;96.200000;194.700000;41.100000;92.700000,0.761945,8811bf5b22ad,n42->n6;n7->n50;n18->n10;n47->n46;n6->n11,0.325794,0.325794
202,24,1,5,10.000000,1000,50,0.100000,10,0.050000,1000.000000,0.001000,1,real_time_memory_aware,0.500000,0.500000,85.260000,426.300000,4263,45327,285,1.600000;96.200000;194.700000;41.100000;92.700000,0.761945,8811bf5b22ad,n42->n6;n7->n50;n18->n10;n47->n46;n6->n11,0.325794,0.325794
303,24,1,5,10.000000,1000,50,0.100000,10,0.050000,1000.000000,0.001000,1,historical_only,1.000000,0.500000,95.740000,478.700000,4787,36473,238,90.100000;97.100000;6.300000;97.100000;188.100000,0.601205,9ada2f3a47de,n42->n14;n39->n1;n37->n28;n24->n31;n36->n28,0.295714,0.295714
303,24,1,5,10.000000,1000,50,0.100000,10,0.050000,1000.000000,0.001000,1,real_time_memory_aware,0.500000,0.500000,95.740000,478.700000,4787,36473,238,90.100000;97.100000;6.300000;97.100000;188.100000,0.601205,9ada2f3a47de,n42->n14;n39->n1;n37->n28;n24->n31;n36->n28,0.295714,0.295714
101,24,2,5,10.000000,1000,50,0.100000,10,0.050000,1000.000000,0.001000,1,historical_only,1.000000,0.500000,127.920000,639.600000,6396,13784,240,91.500000;141.300000;163.700000;48.400000;194.700000,0.407235,7e7b3091ef99,n34->n24;n7->n41;n33->n12;n45->n24;n37->n18,0.077945,0.390977
101,24,2,5,10.000000,1000,50,0.100000,10,0.050000,1000.000000,0.001000,1,real_time_memory_aware,0.500000,0.500000,127.120000,635.600000,6356,10820,232,63.100000;172.100000;88.400000;117.300000;194.700000,0.389924,7e7b3091ef99,n34->n24;n7->n41;n33->n12;n45->n24;n37->n18,0.463690,0.463690
202,24,2,5,10.000000,1000,50,0.100000,10,0.050000,1000.000000,0.001000,1,historical_only,1.000000,0.500000,82.900000,414.500000,4145,18719,286,18.600000;60.700000;194.700000;54.500000;86.000000,0.722611,8811bf5b22ad,n42->n6;n7->n50;n18->n10;n47->n46;n6->n11,0.113273,0.365552
202,24,2,5,10.000000,1000,50,0.100000,10,0.050000,1000.000000,0.001000,1,real_time_memory_aware,0.500000,0.500000,94.780000,473.900000,4739,15276,280,33.300000;93.300000;194.700000;59.800000;92.800000,0.577763,8811bf5b22ad,n42->n6;n7->n50;n18->n10;n47->n46;n6->n11,0.437318,0.443537
303,24,2,5,10.000000,1000,50,0.100000,10,0.050000,1000.000000,0.001000,1,historical_only,1.000000,0.500000,104.740000,523.700000,5237,13741,231,131.500000;96.300000;44.400000;102.100000;149.400000,0.342372,9ada2f3a47de,n42->n14;n39->n1;n37->n28;n24->n31;n36->n28,-0.040373,0.347826
303,24,2,5,10.000000,1000,50,0.100000,10,0.050000,1000.000000,0.001000,1,real_time_memory_aware,0.500000,0.500000,114.140000,570.700000,5707,9370,234,173.200000;96.000000;50.100000;107.800000;143.600000,0.368102,9ada2f3a47de,n42->n14;n39->n1;n37->n28;n24->n31;n36->n28,0.473611,0.473611
101,24,3,5,10.000000,1000,50,0.100000,10,0.050000,1000.000000,0.001000,1,historical_only,1.000000,0.500000,128.160000,640.800000,6408,8478,232,90.200000;138.200000;162.900000;54.800000;194.700000,0.391040,7e7b3091ef99,n34->n24;n7->n41;n33->n12;n45->n24;n37->n18,-0.026984,0.357596
101,24,3,5,10.000000,1000,50,0.100000,10,0.050000,1000.000000,0.001000,1,real_time_memory_aware,0.500000,0.500000,125.420000,627.100000,6271,6668,233,59.900000;169.600000;81.300000;121.600000;194.700000,0.406644,7e7b3091ef99,n34->n24;n7->n41;n33->n12;n45->n24;n37->n18,0.448548,0.451103
202,24,3,5,10.000000,1000,50,0.100000,10,0.050000,1000.000000,0.001000,1,historical_only,1.000000,0.500000,79.320000,396.600000,3966,12159,279,17.100000;57.300000;194.700000;44.700000;82.800000,0.774687,8811bf5b22ad,n42->n6;n7->n50;n18->n10;n47->n46;n6->n11,0.078355,0.395671
202,24,3,5,10.000000,1000,50,0.100000,10,0.050000,1000.000000,0.001000,1,real_time_memory_aware,0.500000,0.500000,94.740000,473.700000,4737,9521,276,29.500000;90.200000;194.700000;66.700000;92.600000,0.579282,8811bf5b22ad,n42->n6;n7->n50;n18->n10;n47->n46;n6->n11,0.414952,0.421810
303,24,3,5,10.000000,1000,50,0.100000,10,0.050000,1000.000000,0.001000,1,historical_only,1.000000,0.500000,98.420000,492.100000,4921,8838,235,101.600000;95.600000;61.200000;101.600000;132.100000,0.229360,9ada2f3a47de,n42->n14;n39->n1;n37->n28;n24->n31;n36->n28,0.027254,0.348632
303,24,3,5,10.000000,1000,50,0.100000,10,0.050000,1000.000000,0.001000,1,real_time_memory_aware,0.500000,0.500000,118.940000,594.700000,5947,5177,238,174.200000;95.900000;66.400000;131.400000;126.800000,0.304582,9ada2f3a47de,n42->n14;n39->n1;n37->n28;n24->n31;n36->n28,0.429861,0.429861
101,24,4,5,10.000000,1000,50,0.100000,10,0.050000,1000.000000,0.001000,1,historical_only,1.000000,0.500000,123.980000,619.900000,6199,6529,239,91.300000;141.900000;130.800000;61.200000;194.700000,0.367473,7e7b3091ef99,n34->n24;n7->n41;n33->n12;n45->n24;n37->n18,-0.039909,0.413152
101,24,4,5,10.000000,1000,50,0.100000,10,0.050000,1000.000000,0.001000,1,real_time_memory_aware,0.500000,0.500000,128.000000,640.000000,6400,4706,237,55.700000;169.700000;92.400000;127.500000;194.700000,0.393469,7e7b3091ef99,n34->n24;n7->n41;n33->n12;n45->n24;n37->n18,0.393436,0.396268
202,24,4,5,10.000000,1000,50,0.100000,10,0.050000,1000.000000,0.001000,1,historical_only,1.000000,0.500000,77.240000,386.200000,3862,8806,285,21.500000;48.300000;194.700000;41.200000;80.500000,0.799153,8811bf5b22ad,n42->n6;n7->n50;n18->n10;n47->n46;n6->n11,0.071005,0.356508
202,24,4,5,10.000000,1000,50,0.100000,10,0.050000,1000.000000,0.001000,1,real_time_memory_aware,0.500000,0.500000,93.860000,469.300000,4693,6779,283,33.300000;80.300000;194.700000;67.900000;93.100000,0.577581,8811bf5b22ad,n42->n6;n7->n50;n18->n10;n47->n46;n6->n11,0.385621,0.385621
303,24,4,5,10.000000,1000,50,0.100000,10,0.050000,1000.000000,0.001000,1,historical_only,1.000000,0.500000,96.580000,482.900000,4829,6619,231,99.400000;95.100000;67.600000;95.000000;125.800000,0.191273,9ada2f3a47de,n42->n14;n39->n1;n37->n28;n24->n31;n36->n28,-0.078624,0.389101
303,24,4,5,10.000000,1000,50,0.100000,10,0.050000,1000.000000,0.001000,1,real_time_memory_aware,0.500000,0.500000,118.860000,594.300000,5943,3474,240,170.800000;96.200000;58.200000;133.900000;135.200000,0.323316,9ada2f3a47de,n42->n14;n39->n1;n37->n28;n24->n31;n36->n28,0.403369,0.428831
101,24,5,5,10.000000,1000,50,0.100000,10,0.050000,1000.000000,0.001000,1,historical_only,1.000000,0.500000,127.160000,635.800000,6358,4742,236,86.500000;120.300000;163.900000;70.400000;194.700000,0.366057,7e7b3091ef99,n34->n24;n7->n41;n33->n12;n45->n24;n37->n18,-0.140147,0.441657
101,24,5,5,10.000000,1000,50,0.100000,10,0.050000,1000.000000,0.001000,1,real_time_memory_aware,0.500000,0.500000,122.880000,614.400000,6144,3706,238,62.700000;169.300000;68.900000;118.800000;194.700000,0.428543,7e7b3091ef99,n34->n24;n7->n41;n33->n12;n45->n24;n37->n18,0.433977,0.442214
202,24,5,5,10.000000,1000,50,0.100000,10,0.050000,1000.000000,0.001000,1,historical_only,1.000000,0.500000,76.320000,381.600000,3816,7000,286,19.300000;42.300000;194.700000;46.600000;78.700000,0.814298,8811bf5b22ad,n42->n6;n7->n50;n18->n10;n47->n46;n6->n11,0.076296,0.367725
202,24,5,5,10.000000,1000,50,0.100000,10,0.050000,1000.000000,0.001000,1,real_time_memory_aware,0.500000,0.500000,92.180000,460.900000,4609,5325,277,32.600000;80.800000;194.700000;61.400000;91.400000,0.596908,8811bf5b22ad,n42->n6;n7->n50;n18->n10;n47->n46;n6->n11,0.337181,0.339319
303,24,5,5,10.000000,1000,50,0.100000,10,0.050000,1000.000000,0.001000,1,historical_only,1.000000,0.500000,99.240000,496.200000,4962,4992,234,102.200000;96.100000;62.000000;104.700000;131.200000,0.223359,9ada2f3a47de,n42->n14;n39->n1;n37->n28;n24->n31;n36->n28,-0.116390,0.438206
303,24,5,5,10.000000,1000,50,0.100000,10,0.050000,1000.000000,0.001000,1,real_time_memory_aware,0.500000,0.500000,118.920000,594.600000,5946,2578,236,170.700000;96.000000;51.800000;134.400000;141.700000,0.346103,9ada2f3a47de,n42->n14;n39->n1;n37->n28;n24->n31;n36->n28,0.393414,0.400507
101,24,6,5,10.000000,1000,50,0.100000,10,0.050000,1000.000000,0.001000,1,historical_only,1.000000,0.500000,128.220000,641.100000,6411,3826,238,87.800000;110.200000;167.400000;81.000000;194.700000,0.351269,7e7b3091ef99,n34->n24;n7->n41;n33->n12;n45->n24;n37->n18,0.007268,0.409524
101,24,6,5,10.000000,1000,50,0.100000,10,0.050000,1000.000000,0.001000,1,real_time_memory_aware,0.500000,0.500000,123.940000,619.700000,6197,2968,237,62.300000;171.900000;71.900000;118.900000;194.700000,0.424497,7e7b3091ef99,n34->n24;n7->n41;n33->n12;n45->n24;n37->n18,0.388803,0.391634
202,24,6,5,10.000000,1000,50,0.100000,10,0.050000,1000.000000,0.001000,1,historical_only,1.000000,0.500000,73.680000,368.400000,3684,5828,283,16.400000;39.700000;194.700000;41.600000;76.000000,0.860867,8811bf5b22ad,n42->n6;n7->n50;n18->n10;n47->n46;n6->n11,-0.000317,0.383175
202,24,6,5,10.000000,1000,50,0.100000,10,0.050000,1000.000000,0.001000,1,real_time_memory_aware,0.500000,0.500000,92.500000,462.500000,4625,4151,287,27.400000;83.400000;194.700000;64.200000;92.800000,0.603213,8811bf5b22ad,n42->n6;n7->n50;n18->n10;n47->n46;n6->n11,0.401853,0.401853
303,24,6,5,10.000000,1000,50,0.100000,10,0.050000,1000.000000,0.001000,1,historical_only,1.000000,0.500000,98.740000,493.700000,4937,3780,235,100.400000;95.300000;57.100000;104.600000;136.300000,0.255953,9ada2f3a47de,n42->n14;n39->n1;n37->n28;n24->n31;n36->n28,-0.058942,0.408783
303,24,6,5,10.000000,1000,50,0.100000,10,0.050000,1000.000000,0.001000,1,real_time_memory_aware,0.500000,0.500000,120.020000,600.100000,6001,2104,239,172.200000;96.300000;54.900000;138.200000;138.500000,0.337377,9ada2f3a47de,n42->n14;n39->n1;n37->n28;n24->n31;n36->n28,0.355456,0.355456
101,24,7,5,10.000000,1000,50,0.100000,10,0.050000,1000.000000,0.001000,1,historical_only,1.000000,0.500000,127.260000,636.300000,6363,3179,236,85.500000;110.500000;163.100000;82.500000;194.700000,0.348965,7e7b3091ef99,n34->n24;n7->n41;n33->n12;n45->n24;n37->n18,0.010167,0.364865
101,24,7,5,10.000000,1000,50,0.100000,10,0.050000,1000.000000,0.001000,1,real_time_memory_aware,0.500000,0.500000,123.240000,616.200000,6162,2481,234,60.700000;174.300000;67.800000;118.700000;194.700000,0.440255,7e7b3091ef99,n34->n24;n7->n41;n33->n12;n45->n24;n37->n18,0.373102,0.373102
202,24,7,5,10.000000,1000,50,0.100000,10,0.050000,1000.000000,0.001000,1,historical_only,1.000000,0.500000,77.580000,387.900000,3879,4885,277,17.600000;44.100000;194.700000;48.000000;83.500000,0.801783,8811bf5b22ad,n42->n6;n7->n50;n18->n10;n47->n46;n6->n11,0.011217,0.344339
202,24,7,5,10.000000,1000,50,0.100000,10,0.050000,1000.000000,0.001000,1,real_time_memory_aware,0.500000,0.500000,90.500000,452.500000,4525,3507,286,26.500000;80.100000;194.700000;58.500000;92.700000,0.626835,8811bf5b22ad,n42->n6;n7->n50;n18->n10;n47->n46;n6->n11,0.380272,0.387464
303,24,7,5,10.000000,1000,50,0.100000,10,0.050000,1000.000000,0.001000,1,historical_only,1.000000,0.500000,98.240000,491.200000,4912,3125,230,102.700000;94.600000;58.600000;100.300000;135.000000,0.247670,9ada2f3a47de,n42->n14;n39->n1;n37->n28;n24->n31;n36->n28,-0.087567,0.390572
303,24,7,5,10.000000,1000,50,0.100000,10,0.050000,1000.000000,0.001000,1,real_time_memory_aware,0.500000,0.500000,123.220000,616.100000,6161,1749,237,174.000000;96.600000;47.900000;151.700000;145.900000,0.368089,9ada2f3a47de,n42->n14;n39->n1;n37->n28;n24->n31;n36->n28,0.430010,0.430010
101,24,8,5,10.000000,1000,50,0.100000,10,0.050000,1000.000000,0.001000,1,historical_only,1.000000,0.500000,129.700000,648.500000,6485,2415,238,90.100000;139.300000;164.400000;60.000000;194.700000,0.376889,7e7b3091ef99,n34->n24;n7->n41;n33->n12;n45->n24;n37->n18,0.145174,0.439897
101,24,8,5,10.000000,1000,50,0.100000,10,0.050000,1000.000000,0.001000,1,real_time_memory_aware,0.500000,0.500000,120.220000,601.100000,6011,2173,240,65.000000;172.900000;55.500000;113.000000;194.700000,0.464809,7e7b3091ef99,n34->n24;n7->n41;n33->n12;n45->n24;n37->n18,0.329643,0.347500
202,24,8,5,10.000000,1000,50,0.100000,10,0.050000,1000.000000,0.001000,1,historical_only,1.000000,0.500000,71.760000,358.800000,3588,4326,276,15.700000;36.700000;194.700000;38.600000;73.100000,0.894201,8811bf5b22ad,n42->n6;n7->n50;n18->n10;n47->n46;n6->n11,-0.100529,0.356614
202,24,8,5,10.000000,1000,50,0.100000,10,0.050000,1000.000000,0.001000,1,real_time_memory_aware,0.500000,0.500000,89.440000,447.200000,4472,2956,286,26.800000;74.600000;194.700000;61.100000;90.000000,0.633011,8811bf5b22ad,n42->n6;n7->n50;n18->n10;n47->n46;n6->n11,0.343604,0.345658
303,24,8,5,10.000000,1000,50,0.100000,10,0.050000,1000.000000,0.001000,1,historical_only,1.000000,0.500000,98.660000,493.300000,4933,2799,240,112.600000;95.700000;65.000000;91.600000;128.400000,0.215985,9ada2f3a47de,n42->n14;n39->n1;n37->n28;n24->n31;n36->n28,-0.056602,0.395346
303,24,8,5,10.000000,1000,50,0.100000,10,0.050000,1000.000000,0.001000,1,real_time_memory_aware,0.500000,0.500000,123.600000,618.000000,6180,1437,238,174.700000;96.300000;51.800000;153.400000;141.800000,0.356924,9ada2f3a47de,n42->n14;n39->n1;n37->n28;n24->n31;n36->n28,0.406874,0.406874
101,24,9,5,10.000000,1000,50,0.100000,10,0.050000,1000.000000,0.001000,1,historical_only,1.000000,0.500000,125.540000,627.700000,6277,2462,239,86.000000;102.500000;163.000000;81.500000;194.700000,0.360132,7e7b3091ef99,n34->n24;n7->n41;n33->n12;n45->n24;n37->n18,0.013611,0.403196
101,24,9,5,10.000000,1000,50,0.100000,10,0.050000,1000.000000,0.001000,1,real_time_memory_aware,0.500000,0.500000,121.960000,609.800000,6098,1829,239,64.100000;172.500000;64.500000;114.000000;194.700000,0.442437,7e7b3091ef99,n34->n24;n7->n41;n33->n12;n45->n24;n37->n18,0.287469,0.304010
202,24,9,5,10.000000,1000,50,0.100000,10,0.050000,1000.000000,0.001000,1,historical_only,1.000000,0.500000,72.280000,361.400000,3614,3637,281,14.600000;37.300000;194.700000;35.300000;79.500000,0.895695,8811bf5b22ad,n42->n6;n7->n50;n18->n10;n47->n46;n6->n11,0.032421,0.406282
202,24,9,5,10.000000,1000,50,0.100000,10,0.050000,1000.000000,0.001000,1,real_time_memory_aware,0.500000,0.500000,90.660000,453.300000,4533,2468,282,22.400000;75.300000;194.700000;68.800000;92.100000,0.627844,8811bf5b22ad,n42->n6;n7->n50;n18->n10;n47->n46;n6->n11,0.373387,0.386396
303,24,9,5,10.000000,1000,50,0.100000,10,0.050000,1000.000000,0.001000,1,historical_only,1.000000,0.500000,97.300000,486.500000,4865,2521,237,100.500000;95.500000;59.100000;97.000000;134.400000,0.245338,9ada2f3a47de,n42->n14;n39->n1;n37->n28;n24->n31;n36->n28,-0.130197,0.435424
303,24,9,5,10.000000,1000,50,0.100000,10,0.050000,1000.000000,0.001000,1,real_time_memory_aware,0.500000,0.500000,123.220000,616.100000,6161,1214,239,176.400000;96.500000;54.800000;149.700000;138.700000,0.347441,9ada2f3a47de,n42->n14;n39->n1;n37->n28;n24->n31;n36->n28,0.407248,0.421057
101,24,10,5,10.000000,1000,50,0.100000,10,0.050000,1000.000000,0.001000,1,historical_only,1.000000,0.500000,123.420000,617.100000,6171,2210,234,87.200000;112.300000;144.200000;78.700000;194.700000,0.342763,7e7b3091ef99,n34->n24;n7->n41;n33->n12;n45->n24;n37->n18,-0.199485,0.430116
101,24,10,5,10.000000,1000,50,0.100000,10,0.050000,1000.000000,0.001000,1,real_time_memory_aware,0.500000,0.500000,119.420000,597.100000,5971,1618,236,64.200000;170.900000;52.900000;114.400000;194.700000,0.470972,7e7b3091ef99,n34->n24;n7->n41;n33->n12;n45->n24;n37->n18,0.288722,0.288722
202,24,10,5,10.000000,1000,50,0.100000,10,0.050000,1000.000000,0.001000,1,historical_only,1.000000,0.500000,72.320000,361.600000,3616,3236,285,14.000000;31.100000;194.700000;45.200000;76.600000,0.892507,8811bf5b22ad,n42->n6;n7->n50;n18->n10;n47->n46;n6->n11,0.010740,0.327457
202,24,10,5,10.000000,1000,50,0.100000,10,0.050000,1000.000000,0.001000,1,real_time_memory_aware,0.500000,0.500000,87.800000,439.000000,4390,2138,287,19.400000;66.000000;194.700000;68.500000;90.400000,0.663349,8811bf5b22ad,n42->n6;n7->n50;n18->n10;n47->n46;n6->n11,0.352381,0.352381
303,24,10,5,10.000000,1000,50,0.100000,10,0.050000,1000.000000,0.001000,1,historical_only,1.000000,0.500000,96.540000,482.700000,4827,2283,238,94.500000;96.600000;60.300000;98.300000;133.000000,0.238465,9ada2f3a47de,n42->n14;n39->n1;n37->n28;n24->n31;n36->n28,-0.040904,0.472405
303,24,10,5,10.000000,1000,50,0.100000,10,0.050000,1000.000000,0.001000,1,real_time_memory_aware,0.500000,0.500000,123.240000,616.200000,6162,1049,237,176.700000;96.600000;57.500000;149.500000;135.900000,0.339235,9ada2f3a47de,n42->n14;n39->n1;n37->n28;n24->n31;n36->n28,0.465664,0.465664
101,25,1,5,10.000000,1000,50,0.100000,10,0.050000,1000.000000,0.001000,1,historical_only,1.000000,0.500000,97.180000,485.900000,4859,39279,249,97.100000;91.500000;97.100000;5.500000;194.700000,0.616512,7e7b3091ef99,n34->n24;n7->n41;n33->n12;n45->n24;n37->n18,0.295238,0.295238
101,25,1,5,10.000000,1000,50,0.100000,10,0.050000,1000.000000,0.001000,1,real_time_memory_aware,0.500000,0.500000,97.180000,485.900000,4859,39279,249,97.100000;91.500000;97.100000;5.500000;194.700000,0.616512,7e7b3091ef99,n34->n24;n7->n41;n33->n12;n45->n24;n37->n18,0.295238,0.295238
202,25,1,5,10.000000,1000,50,0.100000,10,0.050000,1000.000000,0.001000,1,historical_only,1.000000,0.500000,83.220000,416.100000,4161,47633,294,1.600000;96.200000;194.700000;32.200000;91.400000,0.795769,8811bf5b22ad,n42->n6;n7->n50;n18->n10;n47->n46;n6->n11,0.316667,0.316667
202,25,1,5,10.000000,1000,50,0.100000,10,0.050000,1000.000000,0.001000,1,real_time_memory_aware,0.500000,0.500000,83.220000,416.100000,4161,47633,294,1.600000;96.200000;194.700000;32.200000;91.400000,0.795769,8811bf5b22ad,n42->n6;n7->n50;n18->n10;n47->n46;n6->n11,0.316667,0.316667
303,25,1,5,10.000000,1000,50,0.100000,10,0.050000,1000.000000,0.001000,1,historical_only,1.000000,0.500000,95.680000,478.400000,4784,38460,248,89.900000;97.100000;2.800000;97.100000;191.500000,0.624395,9ada2f3a47de,n42->n14;n39->n1;n37->n28;n24->n31;n36->n28,0.277143,0.277143
303,25,1,5,10.000000,1000,50,0.100000,10,0.050000,1000.000000,0.001000,1,real_time_memory_aware,0.500000,0.500000,95.680000,478.400000,4784,38460,248,89.900000;97.100000;2.800000;97.100000;191.500000,0.624395,9ada2f3a47de,n42->n14;n39->n1;n37->n28;n24->n31;n36->n28,0.277143,0.277143
101,25,2,5,10.000000,1000,50,0.100000,10,0.050000,1000.000000,0.001000,1,historical_only,1.000000,0.500000,119.060000,595.300000,5953,15954,242,87.300000;140.900000;108.300000;64.100000;194.700000,0.382017,7e7b3091ef99,n34->n24;n7->n41;n33->n12;n45->n24;n37->n18,-0.006516,0.415038
101,25,2,5,10.000000,1000,50,0.100000,10,0.050000,1000.000000,0.001000,1,real_time_memory_aware,0.500000,0.500000,124.500000,622.500000,6225,11794,238,64.300000;174.100000;75.700000;113.700000;194.700000,0.417521,7e7b3091ef99,n34->n24;n7->n41;n33->n12;n45->n24;n37->n18,0.450260,0.450260
202,25,2,5,10.000000,1000,50,0.100000,10,0.050000,1000.000000,0.001000,1,historical_only,1.000000,0.500000,80.220000,401.100000,4011,19934,282,10.900000;63.100000;194.700000;46.000000;86.400000,0.776750,8811bf5b22ad,n42->n6;n7->n50;n18->n10;n47->n46;n6->n11,0.075224,0.380593
202,25,2,5,10.000000,1000,50,0.100000,10,0.050000,1000.000000,0.001000,1,real_time_memory_aware,0.500000,0.500000,93.980000,469.900000,4699,16400,297,29.300000;92.000000;194.700000;60.900000;93.000000,0.591048,8811bf5b22ad,n42->n6;n7->n50;n18->n10;n47->n46;n6->n11,0.459226,0.459226
303,25,2,5,10.000000,1000,50,0.100000,10,0.050000,1000.000000,0.001000,1,historical_only,1.000000,0.500000,103.200000,516.000000,5160,14808,245,121.000000;95.800000;33.200000;105.600000;160.400000,0.400680,9ada2f3a47de,n42->n14;n39->n1;n37->n28;n24->n31;n36->n28,-0.091025,0.414834
303,25,2,5,10.000000,1000,50,0.100000,10,0.050000,1000.000000,0.001000,1,real_time_memory_aware,0.500000,0.500000,113.620000,568.100000,5681,10158,241,175.000000;95.400000;51.400000;104.200000;142.100000,0.370713,9ada2f3a47de,n42->n14;n39->n1;n37->n28;n24->n31;n36->n28,0.417048,0.417048
101,25,3,5,10.000000,1000,50,0.100000,10,0.050000,1000.000000,0.001000,1,historical_only,1.000000,0.500000,128.560000,642.800000,6428,9355,245,86.300000;124.200000;166.500000;71.100000;194.700000,0.363522,7e7b3091ef99,n34->n24;n7->n41;n33->n12;n45->n24;n37->n18,-0.019744,0.350523
101,25,3,5,10.000000,1000,50,0.100000,10,0.050000,1000.000000,0.001000,1,real_time_memory_aware,0.500000,0.500000,124.280000,621.400000,6214,7252,247,62.000000;171.000000;72.500000;121.200000;194.700000,0.421358,7e7b3091ef99,n34->n24;n7->n41;n33->n12;n45->n24;n37->n18,0.460025,0.460025
202,25,3,5,10.000000,1000,50,0.100000,10,0.050000,1000.000000,0.001000,1,historical_only,1.000000,0.500000,78.720000,393.600000,3936,12918,298,23.100000;48.500000;194.700000;50.900000;76.400000,0.767208,8811bf5b22ad,n42->n6;n7->n50;n18->n10;n47->n46;n6->n11,0.145055,0.394903
202,25,3,5,10.000000,1000,50,0.100000,10,0.050000,1000.000000,0.001000,1,real_time_memory_aware,0.500000,0.500000,93.420000,467.100000,4671,10289,293,35.200000;82.700000;194.700000;62.100000;92.400000,0.581279,8811bf5b22ad,n42->n6;n7->n50;n18->n10;n47->n46;n6->n11,0.418254,0.418254
303,25,3,5,10.000000,1000,50,0.100000,10,0.050000,1000.000000,0.001000,1,historical_only,1.000000,0.500000,106.200000,531.000000,5310,9027,242,111.100000;96.200000;53.300000;130.400000;140.000000,0.287171,9ada2f3a47de,n42->n14;n39->n1;n37->n28;n24->n31;n36->n28,-0.038961,0.350469
303,25,3,5,10.000000,1000,50,0.100000,10,0.050000,1000.000000,0.001000,1,real_time_memory_aware,0.500000,0.500000,117.060000,585.300000,5853,5658,244,174.200000;96.100000;64.500000;121.700000;128.800000,0.310985,9ada2f3a47de,n42->n14;n39->n1;n37->n28;n24->n31;n36->n28,0.488476,0.488476
101,25,4,5,10.000000,1000,50,0.100000,10,0.050000,1000.000000,0.001000,1,historical_only,1.000000,0.500000,116.640000,583.200000,5832,7785,248,86.900000;125.100000;104.700000;71.800000;194.700000,0.367809,7e7b3091ef99,n34->n24;n7->n41;n33->n12;n45->n24;n37->n18,-0.217063,0.430026
101,25,4,5,10.000000,1000,50,0.100000,10,0.050000,1000.000000,0.001000,1,real_time_memory_aware,0.500000,0.500000,124.940000,624.700000,6247,5153,249,57.500000;170.900000;77.600000;124.000000;194.700000,0.420013,7e7b3091ef99,n34->n24;n7->n41;n33->n12;n45->n24;n37->n18,0.432432,0.432432
202,25,4,5,10.000000,1000,50,0.100000,10,0.050000,1000.000000,0.001000,1,historical_only,1.000000,0.500000,79.740000,398.700000,3987,8955,289,26.000000;62.100000;194.700000;39.400000;76.500000,0.753548,8811bf5b22ad,n42->n6;n7->n50;n18->n10;n47->n46;n6->n11,0.042641,0.336364
202,25,4,5,10.000000,1000,50,0.100000,10,0.050000,1000.000000,0.001000,1,real_time_memory_aware,0.500000,0.500000,93.820000,469.100000,4691,7250,296,30.300000;84.300000;194.700000;67.100000;92.700000,0.584140,8811bf5b22ad,n42->n6;n7->n50;n18->n10;n47->n46;n6->n11,0.394190,0.394190
303,25,4,5,10.000000,1000,50,0.100000,10,0.050000,1000.000000,0.001000,1,historical_only,1.000000,0.500000,99.040000,495.200000,4952,6848,239,99.500000;95.900000;63.800000;106.500000;129.500000,0.213492,9ada2f3a47de,n42->n14;n39->n1;n37->n28;n24->n31;n36->n28,-0.140377,0.354464
303,25,4,5,10.000000,1000,50,0.100000,10,0.050000,1000.000000,0.001000,1,real_time_memory_aware,0.500000,0.500000,120.540000,602.700000,6027,3744,248,173.300000;95.800000;66.400000;140.200000;127.000000,0.304929,9ada2f3a47de,n42->n14;n39->n1;n37->n28;n24->n31;n36->n28,0.417475,0.417475
101,25,5,5,10.000000,1000,50,0.100000,10,0.050000,1000.000000,0.001000,1,historical_only,1.000000,0.500000,128.580000,642.900000,6429,4564,250,90.000000;137.100000;163.900000;57.200000;194.700000,0.385355,7e7b3091ef99,n34->n24;n7->n41;n33->n12;n45->n24;n37->n18,0.059410,0.368934
101,25,5,5,10.000000,1000,50,0.100000,10,0.050000,1000.000000,0.001000,1,real_time_memory_aware,0.500000,0.500000,126.320000,631.600000,6316,3987,246,60.300000;175.200000;77.400000;124.000000;194.700000,0.416229,7e7b3091ef99,n34->n24;n7->n41;n33->n12;n45->n24;n37->n18,0.388889,0.391575
202,25,5,5,10.000000,1000,50,0.100000,10,0.050000,1000.000000,0.001000,1,historical_only,1.000000,0.500000,75.860000,379.300000,3793,7466,295,18.100000;45.000000;194.700000;44.000000;77.500000,0.821732,8811bf5b22ad,n42->n6;n7->n50;n18->n10;n47->n46;n6->n11,-0.013545,0.364868
202,25,5,5,10.000000,1000,50,0.100000,10,0.050000,1000.000000,0.001000,1,real_time_memory_aware,0.500000,0.500000,90.000000,450.000000,4500,5642,297,21.600000;82.900000;194.700000;57.800000;93.000000,0.642851,8811bf5b22ad,n42->n6;n7->n50;n18->n10;n47->n46;n6->n11,0.380381,0.380381
303,25,5,5,10.000000,1000,50,0.100000,10,0.050000,1000.000000,0.001000,1,historical_only,1.000000,0.500000,98.860000,494.300000,4943,5250,247,104.000000;96.000000;70.500000;100.700000;123.100000,0.171057,9ada2f3a47de,n42->n14;n39->n1;n37->n28;n24->n31;n36->n28,-0.045455,0.372998
303,25,5,5,10.000000,1000,50,0.100000,10,0.050000,1000.000000,0.001000,1,real_time_memory_aware,0.500000,0.500000,118.380000,591.900000,5919,2612,249,172.400000;96.100000;69.100000;129.800000;124.500000,0.292892,9ada2f3a47de,n42->n14;n39->n1;n37->n28;n24->n31;n36->n28,0.365489,0.367821
101,25,6,5,10.000000,1000,50,0.100000,10,0.050000,1000.000000,0.001000,1,historical_only,1.000000,0.500000,128.640000,643.200000,6432,3935,246,86.300000;118.400000;165.600000;78.200000;194.700000,0.350619,7e7b3091ef99,n34->n24;n7->n41;n33->n12;n45->n24;n37->n18,0.019481,0.434447
101,25,6,5,10.000000,1000,50,0.100000,10,0.050000,1000.000000,0.001000,1,real_time_memory_aware,0.500000,0.500000,125.200000,626.000000,6260,3139,249,58.700000;173.900000;74.500000;124.200000;194.700000,0.425587,7e7b3091ef99,n34->n24;n7->n41;n33->n12;n45->n24;n37->n18,0.434749,0.434749
202,25,6,5,10.000000,1000,50,0.100000,10,0.050000,1000.000000,0.001000,1,historical_only,1.000000,0.500000,74.100000,370.500000,3705,6174,295,14.800000;49.500000;194.700000;39.600000;71.900000,0.850547,8811bf5b22ad,n42->n6;n7->n50;n18->n10;n47->n46;n6->n11,0.069312,0.395450
202,25,6,5,10.000000,1000,50,0.100000,10,0.050000,1000.000000,0.001000,1,real_time_memory_aware,0.500000,0.500000,90.520000,452.600000,4526,4505,298,24.100000;76.700000;194.700000;64.300000;92.800000,0.627827,8811bf5b22ad,n42->n6;n7->n50;n18->n10;n47->n46;n6->n11,0.364000,0.372190
303,25,6,5,10.000000,1000,50,0.100000,10,0.050000,1000.000000,0.001000,1,historical_only,1.000000,0.500000,98.020000,490.100000,4901,4094,248,104.100000;95.600000;68.800000;96.700000;124.900000,0.183687,9ada2f3a47de,n42->n14;n39->n1;n37->n28;n24->n31;n36->n28,-0.125758,0.415801
303,25,6,5,10.000000,1000,50,0.100000,10,0.050000,1000.000000,0.001000,1,real_time_memory_aware,0.500000,0.500000,120.940000,604.700000,6047,2132,247,175.100000;96.400000;65.000000;139.600000;128.600000,0.310961,9ada2f3a47de,n42->n14;n39->n1;n37->n28;n24->n31;n36->n28,0.376025,0.376025
101,25,7,5,10.000000,1000,50,0.100000,10,0.050000,1000.000000,0.001000,1,historical_only,1.000000,0.500000,127.720000,638.600000,6386,3357,248,86.300000;107.500000;163.500000;86.600000;194.700000,0.342753,7e7b3091ef99,n34->n24;n7->n41;n33->n12;n45->n24;n37->n18,0.033449,0.388386
101,25,7,5,10.000000,1000,50,0.100000,10,0.050000,1000.000000,0.001000,1,real_time_memory_aware,0.500000,0.500000,124.180000,620.900000,6209,2563,248,59.000000;170.500000;72.900000;123.800000;194.700000,0.426067,7e7b3091ef99,n34->n24;n7->n41;n33->n12;n45->n24;n37->n18,0.324298,0.324298
202,25,7,5,10.000000,1000,50,0.100000,10,0.050000,1000.000000,0.001000,1,historical_only,1.000000,0.500000,75.020000,375.100000,3751,5278,294,17.600000;45.600000;194.700000;37.100000;80.100000,0.841987,8811bf5b22ad,n42->n6;n7->n50;n18->n10;n47->n46;n6->n11,-0.045996,0.377165
202,25,7,5,10.000000,1000,50,0.100000,10,0.050000,1000.000000,0.001000,1,real_time_memory_aware,0.500000,0.500000,90.080000,450.400000,4504,3644,298,25.900000;74.900000;194.700000;62.000000;92.900000,0.629770,8811bf5b22ad,n42->n6;n7->n50;n18->n10;n47->n46;n6->n11,0.328280,0.328280
303,25,7,5,10.000000,1000,50,0.100000,10,0.050000,1000.000000,0.001000,1,historical_only,1.000000,0.500000,97.700000,488.500000,4885,3248,243,104.000000;94.500000;71.700000;96.800000;121.500000,0.164608,9ada2f3a47de,n42->n14;n39->n1;n37->n28;n24->n31;n36->n28,-0.080547,0.373354
303,25,7,5,10.000000,1000,50,0.100000,10,0.050000,1000.000000,0.001000,1,real_time_memory_aware,0.500000,0.500000,124.380000,621.900000,6219,1774,247,175.800000;96.700000;72.800000;156.000000;120.600000,0.302642,9ada2f3a47de,n42->n14;n39->n1;n37->n28;n24->n31;n36->n28,0.379987,0.379987
101,25,8,5,10.000000,1000,50,0.100000,10,0.050000,1000.000000,0.001000,1,historical_only,1.000000,0.500000,126.500000,632.500000,6325,2879,248,80.700000;99.600000;165.100000;92.400000;194.700000,0.355736,7e7b3091ef99,n34->n24;n7->n41;n33->n12;n45->n24;n37->n18,-0.032520,0.450871
101,25,8,5,10.000000,1000,50,0.100000,10,0.050000,1000.000000,0.001000,1,real_time_memory_aware,0.500000,0.500000,122.880000,614.400000,6144,2278,249,60.700000;175.100000;62.600000;121.300000;194.700000,0.451459,7e7b3091ef99,n34->n24;n7->n41;n33->n12;n45->n24;n37->n18,0.382418,0.382418
202,25,8,5,10.000000,1000,50,0.100000,10,0.050000,1000.000000,0.001000,1,historical_only,1.000000,0.500000,72.120000,360.600000,3606,4495,293,16.700000;41.400000;194.700000;38.400000;69.400000,0.881004,8811bf5b22ad,n42->n6;n7->n50;n18->n10;n47->n46;n6->n11,-0.008882,0.350794
202,25,8,5,10.000000,1000,50,0.100000,10,0.050000,1000.000000,0.001000,1,real_time_memory_aware,0.500000,0.500000,89.740000,448.700000,4487,3014,296,24.500000;77.100000;194.700000;59.600000;92.800000,0.637226,8811bf5b22ad,n42->n6;n7->n50;n18->n10;n47->n46;n6->n11,0.345384,0.349854
303,25,8,5,10.000000,1000,50,0.100000,10,0.050000,1000.000000,0.001000,1,historical_only,1.000000,0.500000,98.040000,490.200000,4902,2899,249,106.500000;95.800000;73.800000;94.600000;119.500000,0.153781,9ada2f3a47de,n42->n14;n39->n1;n37->n28;n24->n31;n36->n28,-0.060576,0.404762
303,25,8,5,10.000000,1000,50,0.100000,10,0.050000,1000.000000,0.001000,1,real_time_memory_aware,0.500000,0.500000,123.720000,618.600000,6186,1433,245,175.400000;96.500000;71.500000;153.400000;121.800000,0.302932,9ada2f3a47de,n42->n14;n39->n1;n37->n28;n24->n31;n36->n28,0.370281,0.373160
101,25,9,5,10.000000,1000,50,0.100000,10,0.050000,1000.000000,0.001000,1,historical_only,1.000000,0.500000,118.140000,590.700000,5907,3016,247,86.000000;103.600000;115.700000;90.700000;194.700000,0.335707,7e7b3091ef99,n34->n24;n7->n41;n33->n12;n45->n24;n37->n18,-0.165664,0.457143
101,25,9,5,10.000000,1000,50,0.100000,10,0.050000,1000.000000,0.001000,1,real_time_memory_aware,0.500000,0.500000,120.640000,603.200000,6032,1922,247,62.300000;171.200000;55.600000;119.400000;194.700000,0.464139,7e7b3091ef99,n34->n24;n7->n41;n33->n12;n45->n24;n37->n18,0.356446,0.356446
202,25,9,5,10.000000,1000,50,0.100000,10,0.050000,1000.000000,0.001000,1,historical_only,1.000000,0.500000,71.600000,358.000000,3580,4009,296,18.400000;41.200000;194.700000;36.900000;66.800000,0.886297,8811bf5b22ad,n42->n6;n7->n50;n18->n10;n47->n46;n6->n11,-0.001046,0.351749
202,25,9,5,10.000000,1000,50,0.100000,10,0.050000,1000.000000,0.001000,1,real_time_memory_aware,0.500000,0.500000,88.220000,441.100000,4411,2725,298,20.500000;78.000000;194.700000;58.800000;89.100000,0.658907,8811bf5b22ad,n42->n6;n7->n50;n18->n10;n47->n46;n6->n11,0.312987,0.320779
303,25,9,5,10.000000,1000,50,0.100000,10,0.050000,1000.000000,0.001000,1,historical_only,1.000000,0.500000,106.580000,532.900000,5329,2148,246,104.500000;95.600000;80.200000;139.700000;112.900000,0.185656,9ada2f3a47de,n42->n14;n39->n1;n37->n28;n24->n31;n36->n28,-0.079282,0.400084
303,25,9,5,10.000000,1000,50,0.100000,10,0.050000,1000.000000,0.001000,1,real_time_memory_aware,0.500000,0.500000,122.900000,614.500000,6145,1205,249,176.800000;96.400000;69.600000;148.000000;123.700000,0.306160,9ada2f3a47de,n42->n14;n39->n1;n37->n28;n24->n31;n36->n28,0.359008,0.359008
101,25,10,5,10.000000,1000,50,0.100000,10,0.050000,1000.000000,0.001000,1,historical_only,1.000000,0.500000,118.880000,594.400000,5944,2307,249,93.600000;136.700000;106.000000;63.400000;194.700000,0.375233,7e7b3091ef99,n34->n24;n7->n41;n33->n12;n45->n24;n37->n18,-0.082206,0.425564
101,25,10,5,10.000000,1000,50,0.100000,10,0.050000,1000.000000,0.001000,1,real_time_memory_aware,0.500000,0.500000,119.900000,599.500000,5995,1720,250,63.200000;174.000000;51.700000;115.900000;194.700000,0.477717,7e7b3091ef99,n34->n24;n7->n41;n33->n12;n45->n24;n37->n18,0.393951,0.393951
202,25,10,5,10.000000,1000,50,0.100000,10,0.050000,1000.000000,0.001000,1,historical_only,1.000000,0.500000,70.300000,351.500000,3515,3479,299,16.500000;35.700000;194.700000;42.300000;62.300000,0.908937,8811bf5b22ad,n42->n6;n7->n50;n18->n10;n47->n46;n6->n11,-0.052280,0.371631
202,25,10,5,10.000000,1000,50,0.100000,10,0.050000,1000.000000,0.001000,1,real_time_memory_aware,0.500000,0.500000,86.720000,433.600000,4336,2315,295,23.500000;63.600000;194.700000;62.100000;89.700000,0.668541,8811bf5b22ad,n42->n6;n7->n50;n18->n10;n47->n46;n6->n11,0.268148,0.307725
303,25,10,5,10.000000,1000,50,0.100000,10,0.050000,1000.000000,0.001000,1,historical_only,1.000000,0.500000,101.240000,506.200000,5062,1986,244,108.700000;96.500000;74.400000;107.800000;118.800000,0.149793,9ada2f3a47de,n42->n14;n39->n1;n37->n28;n24->n31;n36->n28,-0.121032,0.403571
303,25,10,5,10.000000,1000,50,0.100000,10,0.050000,1000.000000,0.001000,1,real_time_memory_aware,0.500000,0.500000,123.940000,619.700000,6197,1050,249,178.200000;97.100000;69.500000;151.200000;123.700000,0.309798,9ada2f3a47de,n42->n14;n39->n1;n37->n28;n24->n31;n36->n28,0.414524,0.414524
101,26,1,5,10.000000,1000,50,0.100000,10,0.050000,1000.000000,0.001000,1,historical_only,1.000000,0.500000,97.180000,485.900000,4859,41200,258,97.100000;94.300000;97.100000;2.700000;194.700000,0.624995,7e7b3091ef99,n34->n24;n7->n41;n33->n12;n45->n24;n37->n18,0.314286,0.314286
101,26,1,5,10.000000,1000,50,0.100000,10,0.050000,1000.000000,0.001000,1,real_time_memory_aware,0.500000,0.500000,97.180000,485.900000,4859,41200,258,97.100000;94.300000;97.100000;2.700000;194.700000,0.624995,7e7b3091ef99,n34->n24;n7->n41;n33->n12;n45->n24;n37->n18,0.314286,0.314286
202,26,1,5,10.000000,1000,50,0.100000,10,0.050000,1000.000000,0.001000,1,historical_only,1.000000,0.500000,82.760000,413.800000,4138,50004,304,2.500000;95.600000;194.700000;29.600000;91.400000,0.802191,8811bf5b22ad,n42->n6;n7->n50;n18->n10;n47->n46;n6->n11,0.334127,0.351587
202,26,1,5,10.000000,1000,50,0.100000,10,0.050000,1000.000000,0.001000,1,real_time_memory_aware,0.500000,0.500000,82.760000,413.800000,4138,50004,304,2.500000;95.600000;194.700000;29.600000;91.400000,0.802191,8811bf5b22ad,n42->n6;n7->n50;n18->n10;n47->n46;n6->n11,0.334127,0.351587
303,26,1,5,10.000000,1000,50,0.100000,10,0.050000,1000.000000,0.001000,1,historical_only,1.000000,0.500000,95.740000,478.700000,4787,40376,249,90.000000;97.100000;2.700000;97.100000;191.800000,0.625314,9ada2f3a47de,n42->n14;n39->n1;n37->n28;n24->n31;n36->n28,0.354762,0.354762
303,26,1,5,10.000000,1000,50,0.100000,10,0.050000,1000.000000,0.001000,1,real_time_memory_aware,0.500000,0.500000,95.740000,478.700000,4787,40376,249,90.000000;97.100000;2.700000;97.100000;191.800000,0.625314,9ada2f3a47de,n42->n14;n39->n1;n37->n28;n24->n31;n36->n28,0.354762,0.354762
101,26,2,5,10.000000,1000,50,0.100000,10,0.050000,1000.000000,0.001000,1,historical_only,1.000000,0.500000,123.400000,617.000000,6170,16345,256,91.300000;146.300000;135.900000;48.800000;194.700000,0.402910,7e7b3091ef99,n34->n24;n7->n41;n33->n12;n45->n24;n37->n18,-0.026817,0.419549
101,26,2,5,10.000000,1000,50,0.100000,10,0.050000,1000.000000,0.001000,1,real_time_memory_aware,0.500000,0.500000,124.000000,620.000000,6200,12717,256,61.200000;170.900000;74.200000;119.000000;194.700000,0.421320,7e7b3091ef99,n34->n24;n7->n41;n33->n12;n45->n24;n37->n18,0.396825,0.407029
202,26,2,5,10.000000,1000,50,0.100000,10,0.050000,1000.000000,0.001000,1,historical_only,1.000000,0.500000,80.800000,404.000000,4040,20985,309,11.900000;65.800000;194.700000;43.400000;88.200000,0.770890,8811bf5b22ad,n42->n6;n7->n50;n18->n10;n47->n46;n6->n11,0.038967,0.367737
202,26,2,5,10.000000,1000,50,0.100000,10,0.050000,1000.000000,0.001000,1,real_time_memory_aware,0.500000,0.500000,93.600000,468.000000,4680,17383,310,27.200000;92.600000;194.700000;61.000000;92.500000,0.598579,8811bf5b22ad,n42->n6;n7->n50;n18->n10;n47->n46;n6->n11,0.458892,0.458892
303,26,2,5,10.000000,1000,50,0.100000,10,0.050000,1000.000000,0.001000,1,historical_only,1.000000,0.500000,98.440000,492.200000,4922,16408,258,106.300000;96.200000;21.800000;95.800000;172.100000,0.484491,9ada2f3a47de,n42->n14;n39->n1;n37->n28;n24->n31;n36->n28,-0.123000,0.372238
303,26,2,5,10.000000,1000,50,0.100000,10,0.050000,1000.000000,0.001000,1,real_time_memory_aware,0.500000,0.500000,112.700000,563.500000,5635,11118,255,174.400000;95.900000;53.200000;100.000000;140.000000,0.366621,9ada2f3a47de,n42->n14;n39->n1;n37->n28;n24->n31;n36->n28,0.458541,0.458541
101,26,3,5,10.000000,1000,50,0.100000,10,0.050000,1000.000000,0.001000,1,historical_only,1.000000,0.500000,117.060000,585.300000,5853,11538,249,87.000000;120.400000;108.100000;75.100000;194.700000,0.358050,7e7b3091ef99,n34->n24;n7->n41;n33->n12;n45->n24;n37->n18,-0.155890,0.398246
101,26,3,5,10.000000,1000,50,0.100000,10,0.050000,1000.000000,0.001000,1,real_time_memory_aware,0.500000,0.500000,123.400000,617.000000,6170,7840,254,60.500000;175.900000;65.500000;120.400000;194.700000,0.446187,7e7b3091ef99,n34->n24;n7->n41;n33->n12;n45->n24;n37->n18,0.413333,0.422619
202,26,3,5,10.000000,1000,50,0.100000,10,0.050000,1000.000000,0.001000,1,historical_only,1.000000,0.500000,77.280000,386.400000,3864,13775,294,16.100000;52.100000;194.700000;42.100000;81.400000,0.806422,8811bf5b22ad,n42->n6;n7->n50;n18->n10;n47->n46;n6->n11,0.019906,0.384502
202,26,3,5,10.000000,1000,50,0.100000,10,0.050000,1000.000000,0.001000,1,real_time_memory_aware,0.500000,0.500000,93.200000,466.000000,4660,10955,311,27.900000;89.800000;194.700000;60.300000;93.300000,0.600481,8811bf5b22ad,n42->n6;n7->n50;n18->n10;n47->n46;n6->n11,0.411334,0.411334
303,26,3,5,10.000000,1000,50,0.100000,10,0.050000,1000.000000,0.001000,1,historical_only,1.000000,0.500000,101.800000,509.000000,5090,9918,251,98.800000;96.200000;59.000000;120.800000;134.200000,0.251710,9ada2f3a47de,n42->n14;n39->n1;n37->n28;n24->n31;n36->n28,-0.042237,0.347851
303,26,3,5,10.000000,1000,50,0.100000,10,0.050000,1000.000000,0.001000,1,real_time_memory_aware,0.500000,0.500000,114.040000,570.200000,5702,6235,255,173.800000;96.100000;57.000000;106.900000;136.400000,0.344061,9ada2f3a47de,n42->n14;n39->n1;n37->n28;n24->n31;n36->n28,0.395337,0.395337
101,26,4,5,10.000000,1000,50,0.100000,10,0.050000,1000.000000,0.001000,1,historical_only,1.000000,0.500000,117.060000,585.300000,5853,8291,254,85.200000;104.600000;119.700000;81.100000;194.700000,0.352188,7e7b3091ef99,n34->n24;n7->n41;n33->n12;n45->n24;n37->n18,-0.178165,0.422067
101,26,4,5,10.000000,1000,50,0.100000,10,0.050000,1000.000000,0.001000,1,real_time_memory_aware,0.500000,0.500000,122.900000,614.500000,6145,5574,259,58.400000;172.800000;65.400000;123.200000;194.700000,0.447324,7e7b3091ef99,n34->n24;n7->n41;n33->n12;n45->n24;n37->n18,0.391310,0.394167
202,26,4,5,10.000000,1000,50,0.100000,10,0.050000,1000.000000,0.001000,1,historical_only,1.000000,0.500000,75.600000,378.000000,3780,9991,308,15.500000;48.800000;194.700000;41.600000;77.400000,0.829742,8811bf5b22ad,n42->n6;n7->n50;n18->n10;n47->n46;n6->n11,0.062575,0.364797
202,26,4,5,10.000000,1000,50,0.100000,10,0.050000,1000.000000,0.001000,1,real_time_memory_aware,0.500000,0.500000,90.720000,453.600000,4536,7822,304,30.200000;75.700000;194.700000;59.800000;93.200000,0.616936,8811bf5b22ad,n42->n6;n7->n50;n18->n10;n47->n46;n6->n11,0.360665,0.371676
303,26,4,5,10.000000,1000,50,0.100000,10,0.050000,1000.000000,0.001000,1,historical_only,1.000000,0.500000,97.540000,487.700000,4877,7082,253,99.000000;94.800000;60.400000;100.700000;132.800000,0.235679,9ada2f3a47de,n42->n14;n39->n1;n37->n28;n24->n31;n36->n28,-0.068594,0.355669
303,26,4,5,10.000000,1000,50,0.100000,10,0.050000,1000.000000,0.001000,1,real_time_memory_aware,0.500000,0.500000,116.100000,580.500000,5805,4095,254,174.100000;95.800000;62.400000;117.000000;131.200000,0.319704,9ada2f3a47de,n42->n14;n39->n1;n37->n28;n24->n31;n36->n28,0.401944,0.401944
101,26,5,5,10.000000,1000,50,0.100000,10,0.050000,1000.000000,0.001000,1,historical_only,1.000000,0.500000,126.440000,632.200000,6322,5484,257,85.800000;97.700000;166.100000;87.900000;194.700000,0.357133,7e7b3091ef99,n34->n24;n7->n41;n33->n12;n45->n24;n37->n18,0.040429,0.414624
101,26,5,5,10.000000,1000,50,0.100000,10,0.050000,1000.000000,0.001000,1,real_time_memory_aware,0.500000,0.500000,125.920000,629.600000,6296,4195,258,56.500000;174.000000;79.100000;125.300000;194.700000,0.421037,7e7b3091ef99,n34->n24;n7->n41;n33->n12;n45->n24;n37->n18,0.390090,0.401931
202,26,5,5,10.000000,1000,50,0.100000,10,0.050000,1000.000000,0.001000,1,historical_only,1.000000,0.500000,71.320000,356.600000,3566,7976,301,14.000000;37.900000;194.700000;37.800000;72.200000,0.903248,8811bf5b22ad,n42->n6;n7->n50;n18->n10;n47->n46;n6->n11,0.025503,0.371746
202,26,5,5,10.000000,1000,50,0.100000,10,0.050000,1000.000000,0.001000,1,real_time_memory_aware,0.500000,0.500000,88.560000,442.800000,4428,6056,302,24.700000;73.400000;194.700000;57.800000;92.200000,0.649313,8811bf5b22ad,n42->n6;n7->n50;n18->n10;n47->n46;n6->n11,0.272829,0.284967
303,26,5,5,10.000000,1000,50,0.100000,10,0.050000,1000.000000,0.001000,1,historical_only,1.000000,0.500000,99.840000,499.200000,4992,5656,255,108.500000;96.400000;64.000000;100.800000;129.500000,0.212565,9ada2f3a47de,n42->n14;n39->n1;n37->n28;n24->n31;n36->n28,-0.112292,0.460465
303,26,5,5,10.000000,1000,50,0.100000,10,0.050000,1000.000000,0.001000,1,real_time_memory_aware,0.500000,0.500000,118.840000,594.200000,5942,2878,259,174.900000;96.400000;66.700000;129.400000;126.800000,0.304321,9ada2f3a47de,n42->n14;n39->n1;n37->n28;n24->n31;n36->n28,0.366181,0.366181
101,26,6,5,10.000000,1000,50,0.100000,10,0.050000,1000.000000,0.001000,1,historical_only,1.000000,0.500000,115.760000,578.800000,5788,5191,255,85.800000;110.400000;106.900000;81.000000;194.700000,0.355015,7e7b3091ef99,n34->n24;n7->n41;n33->n12;n45->n24;n37->n18,-0.184942,0.442342
101,26,6,5,10.000000,1000,50,0.100000,10,0.050000,1000.000000,0.001000,1,real_time_memory_aware,0.500000,0.500000,122.860000,614.300000,6143,3464,243,60.000000;170.800000;65.300000;123.500000;194.700000,0.441692,7e7b3091ef99,n34->n24;n7->n41;n33->n12;n45->n24;n37->n18,0.369109,0.369109
202,26,6,5,10.000000,1000,50,0.100000,10,0.050000,1000.000000,0.001000,1,historical_only,1.000000,0.500000,73.480000,367.400000,3674,6559,298,11.000000;49.200000;194.700000;40.100000;72.400000,0.867212,8811bf5b22ad,n42->n6;n7->n50;n18->n10;n47->n46;n6->n11,0.040831,0.316008
202,26,6,5,10.000000,1000,50,0.100000,10,0.050000,1000.000000,0.001000,1,real_time_memory_aware,0.500000,0.500000,88.020000,440.100000,4401,4860,308,26.800000;70.000000;194.700000;57.500000;91.100000,0.650547,8811bf5b22ad,n42->n6;n7->n50;n18->n10;n47->n46;n6->n11,0.332035,0.363686
303,26,6,5,10.000000,1000,50,0.100000,10,0.050000,1000.000000,0.001000,1,historical_only,1.000000,0.500000,97.080000,485.400000,4854,4655,258,97.500000;96.800000;71.100000;97.700000;122.300000,0.166838,9ada2f3a47de,n42->n14;n39->n1;n37->n28;n24->n31;n36->n28,-0.031548,0.388214
303,26,6,5,10.000000,1000,50,0.100000,10,0.050000,1000.000000,0.001000,1,real_time_memory_aware,0.500000,0.500000,120.880000,604.400000,6044,2286,255,174.700000;96.600000;72.600000;140.100000;120.400000,0.290998,9ada2f3a47de,n42->n14;n39->n1;n37->n28;n24->n31;n36->n28,0.322191,0.355180
101,26,7,5,10.000000,1000,50,0.100000,10,0.050000,1000.000000,0.001000,1,historical_only,1.000000,0.500000,123.740000,618.700000,6187,3932,257,85.300000;99.300000;147.300000;92.100000;194.700000,0.336454,7e7b3091ef99,n34->n24;n7->n41;n33->n12;n45->n24;n37->n18,-0.195238,0.447392
101,26,7,5,10.000000,1000,50,0.100000,10,0.050000,1000.000000,0.001000,1,real_time_memory_aware,0.500000,0.500000,123.760000,618.800000,6188,2818,256,57.700000;175.200000;64.600000;126.600000;194.700000,0.450616,7e7b3091ef99,n34->n24;n7->n41;n33->n12;n45->n24;n37->n18,0.392796,0.392796
202,26,7,5,10.000000,1000,50,0.100000,10,0.050000,1000.000000,0.001000,1,historical_only,1.000000,0.500000,69.620000,348.100000,3481,5631,305,13.700000;38.300000;194.700000;30.500000;70.900000,0.937169,8811bf5b22ad,n42->n6;n7->n50;n18->n10;n47->n46;n6->n11,0.016077,0.335226
202,26,7,5,10.000000,1000,50,0.100000,10,0.050000,1000.000000,0.001000,1,real_time_memory_aware,0.500000,0.500000,89.280000,446.400000,4464,3961,308,17.700000;75.500000;194.700000;66.000000;92.500000,0.652710,8811bf5b22ad,n42->n6;n7->n50;n18->n10;n47->n46;n6->n11,0.349541,0.353649
303,26,7,5,10.000000,1000,50,0.100000,10,0.050000,1000.000000,0.001000,1,historical_only,1.000000,0.500000,99.100000,495.500000,4955,3474,256,106.300000;95.500000;75.700000;100.400000;117.600000,0.139553,9ada2f3a47de,n42->n14;n39->n1;n37->n28;n24->n31;n36->n28,-0.088420,0.359632
303,26,7,5,10.000000,1000,50,0.100000,10,0.050000,1000.000000,0.001000,1,real_time_memory_aware,0.500000,0.500000,120.760000,603.800000,6038,1792,260,174.900000;96.400000;76.800000;139.300000;116.400000,0.282517,9ada2f3a47de,n42->n14;n39->n1;n37->n28;n24->n31;n36->n28,0.381746,0.386706
101,26,8,5,10.000000,1000,50,0.100000,10,0.050000,1000.000000,0.001000,1,historical_only,1.000000,0.500000,115.520000,577.600000,5776,3736,253,82.000000;100.400000;107.200000;93.300000;194.700000,0.350233,7e7b3091ef99,n34->n24;n7->n41;n33->n12;n45->n24;n37->n18,-0.234586,0.466917
101,26,8,5,10.000000,1000,50,0.100000,10,0.050000,1000.000000,0.001000,1,real_time_memory_aware,0.500000,0.500000,121.760000,608.800000,6088,2432,258,60.300000;175.900000;56.300000;121.600000;194.700000,0.469124,7e7b3091ef99,n34->n24;n7->n41;n33->n12;n45->n24;n37->n18,0.397924,0.397924
202,26,8,5,10.000000,1000,50,0.100000,10,0.050000,1000.000000,0.001000,1,historical_only,1.000000,0.500000,70.480000,352.400000,3524,4822,311,14.000000;34.900000;194.700000;35.100000;73.700000,0.922763,8811bf5b22ad,n42->n6;n7->n50;n18->n10;n47->n46;n6->n11,0.003242,0.401216
202,26,8,5,10.000000,1000,50,0.100000,10,0.050000,1000.000000,0.001000,1,real_time_memory_aware,0.500000,0.500000,88.860000,444.300000,4443,3367,304,21.100000;74.100000;194.700000;63.700000;90.700000,0.649362,8811bf5b22ad,n42->n6;n7->n50;n18->n10;n47->n46;n6->n11,0.379458,0.379458
303,26,8,5,10.000000,1000,50,0.100000,10,0.050000,1000.000000,0.001000,1,historical_only,1.000000,0.500000,97.820000,489.100000,4891,3116,256,103.100000;96.700000;76.100000;96.000000;117.200000,0.135605,9ada2f3a47de,n42->n14;n39->n1;n37->n28;n24->n31;n36->n28,-0.096939,0.428458
303,26,8,5,10.000000,1000,50,0.100000,10,0.050000,1000.000000,0.001000,1,real_time_memory_aware,0.500000,0.500000,122.360000,611.800000,6118,1448,260,177.700000;96.500000;77.300000;144.200000;116.100000,0.289588,9ada2f3a47de,n42->n14;n39->n1;n37->n28;n24->n31;n36->n28,0.411565,0.411565
101,26,9,5,10.000000,1000,50,0.100000,10,0.050000,1000.000000,0.001000,1,historical_only,1.000000,0.500000,126.520000,632.600000,6326,2776,254,86.700000;97.900000;162.400000;90.900000;194.700000,0.346501,7e7b3091ef99,n34->n24;n7->n41;n33->n12;n45->n24;n37->n18,-0.029825,0.343860
101,26,9,5,10.000000,1000,50,0.100000,10,0.050000,1000.000000,0.001000,1,real_time_memory_aware,0.500000,0.500000,121.240000,606.200000,6062,2053,256,61.700000;173.500000;57.500000;118.800000;194.700000,0.462795,7e7b3091ef99,n34->n24;n7->n41;n33->n12;n45->n24;n37->n18,0.361579,0.364510
202,26,9,5,10.000000,1000,50,0.100000,10,0.050000,1000.000000,0.001000,1,historical_only,1.000000,0.500000,70.660000,353.300000,3533,4275,308,16.400000;33.100000;194.700000;29.000000;80.100000,0.929439,8811bf5b22ad,n42->n6;n7->n50;n18->n10;n47->n46;n6->n11,0.044782,0.350355
202,26,9,5,10.000000,1000,50,0.100000,10,0.050000,1000.000000,0.001000,1,real_time_memory_aware,0.500000,0.500000,85.180000,425.900000,4259,2989,309,15.900000;71.300000;194.700000;52.700000;91.300000,0.705943,8811bf5b22ad,n42->n6;n7->n50;n18->n10;n47->n46;n6->n11,0.404762,0.410857
303,26,9,5,10.000000,1000,50,0.100000,10,0.050000,1000.000000,0.001000,1,historical_only,1.000000,0.500000,101.320000,506.600000,5066,2536,257,110.200000;96.500000;84.100000;106.800000;109.000000,0.097468,9ada2f3a47de,n42->n14;n39->n1;n37->n28;n24->n31;n36->n28,-0.073923,0.460544
303,26,9,5,10.000000,1000,50,0.100000,10,0.050000,1000.000000,0.001000,1,real_time_memory_aware,0.500000,0.500000,123.360000,616.800000,6168,1247,259,178.400000;96.800000;76.500000;148.500000;116.600000,0.294706,9ada2f3a47de,n42->n14;n39->n1;n37->n28;n24->n31;n36->n28,0.397143,0.397143
101,26,10,5,10.000000,1000,50,0.100000,10,0.050000,1000.000000,0.001000,1,historical_only,1.000000,0.500000,125.920000,629.600000,6296,2251,259,84.700000;103.000000;164.600000;82.600000;194.700000,0.360932,7e7b3091ef99,n34->n24;n7->n41;n33->n12;n45->n24;n37->n18,0.049807,0.400644
101,26,10,5,10.000000,1000,50,0.100000,10,0.050000,1000.000000,0.001000,1,real_time_memory_aware,0.500000,0.500000,122.980000,614.900000,6149,1821,255,65.100000;178.500000;61.900000;114.700000;194.700000,0.450918,7e7b3091ef99,n34->n24;n7->n41;n33->n12;n45->n24;n37->n18,0.392664,0.398327
202,26,10,5,10.000000,1000,50,0.100000,10,0.050000,1000.000000,0.001000,1,historical_only,1.000000,0.500000,70.520000,352.600000,3526,3702,305,13.200000;31.600000;194.700000;34.100000;79.000000,0.932447,8811bf5b22ad,n42->n6;n7->n50;n18->n10;n47->n46;n6->n11,-0.025787,0.351852
202,26,10,5,10.000000,1000,50,0.100000,10,0.050000,1000.000000,0.001000,1,real_time_memory_aware,0.500000,0.500000,83.700000,418.500000,4185,2526,311,18.400000;58.600000;194.700000;54.600000;92.200000,0.719512,8811bf5b22ad,n42->n6;n7->n50;n18->n10;n47->n46;n6->n11,0.346125,0.348179
303,26,10,5,10.000000,1000,50,0.100000,10,0.050000,1000.000000,0.001000,1,historical_only,1.000000,0.500000,97.740000,488.700000,4887,2353,255,97.200000;96.800000;78.500000;101.800000;114.400000,0.118027,9ada2f3a47de,n42->n14;n39->n1;n37->n28;n24->n31;n36->n28,-0.109280,0.382540
303,26,10,5,10.000000,1000,50,0.100000,10,0.050000,1000.000000,0.001000,1,real_time_memory_aware,0.500000,0.500000,122.480000,612.400000,6124,1064,259,176.800000;97.100000;90.200000;145.300000;103.000000,0.271699,9ada2f3a47de,n42->n14;n39->n1;n37->n28;n24->n31;n36->n28,0.368745,0.368745
101,27,1,5,10.000000,1000,50,0.100000,10,0.050000,1000.000000,0.001000,1,historical_only,1.000000,0.500000,97.200000,486.000000,4860,43204,267,97.100000;94.000000;97.100000;3.100000;194.700000,0.623618,7e7b3091ef99,n34->n24;n7->n41;n33->n12;n45->n24;n37->n18,0.323810,0.323810
101,27,1,5,10.000000,1000,50,0.100000,10,0.050000,1000.000000,0.001000,1,real_time_memory_aware,0.500000,0.500000,97.200000,486.000000,4860,43204,267,97.100000;94.000000;97.100000;3.100000;194.700000,0.623618,7e7b3091ef99,n34->n24;n7->n41;n33->n12;n45->n24;n37->n18,0.323810,0.323810
202,27,1,5,10.000000,1000,50,0.100000,10,0.050000,1000.000000,0.001000,1,historical_only,1.000000,0.500000,84.240000,421.200000,4212,52290,322,1.800000;96.000000;194.700000;37.700000;91.000000,0.775662,8811bf5b22ad,n42->n6;n7->n50;n18->n10;n47->n46;n6->n11,0.366270,0.366270
202,27,1,5,10.000000,1000,50,0.100000,10,0.050000,1000.000000,0.001000,1,real_time_memory_aware,0.500000,0.500000,84.240000,421.200000,4212,52290,322,1.800000;96.000000;194.700000;37.700000;91.000000,0.775662,8811bf5b22ad,n42->n6;n7->n50;n18->n10;n47->n46;n6->n11,0.366270,0.366270
303,27,1,5,10.000000,1000,50,0.100000,10,0.050000,1000.000000,0.001000,1,historical_only,1.000000,0.500000,96.040000,480.200000,4802,42278,266,91.400000;97.100000;9.100000;97.100000;185.500000,0.581329,9ada2f3a47de,n42->n14;n39->n1;n37->n28;n24->n31;n36->n28,0.364762,0.364762
303,27,1,5,10.000000,1000,50,0.100000,10,0.050000,1000.000000,0.001000,1,real_time_memory_aware,0.500000,0.500000,96.040000,480.200000,4802,42278,266,91.400000;97.100000;9.100000;97.100000;185.500000,0.581329,9ada2f3a47de,n42->n14;n39->n1;n37->n28;n24->n31;n36->n28,0.364762,0.364762
101,27,2,5,10.000000,1000,50,0.100000,10,0.050000,1000.000000,0.001000,1,historical_only,1.000000,0.500000,123.020000,615.100000,6151,17608,264,92.100000;148.200000;130.200000;49.900000;194.700000,0.400315,7e7b3091ef99,n34->n24;n7->n41;n33->n12;n45->n24;n37->n18,-0.031746,0.389796
101,27,2,5,10.000000,1000,50,0.100000,10,0.050000,1000.000000,0.001000,1,real_time_memory_aware,0.500000,0.500000,121.660000,608.300000,6083,13667,255,68.600000;175.600000;58.000000;111.400000;194.700000,0.453461,7e7b3091ef99,n34->n24;n7->n41;n33->n12;n45->n24;n37->n18,0.425964,0.425964
202,27,2,5,10.000000,1000,50,0.100000,10,0.050000,1000.000000,0.001000,1,historical_only,1.000000,0.500000,80.060000,400.300000,4003,22319,321,13.600000;62.400000;194.700000;42.200000;87.400000,0.777202,8811bf5b22ad,n42->n6;n7->n50;n18->n10;n47->n46;n6->n11,0.071453,0.394047
202,27,2,5,10.000000,1000,50,0.100000,10,0.050000,1000.000000,0.001000,1,real_time_memory_aware,0.500000,0.500000,91.200000,456.000000,4560,18399,317,30.700000;88.300000;194.700000;49.500000;92.800000,0.622636,8811bf5b22ad,n42->n6;n7->n50;n18->n10;n47->n46;n6->n11,0.419619,0.419619
303,27,2,5,10.000000,1000,50,0.100000,10,0.050000,1000.000000,0.001000,1,historical_only,1.000000,0.500000,99.420000,497.100000,4971,17562,265,109.000000;97.000000;29.200000;97.100000;164.800000,0.433989,9ada2f3a47de,n42->n14;n39->n1;n37->n28;n24->n31;n36->n28,-0.033658,0.336039
303,27,2,5,10.000000,1000,50,0.100000,10,0.050000,1000.000000,0.001000,1,real_time_memory_aware,0.500000,0.500000,111.600000,558.000000,5580,11966,254,174.400000;95.600000;42.800000;94.600000;150.600000,0.415355,9ada2f3a47de,n42->n14;n39->n1;n37->n28;n24->n31;n36->n28,0.422449,0.422449
101,27,3,5,10.000000,1000,50,0.100000,10,0.050000,1000.000000,0.001000,1,historical_only,1.000000,0.500000,117.660000,588.300000,5883,11959,265,88.300000;116.200000;121.000000;68.100000;194.700000,0.365888,7e7b3091ef99,n34->n24;n7->n41;n33->n12;n45->n24;n37->n18,-0.159033,0.411036
101,27,3,5,10.000000,1000,50,0.100000,10,0.050000,1000.000000,0.001000,1,real_time_memory_aware,0.500000,0.500000,122.900000,614.500000,6145,8370,262,59.100000;173.700000;65.000000;122.000000;194.700000,0.448029,7e7b3091ef99,n34->n24;n7->n41;n33->n12;n45->n24;n37->n18,0.422336,0.422336
202,27,3,5,10.000000,1000,50,0.100000,10,0.050000,1000.000000,0.001000,1,historical_only,1.000000,0.500000,77.860000,389.300000,3893,14318,320,15.600000;54.600000;194.700000;41.900000;82.500000,0.799682,8811bf5b22ad,n42->n6;n7->n50;n18->n10;n47->n46;n6->n11,0.054329,0.363636
202,27,3,5,10.000000,1000,50,0.100000,10,0.050000,1000.000000,0.001000,1,real_time_memory_aware,0.500000,0.500000,90.560000,452.800000,4528,11715,320,22.500000;80.000000;194.700000;63.400000;92.200000,0.631045,8811bf5b22ad,n42->n6;n7->n50;n18->n10;n47->n46;n6->n11,0.398952,0.405619
303,27,3,5,10.000000,1000,50,0.100000,10,0.050000,1000.000000,0.001000,1,historical_only,1.000000,0.500000,96.820000,484.100000,4841,11175,257,98.600000;96.800000;55.300000;95.100000;138.300000,0.271331,9ada2f3a47de,n42->n14;n39->n1;n37->n28;n24->n31;n36->n28,-0.011077,0.357660
303,27,3,5,10.000000,1000,50,0.100000,10,0.050000,1000.000000,0.001000,1,real_time_memory_aware,0.500000,0.500000,114.020000,570.100000,5701,6899,263,176.200000;95.900000;61.600000;104.300000;132.100000,0.336580,9ada2f3a47de,n42->n14;n39->n1;n37->n28;n24->n31;n36->n28,0.404418,0.410832
101,27,4,5,10.000000,1000,50,0.100000,10,0.050000,1000.000000,0.001000,1,historical_only,1.000000,0.500000,126.320000,631.600000,6316,7856,268,85.200000;97.900000;166.500000;87.300000;194.700000,0.359502,7e7b3091ef99,n34->n24;n7->n41;n33->n12;n45->n24;n37->n18,-0.019955,0.390249
101,27,4,5,10.000000,1000,50,0.100000,10,0.050000,1000.000000,0.001000,1,real_time_memory_aware,0.500000,0.500000,122.560000,612.800000,6128,5939,266,55.400000;167.300000;68.200000;127.200000;194.700000,0.442302,7e7b3091ef99,n34->n24;n7->n41;n33->n12;n45->n24;n37->n18,0.399881,0.399881
202,27,4,5,10.000000,1000,50,0.100000,10,0.050000,1000.000000,0.001000,1,historical_only,1.000000,0.500000,73.720000,368.600000,3686,10527,313,14.600000;44.700000;194.700000;37.200000;77.400000,0.864768,8811bf5b22ad,n42->n6;n7->n50;n18->n10;n47->n46;n6->n11,0.097568,0.413678
202,27,4,5,10.000000,1000,50,0.100000,10,0.050000,1000.000000,0.001000,1,real_time_memory_aware,0.500000,0.500000,89.700000,448.500000,4485,8389,322,27.300000;74.100000;194.700000;59.600000;92.800000,0.632172,8811bf5b22ad,n42->n6;n7->n50;n18->n10;n47->n46;n6->n11,0.380667,0.380667
303,27,4,5,10.000000,1000,50,0.100000,10,0.050000,1000.000000,0.001000,1,historical_only,1.000000,0.500000,99.240000,496.200000,4962,7856,264,103.300000;97.000000;62.600000;102.400000;130.900000,0.219676,9ada2f3a47de,n42->n14;n39->n1;n37->n28;n24->n31;n36->n28,-0.025099,0.369345
303,27,4,5,10.000000,1000,50,0.100000,10,0.050000,1000.000000,0.001000,1,real_time_memory_aware,0.500000,0.500000,115.600000,578.000000,5780,4486,264,176.900000;96.000000;63.600000;111.800000;129.700000,0.325036,9ada2f3a47de,n42->n14;n39->n1;n37->n28;n24->n31;n36->n28,0.411333,0.411333
101,27,5,5,10.000000,1000,50,0.100000,10,0.050000,1000.000000,0.001000,1,historical_only,1.000000,0.500000,116.280000,581.400000,5814,6951,261,87.500000;102.000000;112.200000;85.000000;194.700000,0.347782,7e7b3091ef99,n34->n24;n7->n41;n33->n12;n45->n24;n37->n18,-0.193734,0.481454
101,27,5,5,10.000000,1000,50,0.100000,10,0.050000,1000.000000,0.001000,1,real_time_memory_aware,0.500000,0.500000,122.840000,614.200000,6142,4572,266,56.600000;171.000000;65.300000;126.600000;194.700000,0.448786,7e7b3091ef99,n34->n24;n7->n41;n33->n12;n45->n24;n37->n18,0.385034,0.385034
202,27,5,5,10.000000,1000,50,0.100000,10,0.050000,1000.000000,0.001000,1,historical_only,1.000000,0.500000,72.700000,363.500000,3635,8368,310,16.000000;38.600000;194.700000;39.600000;74.600000,0.877767,8811bf5b22ad,n42->n6;n7->n50;n18->n10;n47->n46;n6->n11,0.085794,0.381843
202,27,5,5,10.000000,1000,50,0.100000,10,0.050000,1000.000000,0.001000,1,real_time_memory_aware,0.500000,0.500000,88.340000,441.700000,4417,6487,312,17.700000;77.200000;194.700000;59.800000;92.300000,0.665024,8811bf5b22ad,n42->n6;n7->n50;n18->n10;n47->n46;n6->n11,0.340990,0.357983
303,27,5,5,10.000000,1000,50,0.100000,10,0.050000,1000.000000,0.001000,1,historical_only,1.000000,0.500000,97.960000,489.800000,4898,6220,268,101.400000;97.000000;65.600000;97.800000;128.000000,0.202234,9ada2f3a47de,n42->n14;n39->n1;n37->n28;n24->n31;n36->n28,-0.102494,0.393424
303,27,5,5,10.000000,1000,50,0.100000,10,0.050000,1000.000000,0.001000,1,real_time_memory_aware,0.500000,0.500000,117.000000,585.000000,5850,3206,267,176.300000;96.100000;62.700000;119.200000;130.700000,0.321947,9ada2f3a47de,n42->n14;n39->n1;n37->n28;n24->n31;n36->n28,0.344509,0.344509
101,27,6,5,10.000000,1000,50,0.100000,10,0.050000,1000.000000,0.001000,1,historical_only,1.000000,0.500000,126.940000,634.700000,6347,4656,264,87.700000;105.900000;167.500000;78.900000;194.700000,0.361464,7e7b3091ef99,n34->n24;n7->n41;n33->n12;n45->n24;n37->n18,0.014059,0.378458
101,27,6,5,10.000000,1000,50,0.100000,10,0.050000,1000.000000,0.001000,1,real_time_memory_aware,0.500000,0.500000,122.220000,611.100000,6111,3704,260,58.200000;170.500000;61.800000;125.900000;194.700000,0.453299,7e7b3091ef99,n34->n24;n7->n41;n33->n12;n45->n24;n37->n18,0.437594,0.437594
202,27,6,5,10.000000,1000,50,0.100000,10,0.050000,1000.000000,0.001000,1,historical_only,1.000000,0.500000,72.120000,360.600000,3606,6929,314,13.700000;38.700000;194.700000;39.300000;74.200000,0.890808,8811bf5b22ad,n42->n6;n7->n50;n18->n10;n47->n46;n6->n11,-0.024974,0.326138
202,27,6,5,10.000000,1000,50,0.100000,10,0.050000,1000.000000,0.001000,1,real_time_memory_aware,0.500000,0.500000,87.380000,436.900000,4369,5211,318,27.800000;71.300000;194.700000;51.500000;91.600000,0.660030,8811bf5b22ad,n42->n6;n7->n50;n18->n10;n47->n46;n6->n11,0.334364,0.348649
303,27,6,5,10.000000,1000,50,0.100000,10,0.050000,1000.000000,0.001000,1,historical_only,1.000000,0.500000,98.720000,493.600000,4936,4461,265,111.400000;96.000000;72.700000;92.800000;120.700000,0.167271,9ada2f3a47de,n42->n14;n39->n1;n37->n28;n24->n31;n36->n28,-0.027968,0.399397
303,27,6,5,10.000000,1000,50,0.100000,10,0.050000,1000.000000,0.001000,1,real_time_memory_aware,0.500000,0.500000,118.360000,591.800000,5918,2408,270,175.100000;96.600000;70.100000;126.800000;123.200000,0.295505,9ada2f3a47de,n42->n14;n39->n1;n37->n28;n24->n31;n36->n28,0.375196,0.381805
101,27,7,5,10.000000,1000,50,0.100000,10,0.050000,1000.000000,0.001000,1,historical_only,1.000000,0.500000,120.120000,600.600000,6006,4606,269,88.400000;101.100000;132.200000;84.200000;194.700000,0.340538,7e7b3091ef99,n34->n24;n7->n41;n33->n12;n45->n24;n37->n18,-0.220666,0.441566
101,27,7,5,10.000000,1000,50,0.100000,10,0.050000,1000.000000,0.001000,1,real_time_memory_aware,0.500000,0.500000,121.120000,605.600000,6056,2977,267,55.500000;168.900000;60.900000;125.600000;194.700000,0.461901,7e7b3091ef99,n34->n24;n7->n41;n33->n12;n45->n24;n37->n18,0.391754,0.391754
202,27,7,5,10.000000,1000,50,0.100000,10,0.050000,1000.000000,0.001000,1,historical_only,1.000000,0.500000,70.000000,350.000000,3500,5893,305,13.700000;33.300000;194.700000;36.100000;72.200000,0.930673,8811bf5b22ad,n42->n6;n7->n50;n18->n10;n47->n46;n6->n11,0.013898,0.331426
202,27,7,5,10.000000,1000,50,0.100000,10,0.050000,1000.000000,0.001000,1,real_time_memory_aware,0.500000,0.500000,85.200000,426.000000,4260,4353,319,18.600000;71.500000;194.700000;48.900000;92.300000,0.703865,8811bf5b22ad,n42->n6;n7->n50;n18->n10;n47->n46;n6->n11,0.355742,0.366013
303,27,7,5,10.000000,1000,50,0.100000,10,0.050000,1000.000000,0.001000,1,historical_only,1.000000,0.500000,98.060000,490.300000,4903,4020,268,106.000000;96.800000;70.300000;94.100000;123.100000,0.175328,9ada2f3a47de,n42->n14;n39->n1;n37->n28;n24->n31;n36->n28,-0.079230,0.449240
303,27,7,5,10.000000,1000,50,0.100000,10,0.050000,1000.000000,0.001000,1,real_time_memory_aware,0.500000,0.500000,117.820000,589.100000,5891,1863,268,175.400000;96.600000;68.500000;123.500000;125.100000,0.300882,9ada2f3a47de,n42->n14;n39->n1;n37->n28;n24->n31;n36->n28,0.338635,0.355739
101,27,8,5,10.000000,1000,50,0.100000,10,0.050000,1000.000000,0.001000,1,historical_only,1.000000,0.500000,116.720000,583.600000,5836,3967,267,85.900000;101.100000;112.400000;89.500000;194.700000,0.343435,7e7b3091ef99,n34->n24;n7->n41;n33->n12;n45->n24;n37->n18,-0.177403,0.462121
101,27,8,5,10.000000,1000,50,0.100000,10,0.050000,1000.000000,0.001000,1,real_time_memory_aware,0.500000,0.500000,123.540000,617.700000,6177,2502,266,58.500000;170.400000;70.600000;123.500000;194.700000,0.432774,7e7b3091ef99,n34->n24;n7->n41;n33->n12;n45->n24;n37->n18,0.354820,0.354820
202,27,8,5,10.000000,1000,50,0.100000,10,0.050000,1000.000000,0.001000,1,historical_only,1.000000,0.500000,74.120000,370.600000,3706,4944,316,13.600000;39.900000;194.700000;34.700000;87.700000,0.876677,8811bf5b22ad,n42->n6;n7->n50;n18->n10;n47->n46;n6->n11,0.006625,0.373292
202,27,8,5,10.000000,1000,50,0.100000,10,0.050000,1000.000000,0.001000,1,real_time_memory_aware,0.500000,0.500000,82.540000,412.700000,4127,3800,319,22.500000;57.800000;194.700000;47.800000;89.900000,0.728086,8811bf5b22ad,n42->n6;n7->n50;n18->n10;n47->n46;n6->n11,0.296190,0.308762
303,27,8,5,10.000000,1000,50,0.100000,10,0.050000,1000.000000,0.001000,1,historical_only,1.000000,0.500000,97.420000,487.100000,4871,3618,265,96.900000;96.700000;77.800000;100.000000;115.700000,0.123737,9ada2f3a47de,n42->n14;n39->n1;n37->n28;n24->n31;n36->n28,-0.043101,0.356899
303,27,8,5,10.000000,1000,50,0.100000,10,0.050000,1000.000000,0.001000,1,real_time_memory_aware,0.500000,0.500000,119.400000,597.000000,5970,1528,268,176.200000;96.600000;71.400000;130.800000;122.000000,0.294607,9ada2f3a47de,n42->n14;n39->n1;n37->n28;n24->n31;n36->n28,0.382639,0.382639
101,27,9,5,10.000000,1000,50,0.100000,10,0.050000,1000.000000,0.001000,1,historical_only,1.000000,0.500000,121.620000,608.100000,6081,3043,265,88.900000;109.300000;137.700000;77.500000;194.700000,0.344323,7e7b3091ef99,n34->n24;n7->n41;n33->n12;n45->n24;n37->n18,-0.224054,0.437241
101,27,9,5,10.000000,1000,50,0.100000,10,0.050000,1000.000000,0.001000,1,real_time_memory_aware,0.500000,0.500000,119.320000,596.600000,5966,2337,268,60.500000;170.700000;48.400000;122.300000;194.700000,0.486093,7e7b3091ef99,n34->n24;n7->n41;n33->n12;n45->n24;n37->n18,0.304884,0.304884
202,27,9,5,10.000000,1000,50,0.100000,10,0.050000,1000.000000,0.001000,1,historical_only,1.000000,0.500000,73.260000,366.300000,3663,4407,318,10.400000;35.700000;194.700000;37.500000;88.000000,0.897292,8811bf5b22ad,n42->n6;n7->n50;n18->n10;n47->n46;n6->n11,-0.027937,0.384339
202,27,9,5,10.000000,1000,50,0.100000,10,0.050000,1000.000000,0.001000,1,real_time_memory_aware,0.500000,0.500000,84.540000,422.700000,4227,3189,318,23.800000;62.300000;194.700000;50.000000;91.900000,0.701122,8811bf5b22ad,n42->n6;n7->n50;n18->n10;n47->n46;n6->n11,0.319608,0.346499
303,27,9,5,10.000000,1000,50,0.100000,10,0.050000,1000.000000,0.001000,1,historical_only,1.000000,0.500000,97.500000,487.500000,4875,2941,269,96.800000;96.800000;83.100000;100.500000;110.300000,0.089552,9ada2f3a47de,n42->n14;n39->n1;n37->n28;n24->n31;n36->n28,-0.030891,0.426984
303,27,9,5,10.000000,1000,50,0.100000,10,0.050000,1000.000000,0.001000,1,real_time_memory_aware,0.500000,0.500000,121.160000,605.800000,6058,1311,267,177.000000;96.900000;75.000000;138.500000;118.400000,0.289362,9ada2f3a47de,n42->n14;n39->n1;n37->n28;n24->n31;n36->n28,0.345337,0.345337
101,27,10,5,10.000000,1000,50,0.100000,10,0.050000,1000.000000,0.001000,1,historical_only,1.000000,0.500000,115.860000,579.300000,5793,3029,267,89.500000;103.200000;109.900000;82.000000;194.700000,0.350659,7e7b3091ef99,n34->n24;n7->n41;n33->n12;n45->n24;n37->n18,-0.218513,0.501706
101,27,10,5,10.000000,1000,50,0.100000,10,0.050000,1000.000000,0.001000,1,real_time_memory_aware,0.500000,0.500000,120.560000,602.800000,6028,1927,270,63.300000;174.200000;52.500000;118.100000;194.700000,0.473461,7e7b3091ef99,n34->n24;n7->n41;n33->n12;n45->n24;n37->n18,0.389189,0.389189
202,27,10,5,10.000000,1000,50,0.100000,10,0.050000,1000.000000,0.001000,1,historical_only,1.000000,0.500000,71.440000,357.200000,3572,3883,318,10.700000;37.000000;194.700000;37.000000;77.800000,0.913509,8811bf5b22ad,n42->n6;n7->n50;n18->n10;n47->n46;n6->n11,0.018726,0.361376
202,27,10,5,10.000000,1000,50,0.100000,10,0.050000,1000.000000,0.001000,1,real_time_memory_aware,0.500000,0.500000,84.220000,421.100000,4211,2651,318,17.400000;66.400000;194.700000;52.100000;90.500000,0.713595,8811bf5b22ad,n42->n6;n7->n50;n18->n10;n47->n46;n6->n11,0.302930,0.302930
303,27,10,5,10.000000,1000,50,0.100000,10,0.050000,1000.000000,0.001000,1,historical_only,1.000000,0.500000,98.340000,491.700000,4917,2460,264,104.600000;96.500000;81.400000;97.200000;112.000000,0.103445,9ada2f3a47de,n42->n14;n39->n1;n37->n28;n24->n31;n36->n28,-0.138690,0.428929
303,27,10,5,10.000000,1000,50,0.100000,10,0.050000,1000.000000,0.001000,1,real_time_memory_aware,0.500000,0.500000,121.760000,608.800000,6088,1142,267,178.000000;97.100000;76.500000;140.200000;117.000000,0.288790,9ada2f3a47de,n42->n14;n39->n1;n37->n28;n24->n31;n36->n28,0.356385,0.358766
101,28,1,5,10.000000,1000,50,0.100000,10,0.050000,1000.000000,0.001000,1,historical_only,1.000000,0.500000,97.180000,485.900000,4859,45250,278,97.100000;87.200000;97.100000;9.800000;194.700000,0.604324,7e7b3091ef99,n34->n24;n7->n41;n33->n12;n45->n24;n37->n18,0.352857,0.352857
101,28,1,5,10.000000,1000,50,0.100000,10,0.050000,1000.000000,0.001000,1,real_time_memory_aware,0.500000,0.500000,97.180000,485.900000,4859,45250,278,97.100000;87.200000;97.100000;9.800000;194.700000,0.604324,7e7b3091ef99,n34->n24;n7->n41;n33->n12;n45->n24;n37->n18,0.352857,0.352857
202,28,1,5,10.000000,1000,50,0.100000,10,0.050000,1000.000000,0.001000,1,historical_only,1.000000,0.500000,83.280000,416.400000,4164,54555,333,1.200000;96.400000;194.700000;33.700000;90.400000,0.793463,8811bf5b22ad,n42->n6;n7->n50;n18->n10;n47->n46;n6->n11,0.349206,0.349206
202,28,1,5,10.000000,1000,50,0.100000,10,0.050000,1000.000000,0.001000,1,real_time_memory_aware,0.500000,0.500000,83.280000,416.400000,4164,54555,333,1.200000;96.400000;194.700000;33.700000;90.400000,0.793463,8811bf5b22ad,n42->n6;n7->n50;n18->n10;n47->n46;n6->n11,0.349206,0.349206
303,28,1,5,10.000000,1000,50,0.100000,10,0.050000,1000.000000,0.001000,1,historical_only,1.000000,0.500000,96.360000,481.800000,4818,44340,276,93.200000;97.100000;7.400000;97.100000;187.000000,0.589627,9ada2f3a47de,n42->n14;n39->n1;n37->n28;n24->n31;n36->n28,0.345238,0.345238
303,28,1,5,10.000000,1000,50,0.100000,10,0.050000,1000.000000,0.001000,1,real_time_memory_aware,0.500000,0.500000,96.360000,481.800000,4818,44340,276,93.200000;97.100000;7.400000;97.100000;187.000000,0.589627,9ada2f3a47de,n42->n14;n39->n1;n37->n28;n24->n31;n36->n28,0.345238,0.345238
101,28,2,5,10.000000,1000,50,0.100000,10,0.050000,1000.000000,0.001000,1,historical_only,1.000000,0.500000,127.220000,636.100000,6361,18250,275,89.900000;116.300000;169.300000;65.900000;194.700000,0.378549,7e7b3091ef99,n34->n24;n7->n41;n33->n12;n45->n24;n37->n18,0.032137,0.375997
101,28,2,5,10.000000,1000,50,0.100000,10,0.050000,1000.000000,0.001000,1,real_time_memory_aware,0.500000,0.500000,121.920000,609.600000,6096,14605,270,69.200000;175.300000;61.400000;109.000000;194.700000,0.445569,7e7b3091ef99,n34->n24;n7->n41;n33->n12;n45->n24;n37->n18,0.407596,0.410317
202,28,2,5,10.000000,1000,50,0.100000,10,0.050000,1000.000000,0.001000,1,historical_only,1.000000,0.500000,82.020000,410.100000,4101,24050,320,13.700000;67.600000;194.700000;49.800000;84.300000,0.743934,8811bf5b22ad,n42->n6;n7->n50;n18->n10;n47->n46;n6->n11,-0.131150,0.367608
202,28,2,5,10.000000,1000,50,0.100000,10,0.050000,1000.000000,0.001000,1,real_time_memory_aware,0.500000,0.500000,89.960000,449.800000,4498,19406,335,14.800000;93.300000;194.700000;53.700000;93.300000,0.666158,8811bf5b22ad,n42->n6;n7->n50;n18->n10;n47->n46;n6->n11,0.409429,0.409429
303,28,2,5,10.000000,1000,50,0.100000,10,0.050000,1000.000000,0.001000,1,historical_only,1.000000,0.500000,97.860000,489.300000,4893,18638,267,105.900000;96.500000;31.000000;93.100000;162.800000,0.428128,9ada2f3a47de,n42->n14;n39->n1;n37->n28;n24->n31;n36->n28,-0.026138,0.328995
303,28,2,5,10.000000,1000,50,0.100000,10,0.050000,1000.000000,0.001000,1,real_time_memory_aware,0.500000,0.500000,109.240000,546.200000,5462,12953,268,173.200000;95.700000;43.900000;83.700000;149.700000,0.426093,9ada2f3a47de,n42->n14;n39->n1;n37->n28;n24->n31;n36->n28,0.454325,0.461322
101,28,3,5,10.000000,1000,50,0.100000,10,0.050000,1000.000000,0.001000,1,historical_only,1.000000,0.500000,114.740000,573.700000,5737,12297,272,95.100000;100.600000;165.700000;17.600000;194.700000,0.537426,7e7b3091ef99,n34->n24;n7->n41;n33->n12;n45->n24;n37->n18,-0.252857,0.474524
101,28,3,5,10.000000,1000,50,0.100000,10,0.050000,1000.000000,0.001000,1,real_time_memory_aware,0.500000,0.500000,121.680000,608.400000,6084,8902,275,60.500000;169.600000;65.400000;118.200000;194.700000,0.443342,7e7b3091ef99,n34->n24;n7->n41;n33->n12;n45->n24;n37->n18,0.401892,0.407368
202,28,3,5,10.000000,1000,50,0.100000,10,0.050000,1000.000000,0.001000,1,historical_only,1.000000,0.500000,76.540000,382.700000,3827,15142,330,14.900000;52.000000;194.700000;40.100000;81.000000,0.820321,8811bf5b22ad,n42->n6;n7->n50;n18->n10;n47->n46;n6->n11,-0.019156,0.382792
202,28,3,5,10.000000,1000,50,0.100000,10,0.050000,1000.000000,0.001000,1,real_time_memory_aware,0.500000,0.500000,90.580000,452.900000,4529,12509,324,33.700000;82.700000;194.700000;50.400000;91.400000,0.619685,8811bf5b22ad,n42->n6;n7->n50;n18->n10;n47->n46;n6->n11,0.442286,0.442286
303,28,3,5,10.000000,1000,50,0.100000,10,0.050000,1000.000000,0.001000,1,historical_only,1.000000,0.500000,98.340000,491.700000,4917,11528,277,110.700000;96.800000;48.200000;90.300000;145.700000,0.320818,9ada2f3a47de,n42->n14;n39->n1;n37->n28;n24->n31;n36->n28,-0.057143,0.384339
303,28,3,5,10.000000,1000,50,0.100000,10,0.050000,1000.000000,0.001000,1,real_time_memory_aware,0.500000,0.500000,112.520000,562.600000,5626,7478,269,176.600000;95.900000;45.300000;96.400000;148.400000,0.406262,9ada2f3a47de,n42->n14;n39->n1;n37->n28;n24->n31;n36->n28,0.411834,0.413972
101,28,4,5,10.000000,1000,50,0.100000,10,0.050000,1000.000000,0.001000,1,historical_only,1.000000,0.500000,124.300000,621.500000,6215,8533,270,87.700000;100.300000;155.800000;83.000000;194.700000,0.351959,7e7b3091ef99,n34->n24;n7->n41;n33->n12;n45->n24;n37->n18,-0.168333,0.429048
101,28,4,5,10.000000,1000,50,0.100000,10,0.050000,1000.000000,0.001000,1,real_time_memory_aware,0.500000,0.500000,122.860000,614.300000,6143,6281,269,55.700000;171.300000;66.100000;126.500000;194.700000,0.449552,7e7b3091ef99,n34->n24;n7->n41;n33->n12;n45->n24;n37->n18,0.394762,0.394762
202,28,4,5,10.000000,1000,50,0.100000,10,0.050000,1000.000000,0.001000,1,historical_only,1.000000,0.500000,75.260000,376.300000,3763,11085,325,13.400000;46.300000;194.700000;42.100000;79.800000,0.841441,8811bf5b22ad,n42->n6;n7->n50;n18->n10;n47->n46;n6->n11,0.042857,0.386147
202,28,4,5,10.000000,1000,50,0.100000,10,0.050000,1000.000000,0.001000,1,real_time_memory_aware,0.500000,0.500000,88.040000,440.200000,4402,9025,334,24.000000;75.900000;194.700000;53.900000;91.700000,0.658474,8811bf5b22ad,n42->n6;n7->n50;n18->n10;n47->n46;n6->n11,0.369048,0.381238
303,28,4,5,10.000000,1000,50,0.100000,10,0.050000,1000.000000,0.001000,1,historical_only,1.000000,0.500000,98.960000,494.800000,4948,8515,272,104.800000;96.800000;59.300000;99.500000;134.400000,0.242015,9ada2f3a47de,n42->n14;n39->n1;n37->n28;n24->n31;n36->n28,-0.093084,0.419615
303,28,4,5,10.000000,1000,50,0.100000,10,0.050000,1000.000000,0.001000,1,real_time_memory_aware,0.500000,0.500000,116.260000,581.300000,5813,4782,275,173.500000;95.900000;56.900000;118.000000;137.000000,0.336396,9ada2f3a47de,n42->n14;n39->n1;n37->n28;n24->n31;n36->n28,0.376288,0.378620
101,28,5,5,10.000000,1000,50,0.100000,10,0.050000,1000.000000,0.001000,1,historical_only,1.000000,0.500000,115.920000,579.600000,5796,7308,269,85.200000;105.000000;110.300000;84.400000;194.700000,0.351356,7e7b3091ef99,n34->n24;n7->n41;n33->n12;n45->n24;n37->n18,-0.168969,0.421734
101,28,5,5,10.000000,1000,50,0.100000,10,0.050000,1000.000000,0.001000,1,real_time_memory_aware,0.500000,0.500000,123.540000,617.700000,6177,4745,278,57.800000;174.200000;67.200000;123.800000;194.700000,0.445217,7e7b3091ef99,n34->n24;n7->n41;n33->n12;n45->n24;n37->n18,0.384467,0.384467
202,28,5,5,10.000000,1000,50,0.100000,10,0.050000,1000.000000,0.001000,1,historical_only,1.000000,0.500000,73.440000,367.200000,3672,8770,331,14.300000;39.400000;194.700000;40.100000;78.700000,0.871874,8811bf5b22ad,n42->n6;n7->n50;n18->n10;n47->n46;n6->n11,0.062369,0.353959
202,28,5,5,10.000000,1000,50,0.100000,10,0.050000,1000.000000,0.001000,1,real_time_memory_aware,0.500000,0.500000,86.960000,434.800000,4348,6886,333,28.700000;66.400000;194.700000;52.400000;92.600000,0.663615,8811bf5b22ad,n42->n6;n7->n50;n18->n10;n47->n46;n6->n11,0.367011,0.369999
303,28,5,5,10.000000,1000,50,0.100000,10,0.050000,1000.000000,0.001000,1,historical_only,1.000000,0.500000,97.280000,486.400000,4864,6688,276,97.200000;96.800000;63.000000;98.700000;130.700000,0.220198,9ada2f3a47de,n42->n14;n39->n1;n37->n28;n24->n31;n36->n28,-0.079259,0.414497
303,28,5,5,10.000000,1000,50,0.100000,10,0.050000,1000.000000,0.001000,1,real_time_memory_aware,0.500000,0.500000,115.160000,575.800000,5758,3480,278,176.100000;96.200000;58.100000;110.000000;135.400000,0.342210,9ada2f3a47de,n42->n14;n39->n1;n37->n28;n24->n31;n36->n28,0.338187,0.371886
101,28,6,5,10.000000,1000,50,0.100000,10,0.050000,1000.000000,0.001000,1,historical_only,1.000000,0.500000,127.040000,635.200000,6352,5023,277,85.900000;100.900000;168.400000;85.300000;194.700000,0.359110,7e7b3091ef99,n34->n24;n7->n41;n33->n12;n45->n24;n37->n18,-0.021769,0.342177
101,28,6,5,10.000000,1000,50,0.100000,10,0.050000,1000.000000,0.001000,1,real_time_memory_aware,0.500000,0.500000,120.060000,600.300000,6003,3967,277,54.000000;171.300000;52.800000;127.500000;194.700000,0.487663,7e7b3091ef99,n34->n24;n7->n41;n33->n12;n45->n24;n37->n18,0.402845,0.402845
202,28,6,5,10.000000,1000,50,0.100000,10,0.050000,1000.000000,0.001000,1,historical_only,1.000000,0.500000,72.080000,360.400000,3604,7255,329,12.900000;38.800000;194.700000;39.000000;75.000000,0.893700,8811bf5b22ad,n42->n6;n7->n50;n18->n10;n47->n46;n6->n11,0.084645,0.354698
202,28,6,5,10.000000,1000,50,0.100000,10,0.050000,1000.000000,0.001000,1,real_time_memory_aware,0.500000,0.500000,88.240000,441.200000,4412,5455,333,24.500000;72.500000;194.700000;56.600000;92.900000,0.654303,8811bf5b22ad,n42->n6;n7->n50;n18->n10;n47->n46;n6->n11,0.332431,0.334672
303,28,6,5,10.000000,1000,50,0.100000,10,0.050000,1000.000000,0.001000,1,historical_only,1.000000,0.500000,97.720000,488.600000,4886,5209,274,105.000000;96.800000;62.900000;93.500000;130.400000,0.221951,9ada2f3a47de,n42->n14;n39->n1;n37->n28;n24->n31;n36->n28,-0.121270,0.438730
303,28,6,5,10.000000,1000,50,0.100000,10,0.050000,1000.000000,0.001000,1,real_time_memory_aware,0.500000,0.500000,115.520000,577.600000,5776,2512,277,176.700000;96.400000;70.700000;111.200000;122.600000,0.304487,9ada2f3a47de,n42->n14;n39->n1;n37->n28;n24->n31;n36->n28,0.310010,0.316424
101,28,7,5,10.000000,1000,50,0.100000,10,0.050000,1000.000000,0.001000,1,historical_only,1.000000,0.500000,126.620000,633.100000,6331,4229,275,86.900000;98.800000;168.500000;84.200000;194.700000,0.362603,7e7b3091ef99,n34->n24;n7->n41;n33->n12;n45->n24;n37->n18,0.009479,0.375713
101,28,7,5,10.000000,1000,50,0.100000,10,0.050000,1000.000000,0.001000,1,real_time_memory_aware,0.500000,0.500000,120.280000,601.400000,6014,3295,272,56.200000;169.900000;55.900000;124.700000;194.700000,0.474274,7e7b3091ef99,n34->n24;n7->n41;n33->n12;n45->n24;n37->n18,0.356310,0.356310
202,28,7,5,10.000000,1000,50,0.100000,10,0.050000,1000.000000,0.001000,1,historical_only,1.000000,0.500000,71.460000,357.300000,3573,6156,328,13.800000;36.400000;194.700000;35.900000;76.500000,0.907593,8811bf5b22ad,n42->n6;n7->n50;n18->n10;n47->n46;n6->n11,0.039203,0.297453
202,28,7,5,10.000000,1000,50,0.100000,10,0.050000,1000.000000,0.001000,1,real_time_memory_aware,0.500000,0.500000,88.180000,440.900000,4409,4513,333,25.300000;69.700000;194.700000;59.300000;91.900000,0.651257,8811bf5b22ad,n42->n6;n7->n50;n18->n10;n47->n46;n6->n11,0.347205,0.360870
303,28,7,5,10.000000,1000,50,0.100000,10,0.050000,1000.000000,0.001000,1,historical_only,1.000000,0.500000,99.420000,497.100000,4971,4304,273,98.800000;96.700000;73.200000;108.200000;120.200000,0.156093,9ada2f3a47de,n42->n14;n39->n1;n37->n28;n24->n31;n36->n28,-0.066888,0.328239
303,28,7,5,10.000000,1000,50,0.100000,10,0.050000,1000.000000,0.001000,1,real_time_memory_aware,0.500000,0.500000,115.540000,577.700000,5777,1994,279,177.400000;96.600000;69.600000;110.200000;123.900000,0.309512,9ada2f3a47de,n42->n14;n39->n1;n37->n28;n24->n31;n36->n28,0.383673,0.385811
101,28,8,5,10.000000,1000,50,0.100000,10,0.050000,1000.000000,0.001000,1,historical_only,1.000000,0.500000,125.820000,629.100000,6291,3683,277,86.900000;100.000000;161.100000;86.400000;194.700000,0.350509,7e7b3091ef99,n34->n24;n7->n41;n33->n12;n45->n24;n37->n18,-0.226132,0.464925
101,28,8,5,10.000000,1000,50,0.100000,10,0.050000,1000.000000,0.001000,1,real_time_memory_aware,0.500000,0.500000,120.780000,603.900000,6039,2751,280,58.000000;173.300000;54.000000;123.900000;194.700000,0.477537,7e7b3091ef99,n34->n24;n7->n41;n33->n12;n45->n24;n37->n18,0.378654,0.378654
202,28,8,5,10.000000,1000,50,0.100000,10,0.050000,1000.000000,0.001000,1,historical_only,1.000000,0.500000,69.820000,349.100000,3491,5358,330,15.700000;33.400000;194.700000;33.300000;72.000000,0.932372,8811bf5b22ad,n42->n6;n7->n50;n18->n10;n47->n46;n6->n11,-0.022981,0.380331
202,28,8,5,10.000000,1000,50,0.100000,10,0.050000,1000.000000,0.001000,1,real_time_memory_aware,0.500000,0.500000,83.300000,416.500000,4165,3963,330,15.900000;58.500000;194.700000;56.200000;91.200000,0.727546,8811bf5b22ad,n42->n6;n7->n50;n18->n10;n47->n46;n6->n11,0.333298,0.333298
303,28,8,5,10.000000,1000,50,0.100000,10,0.050000,1000.000000,0.001000,1,historical_only,1.000000,0.500000,97.400000,487.000000,4870,3621,278,98.500000;96.800000;77.500000;98.400000;115.800000,0.124661,9ada2f3a47de,n42->n14;n39->n1;n37->n28;n24->n31;n36->n28,-0.124506,0.440186
303,28,8,5,10.000000,1000,50,0.100000,10,0.050000,1000.000000,0.001000,1,real_time_memory_aware,0.500000,0.500000,118.020000,590.100000,5901,1732,277,178.200000;96.800000;71.000000;121.600000;122.500000,0.301141,9ada2f3a47de,n42->n14;n39->n1;n37->n28;n24->n31;n36->n28,0.278814,0.278814
101,28,9,5,10.000000,1000,50,0.100000,10,0.050000,1000.000000,0.001000,1,historical_only,1.000000,0.500000,121.280000,606.400000,6064,3451,275,85.800000;98.900000;140.900000;86.100000;194.700000,0.345378,7e7b3091ef99,n34->n24;n7->n41;n33->n12;n45->n24;n37->n18,-0.162981,0.427743
101,28,9,5,10.000000,1000,50,0.100000,10,0.050000,1000.000000,0.001000,1,real_time_memory_aware,0.500000,0.500000,119.900000,599.500000,5995,2411,280,62.300000;174.200000;48.300000;120.000000;194.700000,0.486144,7e7b3091ef99,n34->n24;n7->n41;n33->n12;n45->n24;n37->n18,0.343101,0.343101
202,28,9,5,10.000000,1000,50,0.100000,10,0.050000,1000.000000,0.001000,1,historical_only,1.000000,0.500000,71.000000,355.000000,3550,4799,326,11.300000;45.200000;194.700000;20.300000;83.500000,0.939726,8811bf5b22ad,n42->n6;n7->n50;n18->n10;n47->n46;n6->n11,-0.319762,0.474048
202,28,9,5,10.000000,1000,50,0.100000,10,0.050000,1000.000000,0.001000,1,real_time_memory_aware,0.500000,0.500000,83.240000,416.200000,4162,3431,325,18.900000;61.200000;194.700000;52.500000;88.900000,0.721322,8811bf5b22ad,n42->n6;n7->n50;n18->n10;n47->n46;n6->n11,0.281159,0.281159
303,28,9,5,10.000000,1000,50,0.100000,10,0.050000,1000.000000,0.001000,1,historical_only,1.000000,0.500000,100.880000,504.400000,5044,2793,278,96.100000;95.900000;75.100000;118.900000;118.400000,0.162517,9ada2f3a47de,n42->n14;n39->n1;n37->n28;n24->n31;n36->n28,-0.074881,0.366310
303,28,9,5,10.000000,1000,50,0.100000,10,0.050000,1000.000000,0.001000,1,real_time_memory_aware,0.500000,0.500000,116.160000,580.800000,5808,1425,279,178.700000;97.000000;77.000000;111.700000;116.400000,0.294009,9ada2f3a47de,n42->n14;n39->n1;n37->n28;n24->n31;n36->n28,0.313994,0.319631
101,28,10,5,10.000000,1000,50,0.100000,10,0.050000,1000.000000,0.001000,1,historical_only,1.000000,0.500000,116.200000,581.000000,5810,3149,274,83.400000;98.400000;116.300000;88.200000;194.700000,0.351451,7e7b3091ef99,n34->n24;n7->n41;n33->n12;n45->n24;n37->n18,-0.155026,0.435979
101,28,10,5,10.000000,1000,50,0.100000,10,0.050000,1000.000000,0.001000,1,real_time_memory_aware,0.500000,0.500000,120.380000,601.900000,6019,2068,273,56.200000;176.400000;50.500000;124.100000;194.700000,0.493941,7e7b3091ef99,n34->n24;n7->n41;n33->n12;n45->n24;n37->n18,0.326740,0.326740
202,28,10,5,10.000000,1000,50,0.100000,10,0.050000,1000.000000,0.001000,1,historical_only,1.000000,0.500000,69.620000,348.100000,3481,4047,331,11.900000;30.000000;194.700000;25.800000;85.700000,0.968354,8811bf5b22ad,n42->n6;n7->n50;n18->n10;n47->n46;n6->n11,0.072763,0.365103
202,28,10,5,10.000000,1000,50,0.100000,10,0.050000,1000.000000,0.001000,1,real_time_memory_aware,0.500000,0.500000,80.060000,400.300000,4003,3003,334,19.100000;52.100000;194.700000;44.500000;89.900000,0.770006,8811bf5b22ad,n42->n6;n7->n50;n18->n10;n47->n46;n6->n11,0.287860,0.287860
303,28,10,5,10.000000,1000,50,0.100000,10,0.050000,1000.000000,0.001000,1,historical_only,1.000000,0.500000,98.900000,494.500000,4945,2631,278,97.700000;96.800000;80.300000;106.500000;113.200000,0.112053,9ada2f3a47de,n42->n14;n39->n1;n37->n28;n24->n31;n36->n28,-0.103136,0.412776
303,28,10,5,10.000000,1000,50,0.100000,10,0.050000,1000.000000,0.001000,1,real_time_memory_aware,0.500000,0.500000,119.300000,596.500000,5965,1238,279,178.000000;97.100000;80.100000;127.900000;113.400000,0.280121,9ada2f3a47de,n42->n14;n39->n1;n37->n28;n24->n31;n36->n28,0.326140,0.328571
101,29,1,5,10.000000,1000,50,0.100000,10,0.050000,1000.000000,0.001000,1,historical_only,1.000000,0.500000,97.200000,486.000000,4860,46991,289,97.100000;79.700000;97.100000;17.400000;194.700000,0.585256,7e7b3091ef99,n34->n24;n7->n41;n33->n12;n45->n24;n37->n18,0.371429,0.371429
101,29,1,5,10.000000,1000,50,0.100000,10,0.050000,1000.000000,0.001000,1,real_time_memory_aware,0.500000,0.500000,97.200000,486.000000,4860,46991,289,97.100000;79.700000;97.100000;17.400000;194.700000,0.585256,7e7b3091ef99,n34->n24;n7->n41;n33->n12;n45->n24;n37->n18,0.371429,0.371429
202,29,1,5,10.000000,1000,50,0.100000,10,0.050000,1000.000000,0.001000,1,historical_only,1.000000,0.500000,86.900000,434.500000,4345,56839,341,0.900000;96.600000;194.700000;51.600000;90.700000,0.734525,8811bf5b22ad,n42->n6;n7->n50;n18->n10;n47->n46;n6->n11,0.340873,0.340873
202,29,1,5,10.000000,1000,50,0.100000,10,0.050000,1000.000000,0.001000,1,real_time_memory_aware,0.500000,0.500000,86.900000,434.500000,4345,56839,341,0.900000;96.600000;194.700000;51.600000;90.700000,0.734525,8811bf5b22ad,n42->n6;n7->n50;n18->n10;n47->n46;n6->n11,0.340873,0.340873
303,29,1,5,10.000000,1000,50,0.100000,10,0.050000,1000.000000,0.001000,1,historical_only,1.000000,0.500000,96.300000,481.500000,4815,46121,288,92.600000;97.100000;10.700000;97.100000;184.000000,0.569404,9ada2f3a47de,n42->n14;n39->n1;n37->n28;n24->n31;n36->n28,0.325238,0.335714
303,29,1,5,10.000000,1000,50,0.100000,10,0.050000,1000.000000,0.001000,1,real_time_memory_aware,0.500000,0.500000,96.300000,481.500000,4815,46121,288,92.600000;97.100000;10.700000;97.100000;184.000000,0.569404,9ada2f3a47de,n42->n14;n39->n1;n37->n28;n24->n31;n36->n28,0.325238,0.335714
101,29,2,5,10.000000,1000,50,0.100000,10,0.050000,1000.000000,0.001000,1,historical_only,1.000000,0.500000,127.580000,637.900000,6379,19071,276,90.000000;132.900000;163.000000;57.300000;194.700000,0.386218,7e7b3091ef99,n34->n24;n7->n41;n33->n12;n45->n24;n37->n18,-0.130476,0.394048
101,29,2,5,10.000000,1000,50,0.100000,10,0.050000,1000.000000,0.001000,1,real_time_memory_aware,0.500000,0.500000,122.160000,610.800000,6108,15507,277,65.000000;168.500000;68.900000;113.700000;194.700000,0.426692,7e7b3091ef99,n34->n24;n7->n41;n33->n12;n45->n24;n37->n18,0.377551,0.377551
202,29,2,5,10.000000,1000,50,0.100000,10,0.050000,1000.000000,0.001000,1,historical_only,1.000000,0.500000,81.520000,407.600000,4076,24965,342,9.000000;72.900000;194.700000;43.300000;87.700000,0.768856,8811bf5b22ad,n42->n6;n7->n50;n18->n10;n47->n46;n6->n11,-0.114187,0.345337
202,29,2,5,10.000000,1000,50,0.100000,10,0.050000,1000.000000,0.001000,1,real_time_memory_aware,0.500000,0.500000,89.420000,447.100000,4471,20593,336,25.900000;83.600000;194.700000;50.900000;92.000000,0.645202,8811bf5b22ad,n42->n6;n7->n50;n18->n10;n47->n46;n6->n11,0.402138,0.402138
303,29,2,5,10.000000,1000,50,0.100000,10,0.050000,1000.000000,0.001000,1,historical_only,1.000000,0.500000,97.780000,488.900000,4889,19809,285,96.600000;96.900000;25.900000;101.400000;168.100000,0.460260,9ada2f3a47de,n42->n14;n39->n1;n37->n28;n24->n31;n36->n28,-0.011393,0.383880
303,29,2,5,10.000000,1000,50,0.100000,10,0.050000,1000.000000,0.001000,1,real_time_memory_aware,0.500000,0.500000,110.880000,554.400000,5544,13796,279,174.700000;96.200000;24.300000;89.400000;169.800000,0.505655,9ada2f3a47de,n42->n14;n39->n1;n37->n28;n24->n31;n36->n28,0.397473,0.397473
101,29,3,5,10.000000,1000,50,0.100000,10,0.050000,1000.000000,0.001000,1,historical_only,1.000000,0.500000,120.140000,600.700000,6007,13183,284,86.500000;102.900000;133.500000;83.100000;194.700000,0.343968,7e7b3091ef99,n34->n24;n7->n41;n33->n12;n45->n24;n37->n18,-0.131066,0.357370
101,29,3,5,10.000000,1000,50,0.100000,10,0.050000,1000.000000,0.001000,1,real_time_memory_aware,0.500000,0.500000,120.640000,603.200000,6032,9511,286,62.100000;169.000000;58.800000;118.600000;194.700000,0.455206,7e7b3091ef99,n34->n24;n7->n41;n33->n12;n45->n24;n37->n18,0.372437,0.379693
202,29,3,5,10.000000,1000,50,0.100000,10,0.050000,1000.000000,0.001000,1,historical_only,1.000000,0.500000,76.540000,382.700000,3827,15638,333,12.700000;45.500000;194.700000;46.600000;83.200000,0.825099,8811bf5b22ad,n42->n6;n7->n50;n18->n10;n47->n46;n6->n11,0.041972,0.390024
202,29,3,5,10.000000,1000,50,0.100000,10,0.050000,1000.000000,0.001000,1,real_time_memory_aware,0.500000,0.500000,87.840000,439.200000,4392,13161,347,20.100000;81.500000;194.700000;50.600000;92.300000,0.672634,8811bf5b22ad,n42->n6;n7->n50;n18->n10;n47->n46;n6->n11,0.428095,0.434762
303,29,3,5,10.000000,1000,50,0.100000,10,0.050000,1000.000000,0.001000,1,historical_only,1.000000,0.500000,97.300000,486.500000,4865,12421,280,98.200000;97.000000;55.800000;97.200000;138.300000,0.268168,9ada2f3a47de,n42->n14;n39->n1;n37->n28;n24->n31;n36->n28,-0.033225,0.375433
303,29,3,5,10.000000,1000,50,0.100000,10,0.050000,1000.000000,0.001000,1,real_time_memory_aware,0.500000,0.500000,111.880000,559.400000,5594,8061,285,176.400000;95.700000;46.000000;93.400000;147.900000,0.407716,9ada2f3a47de,n42->n14;n39->n1;n37->n28;n24->n31;n36->n28,0.404179,0.408066
101,29,4,5,10.000000,1000,50,0.100000,10,0.050000,1000.000000,0.001000,1,historical_only,1.000000,0.500000,126.040000,630.200000,6302,8731,288,85.500000;108.300000;160.400000;81.300000;194.700000,0.352231,7e7b3091ef99,n34->n24;n7->n41;n33->n12;n45->n24;n37->n18,-0.140590,0.402494
101,29,4,5,10.000000,1000,50,0.100000,10,0.050000,1000.000000,0.001000,1,real_time_memory_aware,0.500000,0.500000,120.600000,603.000000,6030,6723,281,58.200000;170.400000;59.700000;120.000000;194.700000,0.462769,7e7b3091ef99,n34->n24;n7->n41;n33->n12;n45->n24;n37->n18,0.357937,0.357937
202,29,4,5,10.000000,1000,50,0.100000,10,0.050000,1000.000000,0.001000,1,historical_only,1.000000,0.500000,74.440000,372.200000,3722,11621,344,11.500000;51.400000;194.700000;37.500000;77.100000,0.856523,8811bf5b22ad,n42->n6;n7->n50;n18->n10;n47->n46;n6->n11,0.060559,0.393064
202,29,4,5,10.000000,1000,50,0.100000,10,0.050000,1000.000000,0.001000,1,real_time_memory_aware,0.500000,0.500000,88.240000,441.200000,4412,9506,344,20.800000;74.100000;194.700000;60.100000;91.500000,0.658554,8811bf5b22ad,n42->n6;n7->n50;n18->n10;n47->n46;n6->n11,0.356769,0.358824
303,29,4,5,10.000000,1000,50,0.100000,10,0.050000,1000.000000,0.001000,1,historical_only,1.000000,0.500000,96.660000,483.300000,4833,9008,278,96.900000;96.900000;58.400000;95.700000;135.400000,0.251958,9ada2f3a47de,n42->n14;n39->n1;n37->n28;n24->n31;n36->n28,-0.026455,0.397249
303,29,4,5,10.000000,1000,50,0.100000,10,0.050000,1000.000000,0.001000,1,real_time_memory_aware,0.500000,0.500000,113.200000,566.000000,5660,5347,281,174.800000;96.300000;58.100000;100.800000;136.000000,0.348683,9ada2f3a47de,n42->n14;n39->n1;n37->n28;n24->n31;n36->n28,0.386857,0.386857
101,29,5,5,10.000000,1000,50,0.100000,10,0.050000,1000.000000,0.001000,1,historical_only,1.000000,0.500000,114.020000,570.100000,5701,7805,276,83.800000;99.200000;107.500000;84.900000;194.700000,0.362306,7e7b3091ef99,n34->n24;n7->n41;n33->n12;n45->n24;n37->n18,-0.149660,0.415873
101,29,5,5,10.000000,1000,50,0.100000,10,0.050000,1000.000000,0.001000,1,real_time_memory_aware,0.500000,0.500000,121.220000,606.100000,6061,5171,290,60.100000;173.000000;56.600000;121.700000;194.700000,0.466545,7e7b3091ef99,n34->n24;n7->n41;n33->n12;n45->n24;n37->n18,0.373492,0.376825
202,29,5,5,10.000000,1000,50,0.100000,10,0.050000,1000.000000,0.001000,1,historical_only,1.000000,0.500000,72.040000,360.200000,3602,9250,343,11.500000;42.400000;194.700000;38.500000;73.100000,0.893481,8811bf5b22ad,n42->n6;n7->n50;n18->n10;n47->n46;n6->n11,0.029584,0.386933
202,29,5,5,10.000000,1000,50,0.100000,10,0.050000,1000.000000,0.001000,1,real_time_memory_aware,0.500000,0.500000,85.680000,428.400000,4284,7447,338,20.800000;68.800000;194.700000;51.800000;92.300000,0.691892,8811bf5b22ad,n42->n6;n7->n50;n18->n10;n47->n46;n6->n11,0.339316,0.339316
303,29,5,5,10.000000,1000,50,0.100000,10,0.050000,1000.000000,0.001000,1,historical_only,1.000000,0.500000,96.600000,483.000000,4830,7033,286,96.800000;97.000000;58.000000;95.600000;135.600000,0.254084,9ada2f3a47de,n42->n14;n39->n1;n37->n28;n24->n31;n36->n28,-0.059683,0.418624
303,29,5,5,10.000000,1000,50,0.100000,10,0.050000,1000.000000,0.001000,1,real_time_memory_aware,0.500000,0.500000,116.380000,581.900000,5819,3664,286,175.000000;96.600000;67.200000;116.600000;126.500000,0.306181,9ada2f3a47de,n42->n14;n39->n1;n37->n28;n24->n31;n36->n28,0.344704,0.355394
101,29,6,5,10.000000,1000,50,0.100000,10,0.050000,1000.000000,0.001000,1,historical_only,1.000000,0.500000,121.860000,609.300000,6093,5823,284,85.000000;98.000000;146.500000;85.100000;194.700000,0.351852,7e7b3091ef99,n34->n24;n7->n41;n33->n12;n45->n24;n37->n18,-0.205215,0.408844
101,29,6,5,10.000000,1000,50,0.100000,10,0.050000,1000.000000,0.001000,1,real_time_memory_aware,0.500000,0.500000,121.220000,606.100000,6061,4162,286,56.600000;176.300000;53.600000;124.900000;194.700000,0.483771,7e7b3091ef99,n34->n24;n7->n41;n33->n12;n45->n24;n37->n18,0.348333,0.348333
202,29,6,5,10.000000,1000,50,0.100000,10,0.050000,1000.000000,0.001000,1,historical_only,1.000000,0.500000,71.200000,356.000000,3560,7633,345,11.300000;40.500000;194.700000;36.100000;73.400000,0.910641,8811bf5b22ad,n42->n6;n7->n50;n18->n10;n47->n46;n6->n11,0.116296,0.352487
202,29,6,5,10.000000,1000,50,0.100000,10,0.050000,1000.000000,0.001000,1,real_time_memory_aware,0.500000,0.500000,86.180000,430.900000,4309,5860,333,24.000000;64.900000;194.700000;54.800000;92.500000,0.678994,8811bf5b22ad,n42->n6;n7->n50;n18->n10;n47->n46;n6->n11,0.351661,0.353757
303,29,6,5,10.000000,1000,50,0.100000,10,0.050000,1000.000000,0.001000,1,historical_only,1.000000,0.500000,96.420000,482.100000,4821,5681,283,95.400000;96.700000;66.700000;96.600000;126.700000,0.196853,9ada2f3a47de,n42->n14;n39->n1;n37->n28;n24->n31;n36->n28,-0.032426,0.467800
303,29,6,5,10.000000,1000,50,0.100000,10,0.050000,1000.000000,0.001000,1,real_time_memory_aware,0.500000,0.500000,114.500000,572.500000,5725,2788,289,176.800000;96.600000;69.700000;105.700000;123.700000,0.311751,9ada2f3a47de,n42->n14;n39->n1;n37->n28;n24->n31;n36->n28,0.290476,0.295048
101,29,7,5,10.000000,1000,50,0.100000,10,0.050000,1000.000000,0.001000,1,historical_only,1.000000,0.500000,125.480000,627.400000,6274,4449,288,84.600000;99.100000;161.500000;87.500000;194.700000,0.354587,7e7b3091ef99,n34->n24;n7->n41;n33->n12;n45->n24;n37->n18,-0.225397,0.426757
101,29,7,5,10.000000,1000,50,0.100000,10,0.050000,1000.000000,0.001000,1,real_time_memory_aware,0.500000,0.500000,120.200000,601.000000,6010,3500,287,57.000000;172.200000;53.400000;123.700000;194.700000,0.481135,7e7b3091ef99,n34->n24;n7->n41;n33->n12;n45->n24;n37->n18,0.406786,0.406786
202,29,7,5,10.000000,1000,50,0.100000,10,0.050000,1000.000000,0.001000,1,historical_only,1.000000,0.500000,72.740000,363.700000,3637,6406,345,11.900000;37.700000;194.700000;34.500000;84.900000,0.899679,8811bf5b22ad,n42->n6;n7->n50;n18->n10;n47->n46;n6->n11,-0.066996,0.353164
202,29,7,5,10.000000,1000,50,0.100000,10,0.050000,1000.000000,0.001000,1,real_time_memory_aware,0.500000,0.500000,85.380000,426.900000,4269,4891,344,23.500000;63.100000;194.700000;52.400000;93.200000,0.691430,8811bf5b22ad,n42->n6;n7->n50;n18->n10;n47->n46;n6->n11,0.373664,0.373664
303,29,7,5,10.000000,1000,50,0.100000,10,0.050000,1000.000000,0.001000,1,historical_only,1.000000,0.500000,97.380000,486.900000,4869,4762,285,97.400000;96.600000;73.400000;99.500000;120.000000,0.151746,9ada2f3a47de,n42->n14;n39->n1;n37->n28;n24->n31;n36->n28,-0.045130,0.399242
303,29,7,5,10.000000,1000,50,0.100000,10,0.050000,1000.000000,0.001000,1,real_time_memory_aware,0.500000,0.500000,116.400000,582.000000,5820,2214,290,177.200000;96.600000;71.500000;114.700000;122.000000,0.301029,9ada2f3a47de,n42->n14;n39->n1;n37->n28;n24->n31;n36->n28,0.258795,0.269096
101,29,8,5,10.000000,1000,50,0.100000,10,0.050000,1000.000000,0.001000,1,historical_only,1.000000,0.500000,125.360000,626.800000,6268,3821,287,84.100000;97.300000;162.400000;88.300000;194.700000,0.357513,7e7b3091ef99,n34->n24;n7->n41;n33->n12;n45->n24;n37->n18,-0.237377,0.457122
101,29,8,5,10.000000,1000,50,0.100000,10,0.050000,1000.000000,0.001000,1,real_time_memory_aware,0.500000,0.500000,120.160000,600.800000,6008,2999,284,60.000000;172.100000;51.400000;122.600000;194.700000,0.479625,7e7b3091ef99,n34->n24;n7->n41;n33->n12;n45->n24;n37->n18,0.334732,0.334732
202,29,8,5,10.000000,1000,50,0.100000,10,0.050000,1000.000000,0.001000,1,historical_only,1.000000,0.500000,68.400000,342.000000,3420,5633,348,11.800000;29.300000;194.700000;35.700000;70.500000,0.964420,8811bf5b22ad,n42->n6;n7->n50;n18->n10;n47->n46;n6->n11,0.070186,0.369979
202,29,8,5,10.000000,1000,50,0.100000,10,0.050000,1000.000000,0.001000,1,real_time_memory_aware,0.500000,0.500000,81.700000,408.500000,4085,4239,341,20.000000;56.400000;194.700000;48.300000;89.100000,0.742233,8811bf5b22ad,n42->n6;n7->n50;n18->n10;n47->n46;n6->n11,0.309422,0.313880
303,29,8,5,10.000000,1000,50,0.100000,10,0.050000,1000.000000,0.001000,1,historical_only,1.000000,0.500000,97.160000,485.800000,4858,3894,290,95.900000;96.600000;74.300000;100.000000;119.000000,0.146247,9ada2f3a47de,n42->n14;n39->n1;n37->n28;n24->n31;n36->n28,-0.106190,0.422381
303,29,8,5,10.000000,1000,50,0.100000,10,0.050000,1000.000000,0.001000,1,real_time_memory_aware,0.500000,0.500000,114.680000,573.400000,5734,1779,287,178.300000;96.600000;71.100000;105.200000;122.200000,0.312461,9ada2f3a47de,n42->n14;n39->n1;n37->n28;n24->n31;n36->n28,0.275905,0.281619
101,29,9,5,10.000000,1000,50,0.100000,10,0.050000,1000.000000,0.001000,1,historical_only,1.000000,0.500000,115.340000,576.700000,5767,3821,287,86.100000;103.000000;107.500000;85.400000;194.700000,0.352458,7e7b3091ef99,n34->n24;n7->n41;n33->n12;n45->n24;n37->n18,-0.233083,0.547619
101,29,9,5,10.000000,1000,50,0.100000,10,0.050000,1000.000000,0.001000,1,real_time_memory_aware,0.500000,0.500000,117.120000,585.600000,5856,2613,287,60.800000;167.900000;41.500000;120.700000;194.700000,0.505136,7e7b3091ef99,n34->n24;n7->n41;n33->n12;n45->n24;n37->n18,0.335653,0.341026
202,29,9,5,10.000000,1000,50,0.100000,10,0.050000,1000.000000,0.001000,1,historical_only,1.000000,0.500000,66.380000,331.900000,3319,5020,344,11.200000;31.000000;194.700000;31.700000;63.300000,0.998712,8811bf5b22ad,n42->n6;n7->n50;n18->n10;n47->n46;n6->n11,0.037354,0.300847
202,29,9,5,10.000000,1000,50,0.100000,10,0.050000,1000.000000,0.001000,1,real_time_memory_aware,0.500000,0.500000,79.000000,395.000000,3950,3692,340,18.900000;49.800000;194.700000;40.200000;91.400000,0.790716,8811bf5b22ad,n42->n6;n7->n50;n18->n10;n47->n46;n6->n11,0.352180,0.352180
303,29,9,5,10.000000,1000,50,0.100000,10,0.050000,1000.000000,0.001000,1,historical_only,1.000000,0.500000,96.920000,484.600000,4846,3369,284,96.600000;96.600000;82.400000;97.900000;111.100000,0.093780,9ada2f3a47de,n42->n14;n39->n1;n37->n28;n24->n31;n36->n28,-0.100567,0.392630
303,29,9,5,10.000000,1000,50,0.100000,10,0.050000,1000.000000,0.001000,1,real_time_memory_aware,0.500000,0.500000,116.500000,582.500000,5825,1502,289,177.400000;97.000000;76.100000;114.700000;117.300000,0.290456,9ada2f3a47de,n42->n14;n39->n1;n37->n28;n24->n31;n36->n28,0.271914,0.274247
101,29,10,5,10.000000,1000,50,0.100000,10,0.050000,1000.000000,0.001000,1,historical_only,1.000000,0.500000,116.180000,580.900000,5809,3241,288,85.600000;98.800000;117.200000;84.600000;194.700000,0.352815,7e7b3091ef99,n34->n24;n7->n41;n33->n12;n45->n24;n37->n18,-0.215099,0.429268
101,29,10,5,10.000000,1000,50,0.100000,10,0.050000,1000.000000,0.001000,1,real_time_memory_aware,0.500000,0.500000,117.400000,587.000000,5870,2257,285,57.400000;168.700000;43.100000;123.100000;194.700000,0.507654,7e7b3091ef99,n34->n24;n7->n41;n33->n12;n45->n24;n37->n18,0.381066,0.383787
202,29,10,5,10.000000,1000,50,0.100000,10,0.050000,1000.000000,0.001000,1,historical_only,1.000000,0.500000,68.140000,340.700000,3407,4442,344,10.600000;31.400000;194.700000;36.900000;67.100000,0.965814,8811bf5b22ad,n42->n6;n7->n50;n18->n10;n47->n46;n6->n11,0.036893,0.364015
202,29,10,5,10.000000,1000,50,0.100000,10,0.050000,1000.000000,0.001000,1,real_time_memory_aware,0.500000,0.500000,80.360000,401.800000,4018,3117,340,16.800000;51.300000;194.700000;50.200000;88.800000,0.765864,8811bf5b22ad,n42->n6;n7->n50;n18->n10;n47->n46;n6->n11,0.287474,0.290166
303,29,10,5,10.000000,1000,50,0.100000,10,0.050000,1000.000000,0.001000,1,historical_only,1.000000,0.500000,96.660000,483.300000,4833,2870,289,96.500000;96.600000;77.200000;96.700000;116.300000,0.127921,9ada2f3a47de,n42->n14;n39->n1;n37->n28;n24->n31;n36->n28,-0.102948,0.394331
303,29,10,5,10.000000,1000,50,0.100000,10,0.050000,1000.000000,0.001000,1,real_time_memory_aware,0.500000,0.500000,116.960000,584.800000,5848,1240,288,177.100000;97.100000;79.300000;117.100000;114.200000,0.281944,9ada2f3a47de,n42->n14;n39->n1;n37->n28;n24->n31;n36->n28,0.216190,0.219153
101,30,1,5,10.000000,1000,50,0.100000,10,0.050000,1000.000000,0.001000,1,historical_only,1.000000,0.500000,97.200000,486.000000,4860,48873,295,97.100000;87.400000;97.100000;9.700000;194.700000,0.604437,7e7b3091ef99,n34->n24;n7->n41;n33->n12;n45->n24;n37->n18,0.304286,0.304286
101,30,1,5,10.000000,1000,50,0.100000,10,0.050000,1000.000000,0.001000,1,real_time_memory_aware,0.500000,0.500000,97.200000,486.000000,4860,48873,295,97.100000;87.400000;97.100000;9.700000;194.700000,0.604437,7e7b3091ef99,n34->n24;n7->n41;n33->n12;n45->n24;n37->n18,0.304286,0.304286
202,30,1,5,10.000000,1000,50,0.100000,10,0.050000,1000.000000,0.001000,1,historical_only,1.000000,0.500000,82.220000,411.100000,4111,59433,347,0.900000;96.500000;194.700000;29.000000;90.000000,0.813370,8811bf5b22ad,n42->n6;n7->n50;n18->n10;n47->n46;n6->n11,0.350397,0.350397
202,30,1,5,10.000000,1000,50,0.100000,10,0.050000,1000.000000,0.001000,1,real_time_memory_aware,0.500000,0.500000,82.220000,411.100000,4111,59433,347,0.900000;96.500000;194.700000;29.000000;90.000000,0.813370,8811bf5b22ad,n42->n6;n7->n50;n18->n10;n47->n46;n6->n11,0.350397,0.350397
303,30,1,5,10.000000,1000,50,0.100000,10,0.050000,1000.000000,0.001000,1,historical_only,1.000000,0.500000,96.180000,480.900000,4809,48088,290,92.000000;97.100000;12.500000;97.100000;182.200000,0.558376,9ada2f3a47de,n42->n14;n39->n1;n37->n28;n24->n31;n36->n28,0.363333,0.363333
303,30,1,5,10.000000,1000,50,0.100000,10,0.050000,1000.000000,0.001000,1,real_time_memory_aware,0.500000,0.500000,96.180000,480.900000,4809,48088,290,92.000000;97.100000;12.500000;97.100000;182.200000,0.558376,9ada2f3a47de,n42->n14;n39->n1;n37->n28;n24->n31;n36->n28,0.363333,0.363333
101,30,2,5,10.000000,1000,50,0.100000,10,0.050000,1000.000000,0.001000,1,historical_only,1.000000,0.500000,117.660000,588.300000,5883,21436,294,89.400000;116.300000;125.800000;62.100000;194.700000,0.377971,7e7b3091ef99,n34->n24;n7->n41;n33->n12;n45->n24;n37->n18,-0.190977,0.429073
101,30,2,5,10.000000,1000,50,0.100000,10,0.050000,1000.000000,0.001000,1,real_time_memory_aware,0.500000,0.500000,120.620000,603.100000,6031,16558,282,62.500000;167.500000;62.000000;116.400000;194.700000,0.446728,7e7b3091ef99,n34->n24;n7->n41;n33->n12;n45->n24;n37->n18,0.377438,0.377438
202,30,2,5,10.000000,1000,50,0.100000,10,0.050000,1000.000000,0.001000,1,historical_only,1.000000,0.500000,85.980000,429.900000,4299,26406,347,8.700000;81.500000;194.700000;57.900000;87.100000,0.709411,8811bf5b22ad,n42->n6;n7->n50;n18->n10;n47->n46;n6->n11,-0.110469,0.356265
202,30,2,5,10.000000,1000,50,0.100000,10,0.050000,1000.000000,0.001000,1,real_time_memory_aware,0.500000,0.500000,88.240000,441.200000,4412,21697,356,21.900000;84.300000;194.700000;47.800000;92.500000,0.668608,8811bf5b22ad,n42->n6;n7->n50;n18->n10;n47->n46;n6->n11,0.450437,0.450437
303,30,2,5,10.000000,1000,50,0.100000,10,0.050000,1000.000000,0.001000,1,historical_only,1.000000,0.500000,97.900000,489.500000,4895,20315,293,105.800000;96.800000;21.100000;92.500000;173.300000,0.493609,9ada2f3a47de,n42->n14;n39->n1;n37->n28;n24->n31;n36->n28,-0.038634,0.336205
303,30,2,5,10.000000,1000,50,0.100000,10,0.050000,1000.000000,0.001000,1,real_time_memory_aware,0.500000,0.500000,108.980000,544.900000,5449,14766,296,173.700000;95.500000;37.800000;81.800000;156.100000,0.456888,9ada2f3a47de,n42->n14;n39->n1;n37->n28;n24->n31;n36->n28,0.455089,0.455089
101,30,3,5,10.000000,1000,50,0.100000,10,0.050000,1000.000000,0.001000,1,historical_only,1.000000,0.500000,126.880000,634.400000,6344,12743,290,85.700000;102.300000;169.300000;82.400000;194.700000,0.364213,7e7b3091ef99,n34->n24;n7->n41;n33->n12;n45->n24;n37->n18,-0.038095,0.349887
101,30,3,5,10.000000,1000,50,0.100000,10,0.050000,1000.000000,0.001000,1,real_time_memory_aware,0.500000,0.500000,119.300000,596.500000,5965,10073,300,60.700000;167.400000;54.700000;119.000000;194.700000,0.468296,7e7b3091ef99,n34->n24;n7->n41;n33->n12;n45->n24;n37->n18,0.358095,0.358095
202,30,3,5,10.000000,1000,50,0.100000,10,0.050000,1000.000000,0.001000,1,historical_only,1.000000,0.500000,82.580000,412.900000,4129,17422,351,11.500000;75.100000;194.700000;46.400000;85.200000,0.746381,8811bf5b22ad,n42->n6;n7->n50;n18->n10;n47->n46;n6->n11,-0.099675,0.384091
202,30,3,5,10.000000,1000,50,0.100000,10,0.050000,1000.000000,0.001000,1,real_time_memory_aware,0.500000,0.500000,88.500000,442.500000,4425,13755,355,21.600000;80.400000;194.700000;52.200000;93.600000,0.662023,8811bf5b22ad,n42->n6;n7->n50;n18->n10;n47->n46;n6->n11,0.392762,0.397333
303,30,3,5,10.000000,1000,50,0.100000,10,0.050000,1000.000000,0.001000,1,historical_only,1.000000,0.500000,96.400000,482.000000,4820,13272,288,94.200000;97.100000;52.700000;97.000000;141.000000,0.289883,9ada2f3a47de,n42->n14;n39->n1;n37->n28;n24->n31;n36->n28,0.006588,0.440787
303,30,3,5,10.000000,1000,50,0.100000,10,0.050000,1000.000000,0.001000,1,real_time_memory_aware,0.500000,0.500000,109.300000,546.500000,5465,8673,298,176.800000;96.200000;47.200000;79.300000;147.000000,0.427286,9ada2f3a47de,n42->n14;n39->n1;n37->n28;n24->n31;n36->n28,0.409942,0.416291
101,30,4,5,10.000000,1000,50,0.100000,10,0.050000,1000.000000,0.001000,1,historical_only,1.000000,0.500000,117.160000,585.800000,5858,10259,298,85.900000;101.200000;123.400000;80.600000;194.700000,0.354395,7e7b3091ef99,n34->n24;n7->n41;n33->n12;n45->n24;n37->n18,-0.207437,0.431857
101,30,4,5,10.000000,1000,50,0.100000,10,0.050000,1000.000000,0.001000,1,real_time_memory_aware,0.500000,0.500000,120.620000,603.100000,6031,7180,296,57.900000;167.900000;59.600000;123.000000;194.700000,0.459897,7e7b3091ef99,n34->n24;n7->n41;n33->n12;n45->n24;n37->n18,0.345578,0.350794
202,30,4,5,10.000000,1000,50,0.100000,10,0.050000,1000.000000,0.001000,1,historical_only,1.000000,0.500000,73.860000,369.300000,3693,12053,356,10.200000;42.900000;194.700000;43.200000;78.300000,0.868473,8811bf5b22ad,n42->n6;n7->n50;n18->n10;n47->n46;n6->n11,0.077305,0.381256
202,30,4,5,10.000000,1000,50,0.100000,10,0.050000,1000.000000,0.001000,1,real_time_memory_aware,0.500000,0.500000,85.800000,429.000000,4290,10019,357,22.100000;70.000000;194.700000;50.200000;92.000000,0.688975,8811bf5b22ad,n42->n6;n7->n50;n18->n10;n47->n46;n6->n11,0.372095,0.374190
303,30,4,5,10.000000,1000,50,0.100000,10,0.050000,1000.000000,0.001000,1,historical_only,1.000000,0.500000,96.640000,483.200000,4832,9496,286,94.700000;96.700000;56.600000;98.200000;137.000000,0.263341,9ada2f3a47de,n42->n14;n39->n1;n37->n28;n24->n31;n36->n28,-0.015306,0.391043
303,30,4,5,10.000000,1000,50,0.100000,10,0.050000,1000.000000,0.001000,1,real_time_memory_aware,0.500000,0.500000,114.040000,570.200000,5702,5833,291,178.200000;96.100000;50.200000;102.300000;143.400000,0.382502,9ada2f3a47de,n42->n14;n39->n1;n37->n28;n24->n31;n36->n28,0.365015,0.365015
101,30,5,5,10.000000,1000,50,0.100000,10,0.050000,1000.000000,0.001000,1,historical_only,1.000000,0.500000,122.260000,611.300000,6113,7467,296,87.300000;102.100000;144.300000;82.900000;194.700000,0.345301,7e7b3091ef99,n34->n24;n7->n41;n33->n12;n45->n24;n37->n18,-0.209084,0.435037
101,30,5,5,10.000000,1000,50,0.100000,10,0.050000,1000.000000,0.001000,1,real_time_memory_aware,0.500000,0.500000,121.720000,608.600000,6086,5419,290,55.400000;175.400000;56.000000;127.100000;194.700000,0.478398,7e7b3091ef99,n34->n24;n7->n41;n33->n12;n45->n24;n37->n18,0.343311,0.343311
202,30,5,5,10.000000,1000,50,0.100000,10,0.050000,1000.000000,0.001000,1,historical_only,1.000000,0.500000,72.580000,362.900000,3629,9534,353,11.500000;40.200000;194.700000;37.700000;78.800000,0.891800,8811bf5b22ad,n42->n6;n7->n50;n18->n10;n47->n46;n6->n11,0.029206,0.360212
202,30,5,5,10.000000,1000,50,0.100000,10,0.050000,1000.000000,0.001000,1,real_time_memory_aware,0.500000,0.500000,86.660000,433.300000,4333,7720,341,15.200000;73.600000;194.700000;57.200000;92.600000,0.689526,8811bf5b22ad,n42->n6;n7->n50;n18->n10;n47->n46;n6->n11,0.338256,0.348601
303,30,5,5,10.000000,1000,50,0.100000,10,0.050000,1000.000000,0.001000,1,historical_only,1.000000,0.500000,96.600000,483.000000,4830,7479,294,94.300000;97.100000;58.600000;97.900000;135.100000,0.250743,9ada2f3a47de,n42->n14;n39->n1;n37->n28;n24->n31;n36->n28,-0.062018,0.430726
303,30,5,5,10.000000,1000,50,0.100000,10,0.050000,1000.000000,0.001000,1,real_time_memory_aware,0.500000,0.500000,113.080000,565.400000,5654,4171,294,176.200000;96.500000;55.100000;99.000000;138.600000,0.363979,9ada2f3a47de,n42->n14;n39->n1;n37->n28;n24->n31;n36->n28,0.338970,0.356268
101,30,6,5,10.000000,1000,50,0.100000,10,0.050000,1000.000000,0.001000,1,historical_only,1.000000,0.500000,126.320000,631.600000,6316,5639,295,84.600000;99.100000;170.300000;82.900000;194.700000,0.370921,7e7b3091ef99,n34->n24;n7->n41;n33->n12;n45->n24;n37->n18,-0.007330,0.357670
101,30,6,5,10.000000,1000,50,0.100000,10,0.050000,1000.000000,0.001000,1,real_time_memory_aware,0.500000,0.500000,119.040000,595.200000,5952,4514,294,59.900000;172.700000;47.100000;120.800000;194.700000,0.493846,7e7b3091ef99,n34->n24;n7->n41;n33->n12;n45->n24;n37->n18,0.342262,0.342262
202,30,6,5,10.000000,1000,50,0.100000,10,0.050000,1000.000000,0.001000,1,historical_only,1.000000,0.500000,69.420000,347.100000,3471,7924,351,7.000000;38.500000;194.700000;31.600000;75.300000,0.955792,8811bf5b22ad,n42->n6;n7->n50;n18->n10;n47->n46;n6->n11,0.040212,0.375873
202,30,6,5,10.000000,1000,50,0.100000,10,0.050000,1000.000000,0.001000,1,real_time_memory_aware,0.500000,0.500000,82.960000,414.800000,4148,6309,358,19.100000;58.300000;194.700000;50.300000;92.400000,0.729797,8811bf5b22ad,n42->n6;n7->n50;n18->n10;n47->n46;n6->n11,0.354825,0.360988
303,30,6,5,10.000000,1000,50,0.100000,10,0.050000,1000.000000,0.001000,1,historical_only,1.000000,0.500000,97.020000,485.100000,4851,5818,286,96.500000;96.600000;65.200000;98.400000;128.400000,0.206121,9ada2f3a47de,n42->n14;n39->n1;n37->n28;n24->n31;n36->n28,-0.014583,0.420139
303,30,6,5,10.000000,1000,50,0.100000,10,0.050000,1000.000000,0.001000,1,real_time_memory_aware,0.500000,0.500000,114.220000,571.100000,5711,3027,299,176.700000;96.600000;64.100000;104.200000;129.500000,0.328987,9ada2f3a47de,n42->n14;n39->n1;n37->n28;n24->n31;n36->n28,0.353689,0.353689
101,30,7,5,10.000000,1000,50,0.100000,10,0.050000,1000.000000,0.001000,1,historical_only,1.000000,0.500000,114.000000,570.000000,5700,5671,298,85.800000;101.400000;106.100000;82.000000;194.700000,0.362800,7e7b3091ef99,n34->n24;n7->n41;n33->n12;n45->n24;n37->n18,-0.201337,0.505597
101,30,7,5,10.000000,1000,50,0.100000,10,0.050000,1000.000000,0.001000,1,real_time_memory_aware,0.500000,0.500000,120.000000,600.000000,6000,3682,292,55.800000;172.500000;52.000000;125.000000;194.700000,0.487439,7e7b3091ef99,n34->n24;n7->n41;n33->n12;n45->n24;n37->n18,0.349421,0.349421
202,30,7,5,10.000000,1000,50,0.100000,10,0.050000,1000.000000,0.001000,1,historical_only,1.000000,0.500000,69.680000,348.400000,3484,6717,345,11.100000;30.100000;194.700000;33.500000;79.000000,0.952479,8811bf5b22ad,n42->n6;n7->n50;n18->n10;n47->n46;n6->n11,0.037681,0.351346
202,30,7,5,10.000000,1000,50,0.100000,10,0.050000,1000.000000,0.001000,1,real_time_memory_aware,0.500000,0.500000,83.180000,415.900000,4159,5371,355,12.700000;62.400000;194.700000;54.800000;91.300000,0.735363,8811bf5b22ad,n42->n6;n7->n50;n18->n10;n47->n46;n6->n11,0.344407,0.355074
303,30,7,5,10.000000,1000,50,0.100000,10,0.050000,1000.000000,0.001000,1,historical_only,1.000000,0.500000,96.420000,482.100000,4821,4843,296,94.600000;96.800000;69.400000;97.200000;124.100000,0.179656,9ada2f3a47de,n42->n14;n39->n1;n37->n28;n24->n31;n36->n28,-0.060046,0.431940
303,30,7,5,10.000000,1000,50,0.100000,10,0.050000,1000.000000,0.001000,1,real_time_memory_aware,0.500000,0.500000,115.560000,577.800000,5778,2453,292,178.700000;96.800000;72.100000;108.900000;121.300000,0.307283,9ada2f3a47de,n42->n14;n39->n1;n37->n28;n24->n31;n36->n28,0.309751,0.309751
101,30,8,5,10.000000,1000,50,0.100000,10,0.050000,1000.000000,0.001000,1,historical_only,1.000000,0.500000,117.860000,589.300000,5893,4675,298,85.500000;98.600000;125.300000;85.200000;194.700000,0.348687,7e7b3091ef99,n34->n24;n7->n41;n33->n12;n45->n24;n37->n18,-0.196742,0.468922
101,30,8,5,10.000000,1000,50,0.100000,10,0.050000,1000.000000,0.001000,1,real_time_memory_aware,0.500000,0.500000,118.320000,591.600000,5916,3210,294,59.300000;169.700000;45.600000;122.300000;194.700000,0.496584,7e7b3091ef99,n34->n24;n7->n41;n33->n12;n45->n24;n37->n18,0.349660,0.354649
202,30,8,5,10.000000,1000,50,0.100000,10,0.050000,1000.000000,0.001000,1,historical_only,1.000000,0.500000,78.140000,390.700000,3907,6012,359,11.600000;68.400000;194.700000;39.200000;76.800000,0.801800,8811bf5b22ad,n42->n6;n7->n50;n18->n10;n47->n46;n6->n11,-0.183328,0.375476
202,30,8,5,10.000000,1000,50,0.100000,10,0.050000,1000.000000,0.001000,1,real_time_memory_aware,0.500000,0.500000,80.300000,401.500000,4015,4534,360,21.400000;50.600000;194.700000;43.700000;91.100000,0.765546,8811bf5b22ad,n42->n6;n7->n50;n18->n10;n47->n46;n6->n11,0.313905,0.320000
303,30,8,5,10.000000,1000,50,0.100000,10,0.050000,1000.000000,0.001000,1,historical_only,1.000000,0.500000,96.680000,483.400000,4834,4135,299,95.500000;96.800000;70.200000;97.500000;123.400000,0.174140,9ada2f3a47de,n42->n14;n39->n1;n37->n28;n24->n31;n36->n28,-0.078005,0.368027
303,30,8,5,10.000000,1000,50,0.100000,10,0.050000,1000.000000,0.001000,1,real_time_memory_aware,0.500000,0.500000,114.260000,571.300000,5713,1984,298,177.200000;96.800000;69.200000;103.700000;124.400000,0.315824,9ada2f3a47de,n42->n14;n39->n1;n37->n28;n24->n31;n36->n28,0.342663,0.361127
101,30,9,5,10.000000,1000,50,0.100000,10,0.050000,1000.000000,0.001000,1,historical_only,1.000000,0.500000,126.700000,633.500000,6335,3450,299,86.600000;99.400000;167.800000;85.000000;194.700000,0.360054,7e7b3091ef99,n34->n24;n7->n41;n33->n12;n45->n24;n37->n18,-0.004989,0.364853
101,30,9,5,10.000000,1000,50,0.100000,10,0.050000,1000.000000,0.001000,1,real_time_memory_aware,0.500000,0.500000,117.780000,588.900000,5889,2788,298,57.200000;168.400000;44.300000;124.300000;194.700000,0.503601,7e7b3091ef99,n34->n24;n7->n41;n33->n12;n45->n24;n37->n18,0.374943,0.374943
202,30,9,5,10.000000,1000,50,0.100000,10,0.050000,1000.000000,0.001000,1,historical_only,1.000000,0.500000,70.620000,353.100000,3531,5111,350,10.400000;30.800000;194.700000;33.000000;84.200000,0.943709,8811bf5b22ad,n42->n6;n7->n50;n18->n10;n47->n46;n6->n11,-0.026285,0.388622
202,30,9,5,10.000000,1000,50,0.100000,10,0.050000,1000.000000,0.001000,1,real_time_memory_aware,0.500000,0.500000,82.200000,411.000000,4110,3873,356,17.100000;63.600000;194.700000;45.600000;90.000000,0.742803,8811bf5b22ad,n42->n6;n7->n50;n18->n10;n47->n46;n6->n11,0.326190,0.326190
303,30,9,5,10.000000,1000,50,0.100000,10,0.050000,1000.000000,0.001000,1,historical_only,1.000000,0.500000,96.380000,481.900000,4819,3585,291,95.900000;96.800000;73.200000;95.700000;120.300000,0.154617,9ada2f3a47de,n42->n14;n39->n1;n37->n28;n24->n31;n36->n28,-0.113589,0.452497
303,30,9,5,10.000000,1000,50,0.100000,10,0.050000,1000.000000,0.001000,1,real_time_memory_aware,0.500000,0.500000,115.640000,578.200000,5782,1650,300,177.400000;96.900000;73.300000;110.300000;120.300000,0.299769,9ada2f3a47de,n42->n14;n39->n1;n37->n28;n24->n31;n36->n28,0.309276,0.309276
101,30,10,5,10.000000,1000,50,0.100000,10,0.050000,1000.000000,0.001000,1,historical_only,1.000000,0.500000,116.680000,583.400000,5834,3510,298,87.300000;98.400000;120.900000;82.100000;194.700000,0.353328,7e7b3091ef99,n34->n24;n7->n41;n33->n12;n45->n24;n37->n18,-0.217143,0.433333
101,30,10,5,10.000000,1000,50,0.100000,10,0.050000,1000.000000,0.001000,1,real_time_memory_aware,0.500000,0.500000,118.320000,591.600000,5916,2341,298,59.000000;169.200000;46.300000;122.400000;194.700000,0.494910,7e7b3091ef99,n34->n24;n7->n41;n33->n12;n45->n24;n37->n18,0.340056,0.340056
202,30,10,5,10.000000,1000,50,0.100000,10,0.050000,1000.000000,0.001000,1,historical_only,1.000000,0.500000,65.780000,328.900000,3289,4709,353,9.100000;31.400000;194.700000;27.200000;66.500000,1.019882,8811bf5b22ad,n42->n6;n7->n50;n18->n10;n47->n46;n6->n11,-0.050572,0.380962
202,30,10,5,10.000000,1000,50,0.100000,10,0.050000,1000.000000,0.001000,1,real_time_memory_aware,0.500000,0.500000,78.280000,391.400000,3914,3434,357,16.400000;54.600000;194.700000;39.300000;86.400000,0.798367,8811bf5b22ad,n42->n6;n7->n50;n18->n10;n47->n46;n6->n11,0.300000,0.302138
303,30,10,5,10.000000,1000,50,0.100000,10,0.050000,1000.000000,0.001000,1,historical_only,1.000000,0.500000,96.520000,482.600000,4826,3035,300,96.600000;96.800000;82.100000;95.800000;111.300000,0.095743,9ada2f3a47de,n42->n14;n39->n1;n37->n28;n24->n31;n36->n28,-0.068987,0.415263
303,30,10,5,10.000000,1000,50,0.100000,10,0.050000,1000.000000,0.001000,1,real_time_memory_aware,0.500000,0.500000,115.620000,578.100000,5781,1375,300,177.900000;97.100000;77.900000;109.700000;115.500000,0.291503,9ada2f3a47de,n42->n14;n39->n1;n37->n28;n24->n31;n36->n28,0.257576,0.275652
