window_size,send_max_try,request_count,simulation_duration_s,simulator_accuracy,node_count,edge_probability,memory_size,query_time_s,link_rate_pairs_s,link_delay_s,link_buffer,repetitions,seeds,algorithm,congestion_history_weight,mean_request_throughput_pairs_s,throughput_std_pairs_s,total_edr_pairs_s,edr_std_pairs_s,mean_completed_pairs,mean_dropped_pairs,dropped_std_pairs,mean_in_flight_pairs,mean_edr_cv,edr_cv_std,throughput_change_pct_vs_historical,edr_change_pct_vs_historical
1,1,5,10.000000,1000,50,0.100000,10,0.050000,1000.000000,0.001000,1,3,101;202;303,historical_only,1.000000,19.520000,0.000000,97.600000,0.000000,976.000000,0.000000,0.000000,10.666667,0.002049,0.000000,0.000000,0.000000
1,1,5,10.000000,1000,50,0.100000,10,0.050000,1000.000000,0.001000,1,3,101;202;303,real_time_memory_aware,0.500000,19.520000,0.000000,97.600000,0.000000,976.000000,0.000000,0.000000,10.666667,0.002049,0.000000,0.000000,0.000000
1,2,5,10.000000,1000,50,0.100000,10,0.050000,1000.000000,0.001000,1,3,101;202;303,historical_only,1.000000,19.520000,0.000000,97.600000,0.000000,976.000000,0.000000,0.000000,10.666667,0.002049,0.000000,0.000000,0.000000
1,2,5,10.000000,1000,50,0.100000,10,0.050000,1000.000000,0.001000,1,3,101;202;303,real_time_memory_aware,0.500000,19.520000,0.000000,97.600000,0.000000,976.000000,0.000000,0.000000,10.666667,0.002049,0.000000,0.000000,0.000000
1,3,5,10.000000,1000,50,0.100000,10,0.050000,1000.000000,0.001000,1,3,101;202;303,historical_only,1.000000,19.520000,0.000000,97.600000,0.000000,976.000000,0.000000,0.000000,10.666667,0.002049,0.000000,0.000000,0.000000
1,3,5,10.000000,1000,50,0.100000,10,0.050000,1000.000000,0.001000,1,3,101;202;303,real_time_memory_aware,0.500000,19.520000,0.000000,97.600000,0.000000,976.000000,0.000000,0.000000,10.666667,0.002049,0.000000,0.000000,0.000000
1,4,5,10.000000,1000,50,0.100000,10,0.050000,1000.000000,0.001000,1,3,101;202;303,historical_only,1.000000,19.520000,0.000000,97.600000,0.000000,976.000000,0.000000,0.000000,10.666667,0.002049,0.000000,0.000000,0.000000
1,4,5,10.000000,1000,50,0.100000,10,0.050000,1000.000000,0.001000,1,3,101;202;303,real_time_memory_aware,0.500000,19.520000,0.000000,97.600000,0.000000,976.000000,0.000000,0.000000,10.666667,0.002049,0.000000,0.000000,0.000000
1,5,5,10.000000,1000,50,0.100000,10,0.050000,1000.000000,0.001000,1,3,101;202;303,historical_only,1.000000,19.520000,0.000000,97.600000,0.000000,976.000000,0.000000,0.000000,10.666667,0.002049,0.000000,0.000000,0.000000
1,5,5,10.000000,1000,50,0.100000,10,0.050000,1000.000000,0.001000,1,3,101;202;303,real_time_memory_aware,0.500000,19.520000,0.000000,97.600000,0.000000,976.000000,0.000000,0.000000,10.666667,0.002049,0.000000,0.000000,0.000000
1,6,5,10.000000,1000,50,0.100000,10,0.050000,1000.000000,0.001000,1,3,101;202;303,historical_only,1.000000,19.520000,0.000000,97.600000,0.000000,976.000000,0.000000,0.000000,10.666667,0.002049,0.000000,0.000000,0.000000
1,6,5,10.000000,1000,50,0.100000,10,0.050000,1000.000000,0.001000,1,3,101;202;303,real_time_memory_aware,0.500000,19.520000,0.000000,97.600000,0.000000,976.000000,0.000000,0.000000,10.666667,0.002049,0.000000,0.000000,0.000000
1,7,5,10.000000,1000,50,0.100000,10,0.050000,1000.000000,0.001000,1,3,101;202;303,historical_only,1.000000,19.520000,0.000000,97.600000,0.000000,976.000000,0.000000,0.000000,10.666667,0.002049,0.000000,0.000000,0.000000
1,7,5,10.000000,1000,50,0.100000,10,0.050000,1000.000000,0.001000,1,3,101;202;303,real_time_memory_aware,0.500000,19.520000,0.000000,97.600000,0.000000,976.000000,0.000000,0.000000,10.666667,0.002049,0.000000,0.000000,0.000000
1,8,5,10.000000,1000,50,0.100000,10,0.050000,1000.000000,0.001000,1,3,101;202;303,historical_only,1.000000,19.520000,0.000000,97.600000,0.000000,976.000000,0.000000,0.000000,10.666667,0.002049,0.000000,0.000000,0.000000
1,8,5,10.000000,1000,50,0.100000,10,0.050000,1000.000000,0.001000,1,3,101;202;303,real_time_memory_aware,0.500000,19.520000,0.000000,97.600000,0.000000,976.000000,0.000000,0.000000,10.666667,0.002049,0.000000,0.000000,0.000000
1,9,5,10.000000,1000,50,0.100000,10,0.050000,1000.000000,0.001000,1,3,101;202;303,historical_only,1.000000,19.520000,0.000000,97.600000,0.000000,976.000000,0.000000,0.000000,10.666667,0.002049,0.000000,0.000000,0.000000
1,9,5,10.000000,1000,50,0.100000,10,0.050000,1000.000000,0.001000,1,3,101;202;303,real_time_memory_aware,0.500000,19.520000,0.000000,97.600000,0.000000,976.000000,0.000000,0.000000,10.666667,0.002049,0.000000,0.000000,0.000000
1,10,5,10.000000,1000,50,0.100000,10,0.050000,1000.000000,0.001000,1,3,101;202;303,historical_only,1.000000,19.520000,0.000000,97.600000,0.000000,976.000000,0.000000,0.000000,10.666667,0.002049,0.000000,0.000000,0.000000
1,10,5,10.000000,1000,50,0.100000,10,0.050000,1000.000000,0.001000,1,3,101;202;303,real_time_memory_aware,0.500000,19.520000,0.000000,97.600000,0.000000,976.000000,0.000000,0.000000,10.666667,0.002049,0.000000,0.000000,0.000000
2,1,5,10.000000,1000,50,0.100000,10,0.050000,1000.000000,0.001000,1,3,101;202;303,historical_only,1.000000,38.106667,1.206796,190.533333,6.033978,1905.333333,43.333333,61.282588,21.333333,0.030535,0.040279,0.000000,0.000000
2,1,5,10.000000,1000,50,0.100000,10,0.050000,1000.000000,0.001000,1,3,101;202;303,real_time_memory_aware,0.500000,38.106667,1.206796,190.533333,6.033978,1905.333333,43.333333,61.282588,21.333333,0.030535,0.040279,0.000000,0.000000
2,2,5,10.000000,1000,50,0.100000,10,0.050000,1000.000000,0.001000,1,3,101;202;303,historical_only,1.000000,38.880000,0.113137,194.400000,0.565685,1944.000000,0.666667,0.942809,21.333333,0.004371,0.003277,0.000000,0.000000
2,2,5,10.000000,1000,50,0.100000,10,0.050000,1000.000000,0.001000,1,3,101;202;303,real_time_memory_aware,0.500000,38.720000,0.339411,193.600000,1.697056,1936.000000,0.000000,0.000000,21.333333,0.009158,0.010047,-0.411523,-0.411523
2,3,5,10.000000,1000,50,0.100000,10,0.050000,1000.000000,0.001000,1,3,101;202;303,historical_only,1.000000,38.813333,0.207418,194.066667,1.037090,1940.666667,0.000000,0.000000,21.333333,0.006485,0.006268,0.000000,0.000000
2,3,5,10.000000,1000,50,0.100000,10,0.050000,1000.000000,0.001000,1,3,101;202;303,real_time_memory_aware,0.500000,38.973333,0.018856,194.866667,0.094281,1948.666667,0.000000,0.000000,21.333333,0.001909,0.000204,0.412229,0.412229
2,4,5,10.000000,1000,50,0.100000,10,0.050000,1000.000000,0.001000,1,3,101;202;303,historical_only,1.000000,38.906667,0.075425,194.533333,0.377124,1945.333333,0.000000,0.000000,21.333333,0.003542,0.002106,0.000000,0.000000
2,4,5,10.000000,1000,50,0.100000,10,0.050000,1000.000000,0.001000,1,3,101;202;303,real_time_memory_aware,0.500000,38.973333,0.018856,194.866667,0.094281,1948.666667,0.000000,0.000000,21.333333,0.001909,0.000204,0.171350,0.171350
2,5,5,10.000000,1000,50,0.100000,10,0.050000,1000.000000,0.001000,1,3,101;202;303,historical_only,1.000000,38.373333,0.829672,191.866667,4.148360,1918.666667,0.000000,0.000000,21.333333,0.021131,0.026980,0.000000,0.000000
2,5,5,10.000000,1000,50,0.100000,10,0.050000,1000.000000,0.001000,1,3,101;202;303,real_time_memory_aware,0.500000,38.973333,0.018856,194.866667,0.094281,1948.666667,0.000000,0.000000,21.333333,0.001909,0.000204,1.563586,1.563586
2,6,5,10.000000,1000,50,0.100000,10,0.050000,1000.000000,0.001000,1,3,101;202;303,historical_only,1.000000,38.373333,0.829672,191.866667,4.148360,1918.666667,0.000000,0.000000,21.333333,0.021131,0.026980,0.000000,0.000000
2,6,5,10.000000,1000,50,0.100000,10,0.050000,1000.000000,0.001000,1,3,101;202;303,real_time_memory_aware,0.500000,38.973333,0.018856,194.866667,0.094281,1948.666667,0.000000,0.000000,21.333333,0.001909,0.000204,1.563586,1.563586
2,7,5,10.000000,1000,50,0.100000,10,0.050000,1000.000000,0.001000,1,3,101;202;303,historical_only,1.000000,38.373333,0.829672,191.866667,4.148360,1918.666667,0.000000,0.000000,21.333333,0.021131,0.026980,0.000000,0.000000
2,7,5,10.000000,1000,50,0.100000,10,0.050000,1000.000000,0.001000,1,3,101;202;303,real_time_memory_aware,0.500000,38.973333,0.018856,194.866667,0.094281,1948.666667,0.000000,0.000000,21.333333,0.001909,0.000204,1.563586,1.563586
2,8,5,10.000000,1000,50,0.100000,10,0.050000,1000.000000,0.001000,1,3,101;202;303,historical_only,1.000000,38.373333,0.829672,191.866667,4.148360,1918.666667,0.000000,0.000000,21.333333,0.021131,0.026980,0.000000,0.000000
2,8,5,10.000000,1000,50,0.100000,10,0.050000,1000.000000,0.001000,1,3,101;202;303,real_time_memory_aware,0.500000,38.973333,0.018856,194.866667,0.094281,1948.666667,0.000000,0.000000,21.333333,0.001909,0.000204,1.563586,1.563586
2,9,5,10.000000,1000,50,0.100000,10,0.050000,1000.000000,0.001000,1,3,101;202;303,historical_only,1.000000,38.373333,0.829672,191.866667,4.148360,1918.666667,0.000000,0.000000,21.333333,0.021131,0.026980,0.000000,0.000000
2,9,5,10.000000,1000,50,0.100000,10,0.050000,1000.000000,0.001000,1,3,101;202;303,real_time_memory_aware,0.500000,38.973333,0.018856,194.866667,0.094281,1948.666667,0.000000,0.000000,21.333333,0.001909,0.000204,1.563586,1.563586
2,10,5,10.000000,1000,50,0.100000,10,0.050000,1000.000000,0.001000,1,3,101;202;303,historical_only,1.000000,38.373333,0.829672,191.866667,4.148360,1918.666667,0.000000,0.000000,21.333333,0.021131,0.026980,0.000000,0.000000
2,10,5,10.000000,1000,50,0.100000,10,0.050000,1000.000000,0.001000,1,3,101;202;303,real_time_memory_aware,0.500000,38.973333,0.018856,194.866667,0.094281,1948.666667,0.000000,0.000000,21.333333,0.001909,0.000204,1.563586,1.563586
3,1,5,10.000000,1000,50,0.100000,10,0.050000,1000.000000,0.001000,1,3,101;202;303,historical_only,1.000000,53.206667,3.886158,266.033333,19.430789,2660.333333,298.000000,222.896089,30.000000,0.153026,0.106723,0.000000,0.000000
3,1,5,10.000000,1000,50,0.100000,10,0.050000,1000.000000,0.001000,1,3,101;202;303,real_time_memory_aware,0.500000,53.206667,3.886158,266.033333,19.430789,2660.333333,298.000000,222.896089,30.000000,0.153026,0.106723,0.000000,0.000000
3,2,5,10.000000,1000,50,0.100000,10,0.050000,1000.000000,0.001000,1,3,101;202;303,historical_only,1.000000,56.700000,2.277016,283.500000,11.385078,2835.000000,15.333333,20.981473,32.000000,0.036467,0.047230,0.000000,0.000000
3,2,5,10.000000,1000,50,0.100000,10,0.050000,1000.000000,0.001000,1,3,101;202;303,real_time_memory_aware,0.500000,57.293333,1.161417,286.466667,5.807084,2864.666667,0.333333,0.471405,32.000000,0.022994,0.020779,1.046443,1.046443
3,3,5,10.000000,1000,50,0.100000,10,0.050000,1000.000000,0.001000,1,3,101;202;303,historical_only,1.000000,56.706667,2.281656,283.533333,11.408282,2835.333333,2.666667,3.771236,32.000000,0.038091,0.049925,0.000000,0.000000
3,3,5,10.000000,1000,50,0.100000,10,0.050000,1000.000000,0.001000,1,3,101;202;303,real_time_memory_aware,0.500000,57.986667,0.444322,289.933333,2.221611,2899.333333,0.000000,0.000000,32.000000,0.011321,0.011877,2.257230,2.257230
3,4,5,10.000000,1000,50,0.100000,10,0.050000,1000.000000,0.001000,1,3,101;202;303,historical_only,1.000000,56.673333,2.328796,283.366667,11.643978,2833.666667,1.666667,2.357023,32.000000,0.038505,0.050510,0.000000,0.000000
3,4,5,10.000000,1000,50,0.100000,10,0.050000,1000.000000,0.001000,1,3,101;202;303,real_time_memory_aware,0.500000,58.133333,0.237954,290.666667,1.189771,2906.666667,0.000000,0.000000,32.000000,0.006064,0.004459,2.576168,2.576168
3,5,5,10.000000,1000,50,0.100000,10,0.050000,1000.000000,0.001000,1,3,101;202;303,historical_only,1.000000,56.693333,2.300512,283.466667,11.502560,2834.666667,1.000000,1.414214,32.000000,0.039518,0.051943,0.000000,0.000000
3,5,5,10.000000,1000,50,0.100000,10,0.050000,1000.000000,0.001000,1,3,101;202;303,real_time_memory_aware,0.500000,58.133333,0.237954,290.666667,1.189771,2906.666667,0.000000,0.000000,32.000000,0.006064,0.004459,2.539981,2.539981
3,6,5,10.000000,1000,50,0.100000,10,0.050000,1000.000000,0.001000,1,3,101;202;303,historical_only,1.000000,56.620000,2.404219,283.100000,12.021093,2831.000000,0.333333,0.471405,31.666667,0.041107,0.054190,0.000000,0.000000
3,6,5,10.000000,1000,50,0.100000,10,0.050000,1000.000000,0.001000,1,3,101;202;303,real_time_memory_aware,0.500000,58.133333,0.237954,290.666667,1.189771,2906.666667,0.000000,0.000000,32.000000,0.006064,0.004459,2.672789,2.672789
3,7,5,10.000000,1000,50,0.100000,10,0.050000,1000.000000,0.001000,1,3,101;202;303,historical_only,1.000000,56.613333,2.413646,283.066667,12.068232,2830.666667,0.000000,0.000000,32.000000,0.041313,0.054481,0.000000,0.000000
3,7,5,10.000000,1000,50,0.100000,10,0.050000,1000.000000,0.001000,1,3,101;202;303,real_time_memory_aware,0.500000,58.133333,0.237954,290.666667,1.189771,2906.666667,0.000000,0.000000,32.000000,0.006064,0.004459,2.684880,2.684880
3,8,5,10.000000,1000,50,0.100000,10,0.050000,1000.000000,0.001000,1,3,101;202;303,historical_only,1.000000,56.640000,2.375935,283.200000,11.879675,2832.000000,0.000000,0.000000,32.000000,0.040641,0.053532,0.000000,0.000000
3,8,5,10.000000,1000,50,0.100000,10,0.050000,1000.000000,0.001000,1,3,101;202;303,real_time_memory_aware,0.500000,58.133333,0.237954,290.666667,1.189771,2906.666667,0.000000,0.000000,32.000000,0.006064,0.004459,2.636535,2.636535
3,9,5,10.000000,1000,50,0.100000,10,0.050000,1000.000000,0.001000,1,3,101;202;303,historical_only,1.000000,56.526667,2.536209,282.633333,12.681044,2826.333333,0.000000,0.000000,32.000000,0.043484,0.057552,0.000000,0.000000
3,9,5,10.000000,1000,50,0.100000,10,0.050000,1000.000000,0.001000,1,3,101;202;303,real_time_memory_aware,0.500000,58.133333,0.237954,290.666667,1.189771,2906.666667,0.000000,0.000000,32.000000,0.006064,0.004459,2.842316,2.842316
3,10,5,10.000000,1000,50,0.100000,10,0.050000,1000.000000,0.001000,1,3,101;202;303,historical_only,1.000000,56.533333,2.526781,282.666667,12.633905,2826.666667,0.000000,0.000000,32.000000,0.043360,0.057376,0.000000,0.000000
3,10,5,10.000000,1000,50,0.100000,10,0.050000,1000.000000,0.001000,1,3,101;202;303,real_time_memory_aware,0.500000,58.133333,0.237954,290.666667,1.189771,2906.666667,0.000000,0.000000,32.000000,0.006064,0.004459,2.830189,2.830189
4,1,5,10.000000,1000,50,0.100000,10,0.050000,1000.000000,0.001000,1,3,101;202;303,historical_only,1.000000,65.966667,8.073435,329.833333,40.367176,3298.333333,759.666667,515.780530,40.333333,0.273851,0.167607,0.000000,0.000000
4,1,5,10.000000,1000,50,0.100000,10,0.050000,1000.000000,0.001000,1,3,101;202;303,real_time_memory_aware,0.500000,65.966667,8.073435,329.833333,40.367176,3298.333333,759.666667,515.780530,40.333333,0.273851,0.167607,0.000000,0.000000
4,2,5,10.000000,1000,50,0.100000,10,0.050000,1000.000000,0.001000,1,3,101;202;303,historical_only,1.000000,73.486667,4.362425,367.433333,21.812127,3674.333333,77.666667,105.623019,42.333333,0.090159,0.096773,0.000000,0.000000
4,2,5,10.000000,1000,50,0.100000,10,0.050000,1000.000000,0.001000,1,3,101;202;303,real_time_memory_aware,0.500000,71.980000,4.490256,359.900000,22.451281,3599.000000,61.666667,87.209836,42.666667,0.114513,0.070019,-2.050259,-2.050259
4,3,5,10.000000,1000,50,0.100000,10,0.050000,1000.000000,0.001000,1,3,101;202;303,historical_only,1.000000,73.840000,3.942520,369.200000,19.712602,3692.000000,38.000000,53.740115,42.666667,0.082901,0.087399,0.000000,0.000000
4,3,5,10.000000,1000,50,0.100000,10,0.050000,1000.000000,0.001000,1,3,101;202;303,real_time_memory_aware,0.500000,72.593333,4.906766,362.966667,24.533832,3629.666667,36.666667,51.854497,42.666667,0.108833,0.094157,-1.688335,-1.688335
4,4,5,10.000000,1000,50,0.100000,10,0.050000,1000.000000,0.001000,1,3,101;202;303,historical_only,1.000000,74.086667,3.597493,370.433333,17.987465,3704.333333,17.000000,24.041631,42.666667,0.087345,0.093670,0.000000,0.000000
4,4,5,10.000000,1000,50,0.100000,10,0.050000,1000.000000,0.001000,1,3,101;202;303,real_time_memory_aware,0.500000,73.033333,4.317849,365.166667,21.589246,3651.666667,15.000000,21.213203,42.666667,0.101210,0.084317,-1.421758,-1.421758
4,5,5,10.000000,1000,50,0.100000,10,0.050000,1000.000000,0.001000,1,3,101;202;303,historical_only,1.000000,73.980000,3.746607,369.900000,18.733037,3699.000000,7.000000,9.899495,42.666667,0.079369,0.082417,0.000000,0.000000
4,5,5,10.000000,1000,50,0.100000,10,0.050000,1000.000000,0.001000,1,3,101;202;303,real_time_memory_aware,0.500000,73.246667,4.035917,366.233333,20.179583,3662.333333,7.000000,9.899495,42.666667,0.092863,0.073844,-0.991259,-0.991259
4,6,5,10.000000,1000,50,0.100000,10,0.050000,1000.000000,0.001000,1,3,101;202;303,historical_only,1.000000,73.873333,3.895855,369.366667,19.479277,3693.666667,3.333333,4.714045,42.666667,0.077736,0.080115,0.000000,0.000000
4,6,5,10.000000,1000,50,0.100000,10,0.050000,1000.000000,0.001000,1,3,101;202;303,real_time_memory_aware,0.500000,73.093333,4.238281,365.466667,21.191403,3654.666667,2.666667,3.771236,42.666667,0.099129,0.081672,-1.055861,-1.055861
4,7,5,10.000000,1000,50,0.100000,10,0.050000,1000.000000,0.001000,1,3,101;202;303,historical_only,1.000000,74.013333,3.699994,370.066667,18.499970,3700.666667,2.333333,3.299832,42.666667,0.074420,0.075441,0.000000,0.000000
4,7,5,10.000000,1000,50,0.100000,10,0.050000,1000.000000,0.001000,1,3,101;202;303,real_time_memory_aware,0.500000,73.140000,4.176538,365.700000,20.882688,3657.000000,1.000000,1.414214,42.666667,0.097847,0.080052,-1.179968,-1.179968
4,8,5,10.000000,1000,50,0.100000,10,0.050000,1000.000000,0.001000,1,3,101;202;303,historical_only,1.000000,73.720000,4.110604,368.600000,20.553021,3686.000000,0.333333,0.471405,42.666667,0.081993,0.086119,0.000000,0.000000
4,8,5,10.000000,1000,50,0.100000,10,0.050000,1000.000000,0.001000,1,3,101;202;303,real_time_memory_aware,0.500000,73.153333,4.158921,365.766667,20.794604,3657.666667,1.000000,1.414214,42.666667,0.087793,0.067696,-0.768674,-0.768674
4,9,5,10.000000,1000,50,0.100000,10,0.050000,1000.000000,0.001000,1,3,101;202;303,historical_only,1.000000,73.886667,3.877193,369.433333,19.385963,3694.333333,0.000000,0.000000,42.666667,0.077546,0.079848,0.000000,0.000000
4,9,5,10.000000,1000,50,0.100000,10,0.050000,1000.000000,0.001000,1,3,101;202;303,real_time_memory_aware,0.500000,72.946667,4.433128,364.733333,22.165639,3647.333333,0.333333,0.471405,42.666667,0.095069,0.076575,-1.272219,-1.272219
4,10,5,10.000000,1000,50,0.100000,10,0.050000,1000.000000,0.001000,1,3,101;202;303,historical_only,1.000000,73.926667,3.821216,369.633333,19.106078,3696.333333,0.333333,0.471405,42.666667,0.080398,0.083868,0.000000,0.000000
4,10,5,10.000000,1000,50,0.100000,10,0.050000,1000.000000,0.001000,1,3,101;202;303,real_time_memory_aware,0.500000,73.133333,4.185350,365.666667,20.926751,3656.666667,0.000000,0.000000,42.666667,0.091422,0.072077,-1.073136,-1.073136
5,1,5,10.000000,1000,50,0.100000,10,0.050000,1000.000000,0.001000,1,3,101;202;303,historical_only,1.000000,78.880000,11.238837,394.400000,56.194187,3944.000000,1343.000000,819.996748,49.666667,0.352572,0.219254,0.000000,0.000000
5,1,5,10.000000,1000,50,0.100000,10,0.050000,1000.000000,0.001000,1,3,101;202;303,real_time_memory_aware,0.500000,78.880000,11.238837,394.400000,56.194187,3944.000000,1343.000000,819.996748,49.666667,0.352572,0.219254,0.000000,0.000000
5,2,5,10.000000,1000,50,0.100000,10,0.050000,1000.000000,0.001000,1,3,101;202;303,historical_only,1.000000,85.146667,9.847982,425.733333,49.239912,4257.333333,239.666667,286.882477,53.000000,0.162058,0.140575,0.000000,0.000000
5,2,5,10.000000,1000,50,0.100000,10,0.050000,1000.000000,0.001000,1,3,101;202;303,real_time_memory_aware,0.500000,85.006667,7.453256,425.033333,37.266279,4250.333333,168.333333,172.847396,52.333333,0.174992,0.074799,-0.164422,-0.164422
5,3,5,10.000000,1000,50,0.100000,10,0.050000,1000.000000,0.001000,1,3,101;202;303,historical_only,1.000000,85.393333,10.280653,426.966667,51.403264,4269.666667,138.000000,177.095078,52.333333,0.168204,0.149374,0.000000,0.000000
5,3,5,10.000000,1000,50,0.100000,10,0.050000,1000.000000,0.001000,1,3,101;202;303,real_time_memory_aware,0.500000,85.673333,8.994537,428.366667,44.972683,4283.666667,94.333333,133.407479,53.000000,0.152619,0.101077,0.327894,0.327894
5,4,5,10.000000,1000,50,0.100000,10,0.050000,1000.000000,0.001000,1,3,101;202;303,historical_only,1.000000,85.226667,10.056604,426.133333,50.283021,4261.333333,94.000000,128.018228,53.000000,0.166024,0.142664,0.000000,0.000000
5,4,5,10.000000,1000,50,0.100000,10,0.050000,1000.000000,0.001000,1,3,101;202;303,real_time_memory_aware,0.500000,85.620000,9.178075,428.100000,45.890377,4281.000000,78.666667,111.251467,53.333333,0.160928,0.116507,0.461514,0.461514
5,5,5,10.000000,1000,50,0.100000,10,0.050000,1000.000000,0.001000,1,3,101;202;303,historical_only,1.000000,86.106667,9.240149,430.533333,46.200746,4305.333333,69.666667,97.817290,53.333333,0.159160,0.139162,0.000000,0.000000
5,5,5,10.000000,1000,50,0.100000,10,0.050000,1000.000000,0.001000,1,3,101;202;303,real_time_memory_aware,0.500000,85.413333,9.455500,427.066667,47.277502,4270.666667,63.333333,89.566859,52.666667,0.168290,0.126264,-0.805203,-0.805203
5,6,5,10.000000,1000,50,0.100000,10,0.050000,1000.000000,0.001000,1,3,101;202;303,historical_only,1.000000,86.286667,9.039621,431.433333,45.198107,4314.333333,50.000000,70.710678,53.000000,0.153073,0.131395,0.000000,0.000000
5,6,5,10.000000,1000,50,0.100000,10,0.050000,1000.000000,0.001000,1,3,101;202;303,real_time_memory_aware,0.500000,85.540000,9.285358,427.700000,46.426788,4277.000000,52.666667,74.481914,53.333333,0.165332,0.122330,-0.865333,-0.865333
5,7,5,10.000000,1000,50,0.100000,10,0.050000,1000.000000,0.001000,1,3,101;202;303,historical_only,1.000000,86.680000,8.495285,433.400000,42.476425,4334.000000,39.333333,55.625733,53.333333,0.155098,0.134211,0.000000,0.000000
5,7,5,10.000000,1000,50,0.100000,10,0.050000,1000.000000,0.001000,1,3,101;202;303,real_time_memory_aware,0.500000,85.973333,8.706018,429.866667,43.530092,4298.666667,35.666667,50.440284,53.000000,0.161705,0.117531,-0.815259,-0.815259
5,8,5,10.000000,1000,50,0.100000,10,0.050000,1000.000000,0.001000,1,3,101;202;303,historical_only,1.000000,86.620000,8.578220,433.100000,42.891102,4331.000000,35.000000,49.497475,53.333333,0.155715,0.135068,0.000000,0.000000
5,8,5,10.000000,1000,50,0.100000,10,0.050000,1000.000000,0.001000,1,3,101;202;303,real_time_memory_aware,0.500000,86.000000,8.670517,430.000000,43.352585,4300.000000,26.666667,37.712362,53.333333,0.157431,0.111912,-0.715770,-0.715770
5,9,5,10.000000,1000,50,0.100000,10,0.050000,1000.000000,0.001000,1,3,101;202;303,historical_only,1.000000,86.240000,9.104299,431.200000,45.521497,4312.000000,23.666667,33.469721,53.333333,0.149570,0.126530,0.000000,0.000000
5,9,5,10.000000,1000,50,0.100000,10,0.050000,1000.000000,0.001000,1,3,101;202;303,real_time_memory_aware,0.500000,86.153333,8.466756,430.766667,42.333780,4307.666667,25.000000,35.355339,53.333333,0.156025,0.110074,-0.100495,-0.100495
5,10,5,10.000000,1000,50,0.100000,10,0.050000,1000.000000,0.001000,1,3,101;202;303,historical_only,1.000000,86.300000,9.021146,431.500000,45.105728,4315.000000,14.666667,20.741799,53.000000,0.148466,0.124999,0.000000,0.000000
5,10,5,10.000000,1000,50,0.100000,10,0.050000,1000.000000,0.001000,1,3,101;202;303,real_time_memory_aware,0.500000,86.133333,8.493297,430.666667,42.466484,4306.666667,14.000000,19.798990,53.333333,0.156274,0.110400,-0.193125,-0.193125
6,1,5,10.000000,1000,50,0.100000,10,0.050000,1000.000000,0.001000,1,3,101;202;303,historical_only,1.000000,81.906667,10.551983,409.533333,52.759917,4095.333333,2894.333333,922.072424,60.000000,0.387499,0.197316,0.000000,0.000000
6,1,5,10.000000,1000,50,0.100000,10,0.050000,1000.000000,0.001000,1,3,101;202;303,real_time_memory_aware,0.500000,81.906667,10.551983,409.533333,52.759917,4095.333333,2894.333333,922.072424,60.000000,0.387499,0.197316,0.000000,0.000000
6,2,5,10.000000,1000,50,0.100000,10,0.050000,1000.000000,0.001000,1,3,101;202;303,historical_only,1.000000,89.413333,8.533734,447.066667,42.668672,4470.666667,653.333333,262.846385,62.333333,0.220410,0.106173,0.000000,0.000000
6,2,5,10.000000,1000,50,0.100000,10,0.050000,1000.000000,0.001000,1,3,101;202;303,real_time_memory_aware,0.500000,93.693333,7.405878,468.466667,37.029388,4684.666667,362.000000,205.557778,62.666667,0.215278,0.048783,4.786758,4.786758
6,3,5,10.000000,1000,50,0.100000,10,0.050000,1000.000000,0.001000,1,3,101;202;303,historical_only,1.000000,88.480000,8.911042,442.400000,44.555209,4424.000000,443.000000,156.794983,62.666667,0.232509,0.136658,0.000000,0.000000
6,3,5,10.000000,1000,50,0.100000,10,0.050000,1000.000000,0.001000,1,3,101;202;303,real_time_memory_aware,0.500000,92.540000,9.517941,462.700000,47.589705,4627.000000,239.666667,173.478785,63.666667,0.243655,0.087243,4.588608,4.588608
6,4,5,10.000000,1000,50,0.100000,10,0.050000,1000.000000,0.001000,1,3,101;202;303,historical_only,1.000000,89.460000,7.792321,447.300000,38.961605,4473.000000,309.333333,79.705012,63.666667,0.205056,0.115811,0.000000,0.000000
6,4,5,10.000000,1000,50,0.100000,10,0.050000,1000.000000,0.001000,1,3,101;202;303,real_time_memory_aware,0.500000,93.246667,8.790849,466.233333,43.954244,4662.333333,148.666667,87.993687,63.666667,0.213936,0.072434,4.232804,4.232804
6,5,5,10.000000,1000,50,0.100000,10,0.050000,1000.000000,0.001000,1,3,101;202;303,historical_only,1.000000,89.246667,7.076352,446.233333,35.381759,4462.333333,230.333333,58.208438,63.666667,0.206222,0.114368,0.000000,0.000000
6,5,5,10.000000,1000,50,0.100000,10,0.050000,1000.000000,0.001000,1,3,101;202;303,real_time_memory_aware,0.500000,93.400000,8.548731,467.000000,42.743654,4670.000000,116.666667,68.946034,63.666667,0.216283,0.073619,4.653769,4.653769
6,6,5,10.000000,1000,50,0.100000,10,0.050000,1000.000000,0.001000,1,3,101;202;303,historical_only,1.000000,89.626667,7.125697,448.133333,35.628484,4481.333333,199.666667,46.806932,63.000000,0.207639,0.113161,0.000000,0.000000
6,6,5,10.000000,1000,50,0.100000,10,0.050000,1000.000000,0.001000,1,3,101;202;303,real_time_memory_aware,0.500000,92.780000,8.828424,463.900000,44.142119,4639.000000,95.666667,58.976455,64.000000,0.223351,0.078622,3.518298,3.518298
6,7,5,10.000000,1000,50,0.100000,10,0.050000,1000.000000,0.001000,1,3,101;202;303,historical_only,1.000000,90.166667,6.962764,450.833333,34.813822,4508.333333,153.333333,14.337209,63.333333,0.198967,0.109371,0.000000,0.000000
6,7,5,10.000000,1000,50,0.100000,10,0.050000,1000.000000,0.001000,1,3,101;202;303,real_time_memory_aware,0.500000,92.813333,8.707534,464.066667,43.537672,4640.666667,77.333333,40.941693,63.666667,0.219387,0.073594,2.935305,2.935305
6,8,5,10.000000,1000,50,0.100000,10,0.050000,1000.000000,0.001000,1,3,101;202;303,historical_only,1.000000,89.153333,7.533487,445.766667,37.667434,4457.666667,129.000000,10.614456,64.000000,0.198630,0.107470,0.000000,0.000000
6,8,5,10.000000,1000,50,0.100000,10,0.050000,1000.000000,0.001000,1,3,101;202;303,real_time_memory_aware,0.500000,92.873333,8.535797,464.366667,42.678983,4643.666667,54.000000,17.720045,64.000000,0.211882,0.068143,4.172587,4.172587
6,9,5,10.000000,1000,50,0.100000,10,0.050000,1000.000000,0.001000,1,3,101;202;303,historical_only,1.000000,89.546667,7.464768,447.733333,37.323838,4477.333333,118.333333,23.299976,63.333333,0.209224,0.123581,0.000000,0.000000
6,9,5,10.000000,1000,50,0.100000,10,0.050000,1000.000000,0.001000,1,3,101;202;303,real_time_memory_aware,0.500000,92.820000,9.086356,464.100000,45.431780,4641.000000,60.666667,29.227080,64.000000,0.217600,0.085415,3.655450,3.655450
6,10,5,10.000000,1000,50,0.100000,10,0.050000,1000.000000,0.001000,1,3,101;202;303,historical_only,1.000000,89.600000,7.128553,448.000000,35.642765,4480.000000,93.000000,8.831761,63.666667,0.199884,0.109069,0.000000,0.000000
6,10,5,10.000000,1000,50,0.100000,10,0.050000,1000.000000,0.001000,1,3,101;202;303,real_time_memory_aware,0.500000,92.473333,9.260415,462.366667,46.302076,4623.666667,53.666667,32.765158,63.666667,0.231448,0.098867,3.206845,3.206845
7,1,5,10.000000,1000,50,0.100000,10,0.050000,1000.000000,0.001000,1,3,101;202;303,historical_only,1.000000,86.220000,7.024016,431.100000,35.120080,4311.000000,4665.000000,925.908203,70.000000,0.437248,0.133430,0.000000,0.000000
7,1,5,10.000000,1000,50,0.100000,10,0.050000,1000.000000,0.001000,1,3,101;202;303,real_time_memory_aware,0.500000,86.220000,7.024016,431.100000,35.120080,4311.000000,4665.000000,925.908203,70.000000,0.437248,0.133430,0.000000,0.000000
7,2,5,10.000000,1000,50,0.100000,10,0.050000,1000.000000,0.001000,1,3,101;202;303,historical_only,1.000000,93.480000,6.949091,467.400000,34.745455,4674.000000,953.000000,258.210508,72.000000,0.272585,0.076361,0.000000,0.000000
7,2,5,10.000000,1000,50,0.100000,10,0.050000,1000.000000,0.001000,1,3,101;202;303,real_time_memory_aware,0.500000,102.100000,7.891379,510.500000,39.456896,5105.000000,604.666667,230.097564,74.000000,0.245140,0.032865,9.221224,9.221224
7,3,5,10.000000,1000,50,0.100000,10,0.050000,1000.000000,0.001000,1,3,101;202;303,historical_only,1.000000,94.586667,6.388351,472.933333,31.941753,4729.333333,659.333333,72.926142,74.666667,0.251832,0.104720,0.000000,0.000000
7,3,5,10.000000,1000,50,0.100000,10,0.050000,1000.000000,0.001000,1,3,101;202;303,real_time_memory_aware,0.500000,101.453333,10.005949,507.266667,50.029747,5072.666667,399.666667,157.996484,73.666667,0.263643,0.078466,7.259656,7.259656
7,4,5,10.000000,1000,50,0.100000,10,0.050000,1000.000000,0.001000,1,3,101;202;303,historical_only,1.000000,93.800000,5.922454,469.000000,29.612272,4690.000000,519.333333,21.791946,73.333333,0.246522,0.108454,0.000000,0.000000
7,4,5,10.000000,1000,50,0.100000,10,0.050000,1000.000000,0.001000,1,3,101;202;303,real_time_memory_aware,0.500000,100.486667,10.680903,502.433333,53.404515,5024.333333,266.333333,120.128635,74.666667,0.274872,0.086515,7.128643,7.128643
7,5,5,10.000000,1000,50,0.100000,10,0.050000,1000.000000,0.001000,1,3,101;202;303,historical_only,1.000000,94.053333,6.159358,470.266667,30.796789,4702.666667,367.000000,18.018509,74.000000,0.244039,0.116646,0.000000,0.000000
7,5,5,10.000000,1000,50,0.100000,10,0.050000,1000.000000,0.001000,1,3,101;202;303,real_time_memory_aware,0.500000,100.106667,10.347010,500.533333,51.735052,5005.333333,199.000000,82.732501,74.333333,0.260439,0.087044,6.436065,6.436065
7,6,5,10.000000,1000,50,0.100000,10,0.050000,1000.000000,0.001000,1,3,101;202;303,historical_only,1.000000,93.926667,6.143969,469.633333,30.719845,4696.333333,305.666667,17.016332,74.333333,0.245908,0.105713,0.000000,0.000000
7,6,5,10.000000,1000,50,0.100000,10,0.050000,1000.000000,0.001000,1,3,101;202;303,real_time_memory_aware,0.500000,100.233333,10.045527,501.166667,50.227637,5011.666667,156.666667,71.285030,74.000000,0.262246,0.091585,6.714458,6.714458
7,7,5,10.000000,1000,50,0.100000,10,0.050000,1000.000000,0.001000,1,3,101;202;303,historical_only,1.000000,92.433333,6.925149,462.166667,34.625745,4621.666667,265.666667,7.717225,74.333333,0.252319,0.118600,0.000000,0.000000
7,7,5,10.000000,1000,50,0.100000,10,0.050000,1000.000000,0.001000,1,3,101;202;303,real_time_memory_aware,0.500000,99.926667,10.174233,499.633333,50.871166,4996.333333,122.666667,49.222849,74.666667,0.265826,0.086703,8.106744,8.106744
7,8,5,10.000000,1000,50,0.100000,10,0.050000,1000.000000,0.001000,1,3,101;202;303,historical_only,1.000000,92.540000,8.191524,462.700000,40.957620,4627.000000,225.666667,22.895900,74.000000,0.246333,0.129083,0.000000,0.000000
7,8,5,10.000000,1000,50,0.100000,10,0.050000,1000.000000,0.001000,1,3,101;202;303,real_time_memory_aware,0.500000,99.533333,9.612940,497.666667,48.064702,4976.666667,103.666667,26.449113,74.666667,0.269563,0.078267,7.557092,7.557092
7,9,5,10.000000,1000,50,0.100000,10,0.050000,1000.000000,0.001000,1,3,101;202;303,historical_only,1.000000,92.166667,7.073261,460.833333,35.366305,4608.333333,184.666667,23.098822,74.333333,0.256453,0.119815,0.000000,0.000000
7,9,5,10.000000,1000,50,0.100000,10,0.050000,1000.000000,0.001000,1,3,101;202;303,real_time_memory_aware,0.500000,99.233333,9.809632,496.166667,49.048162,4961.666667,86.666667,33.330000,74.666667,0.275012,0.080742,7.667269,7.667269
7,10,5,10.000000,1000,50,0.100000,10,0.050000,1000.000000,0.001000,1,3,101;202;303,historical_only,1.000000,92.526667,7.114386,462.633333,35.571930,4626.333333,157.333333,15.542058,74.000000,0.247216,0.127935,0.000000,0.000000
7,10,5,10.000000,1000,50,0.100000,10,0.050000,1000.000000,0.001000,1,3,101;202;303,real_time_memory_aware,0.500000,99.573333,10.347771,497.866667,51.738853,4978.666667,75.000000,23.338095,74.666667,0.263076,0.080576,7.615822,7.615822
8,1,5,10.000000,1000,50,0.100000,10,0.050000,1000.000000,0.001000,1,3,101;202;303,historical_only,1.000000,87.613333,6.818726,438.066667,34.093629,4380.666667,6704.000000,1168.685016,81.000000,0.525476,0.111977,0.000000,0.000000
8,1,5,10.000000,1000,50,0.100000,10,0.050000,1000.000000,0.001000,1,3,101;202;303,real_time_memory_aware,0.500000,87.613333,6.818726,438.066667,34.093629,4380.666667,6704.000000,1168.685016,81.000000,0.525476,0.111977,0.000000,0.000000
8,2,5,10.000000,1000,50,0.100000,10,0.050000,1000.000000,0.001000,1,3,101;202;303,historical_only,1.000000,98.300000,7.798581,491.500000,38.992905,4915.000000,1313.000000,380.416438,81.666667,0.315523,0.084169,0.000000,0.000000
8,2,5,10.000000,1000,50,0.100000,10,0.050000,1000.000000,0.001000,1,3,101;202;303,real_time_memory_aware,0.500000,108.300000,9.980675,541.500000,49.903373,5415.000000,929.666667,332.490936,84.666667,0.315110,0.045020,10.172940,10.172940
8,3,5,10.000000,1000,50,0.100000,10,0.050000,1000.000000,0.001000,1,3,101;202;303,historical_only,1.000000,98.793333,7.228468,493.966667,36.142342,4939.666667,861.333333,160.067347,83.000000,0.317991,0.113963,0.000000,0.000000
8,3,5,10.000000,1000,50,0.100000,10,0.050000,1000.000000,0.001000,1,3,101;202;303,real_time_memory_aware,0.500000,108.506667,10.490432,542.533333,52.452158,5425.333333,557.666667,204.894011,84.666667,0.327495,0.058260,9.831972,9.831972
8,4,5,10.000000,1000,50,0.100000,10,0.050000,1000.000000,0.001000,1,3,101;202;303,historical_only,1.000000,98.140000,6.319304,490.700000,31.596519,4907.000000,661.666667,55.162387,84.333333,0.321235,0.113117,0.000000,0.000000
8,4,5,10.000000,1000,50,0.100000,10,0.050000,1000.000000,0.001000,1,3,101;202;303,real_time_memory_aware,0.500000,105.606667,11.450675,528.033333,57.253374,5280.333333,406.333333,157.061205,85.000000,0.340832,0.088388,7.608179,7.608179
8,5,5,10.000000,1000,50,0.100000,10,0.050000,1000.000000,0.001000,1,3,101;202;303,historical_only,1.000000,98.473333,6.605499,492.366667,33.027497,4923.666667,456.333333,35.159952,84.000000,0.307703,0.112000,0.000000,0.000000
8,5,5,10.000000,1000,50,0.100000,10,0.050000,1000.000000,0.001000,1,3,101;202;303,real_time_memory_aware,0.500000,106.260000,11.520150,531.300000,57.600752,5313.000000,281.000000,90.568574,85.000000,0.320201,0.083417,7.907386,7.907386
8,6,5,10.000000,1000,50,0.100000,10,0.050000,1000.000000,0.001000,1,3,101;202;303,historical_only,1.000000,96.553333,5.610950,482.766667,28.054748,4827.666667,416.333333,24.997778,83.666667,0.316662,0.116133,0.000000,0.000000
8,6,5,10.000000,1000,50,0.100000,10,0.050000,1000.000000,0.001000,1,3,101;202;303,real_time_memory_aware,0.500000,104.573333,11.748048,522.866667,58.740238,5228.666667,223.000000,85.724364,85.000000,0.327949,0.102591,8.306290,8.306290
8,7,5,10.000000,1000,50,0.100000,10,0.050000,1000.000000,0.001000,1,3,101;202;303,historical_only,1.000000,96.380000,6.495311,481.900000,32.476556,4819.000000,327.000000,22.992752,84.333333,0.313918,0.118472,0.000000,0.000000
8,7,5,10.000000,1000,50,0.100000,10,0.050000,1000.000000,0.001000,1,3,101;202;303,real_time_memory_aware,0.500000,105.986667,11.636681,529.933333,58.183407,5299.333333,186.000000,67.828214,85.333333,0.315270,0.095928,9.967490,9.967490
8,8,5,10.000000,1000,50,0.100000,10,0.050000,1000.000000,0.001000,1,3,101;202;303,historical_only,1.000000,96.680000,5.859511,483.400000,29.297554,4834.000000,297.333333,26.599916,85.000000,0.313903,0.121080,0.000000,0.000000
8,8,5,10.000000,1000,50,0.100000,10,0.050000,1000.000000,0.001000,1,3,101;202;303,real_time_memory_aware,0.500000,106.266667,11.396635,531.333333,56.983175,5313.333333,155.333333,63.876617,85.333333,0.331815,0.090307,9.915874,9.915874
8,9,5,10.000000,1000,50,0.100000,10,0.050000,1000.000000,0.001000,1,3,101;202;303,historical_only,1.000000,95.246667,7.292852,476.233333,36.464260,4762.333333,261.000000,27.652607,85.000000,0.324682,0.126169,0.000000,0.000000
8,9,5,10.000000,1000,50,0.100000,10,0.050000,1000.000000,0.001000,1,3,101;202;303,real_time_memory_aware,0.500000,104.560000,11.261415,522.800000,56.307075,5228.000000,136.000000,65.503181,85.333333,0.333741,0.099715,9.778120,9.778120
8,10,5,10.000000,1000,50,0.100000,10,0.050000,1000.000000,0.001000,1,3,101;202;303,historical_only,1.000000,95.566667,7.201969,477.833333,36.009844,4778.333333,214.333333,2.494438,85.333333,0.319669,0.120142,0.000000,0.000000
8,10,5,10.000000,1000,50,0.100000,10,0.050000,1000.000000,0.001000,1,3,101;202;303,real_time_memory_aware,0.500000,104.633333,11.272342,523.166667,56.361709,5231.666667,131.333333,63.020279,84.333333,0.339273,0.103514,9.487269,9.487269
9,1,5,10.000000,1000,50,0.100000,10,0.050000,1000.000000,0.001000,1,3,101;202;303,historical_only,1.000000,89.500000,6.912308,447.500000,34.561539,4475.000000,8706.000000,1331.204217,89.000000,0.559470,0.142287,0.000000,0.000000
9,1,5,10.000000,1000,50,0.100000,10,0.050000,1000.000000,0.001000,1,3,101;202;303,real_time_memory_aware,0.500000,89.500000,6.912308,447.500000,34.561539,4475.000000,8706.000000,1331.204217,89.000000,0.559470,0.142287,0.000000,0.000000
9,2,5,10.000000,1000,50,0.100000,10,0.050000,1000.000000,0.001000,1,3,101;202;303,historical_only,1.000000,103.540000,6.103529,517.700000,30.517645,5177.000000,1721.333333,415.513605,93.000000,0.359110,0.061322,0.000000,0.000000
9,2,5,10.000000,1000,50,0.100000,10,0.050000,1000.000000,0.001000,1,3,101;202;303,real_time_memory_aware,0.500000,114.093333,10.221081,570.466667,51.105403,5704.666667,1258.000000,405.209411,94.333333,0.347210,0.040834,10.192518,10.192518
9,3,5,10.000000,1000,50,0.100000,10,0.050000,1000.000000,0.001000,1,3,101;202;303,historical_only,1.000000,103.913333,8.212614,519.566667,41.063068,5195.666667,962.333333,269.392320,95.000000,0.352040,0.092123,0.000000,0.000000
9,3,5,10.000000,1000,50,0.100000,10,0.050000,1000.000000,0.001000,1,3,101;202;303,real_time_memory_aware,0.500000,113.893333,11.623899,569.466667,58.119494,5694.666667,731.666667,255.097803,95.000000,0.355594,0.072620,9.604157,9.604157
9,4,5,10.000000,1000,50,0.100000,10,0.050000,1000.000000,0.001000,1,3,101;202;303,historical_only,1.000000,102.486667,5.296775,512.433333,26.483873,5124.333333,757.333333,85.826699,95.666667,0.353662,0.108839,0.000000,0.000000
9,4,5,10.000000,1000,50,0.100000,10,0.050000,1000.000000,0.001000,1,3,101;202;303,real_time_memory_aware,0.500000,112.186667,11.947824,560.933333,59.739118,5609.333333,543.000000,179.621825,95.333333,0.359937,0.090957,9.464646,9.464646
9,5,5,10.000000,1000,50,0.100000,10,0.050000,1000.000000,0.001000,1,3,101;202;303,historical_only,1.000000,102.500000,4.824272,512.500000,24.121360,5125.000000,545.333333,62.510444,94.666667,0.335882,0.107120,0.000000,0.000000
9,5,5,10.000000,1000,50,0.100000,10,0.050000,1000.000000,0.001000,1,3,101;202;303,real_time_memory_aware,0.500000,111.006667,12.190940,555.033333,60.954701,5550.333333,393.666667,127.593974,94.666667,0.354442,0.101630,8.299187,8.299187
9,6,5,10.000000,1000,50,0.100000,10,0.050000,1000.000000,0.001000,1,3,101;202;303,historical_only,1.000000,101.786667,6.295021,508.933333,31.475105,5089.333333,473.666667,41.515727,94.333333,0.346552,0.121609,0.000000,0.000000
9,6,5,10.000000,1000,50,0.100000,10,0.050000,1000.000000,0.001000,1,3,101;202;303,real_time_memory_aware,0.500000,111.060000,11.848961,555.300000,59.244803,5553.000000,290.333333,92.449386,95.666667,0.355181,0.096878,9.110558,9.110558
9,7,5,10.000000,1000,50,0.100000,10,0.050000,1000.000000,0.001000,1,3,101;202;303,historical_only,1.000000,101.406667,6.649999,507.033333,33.249996,5070.333333,334.333333,29.533409,95.000000,0.342860,0.126653,0.000000,0.000000
9,7,5,10.000000,1000,50,0.100000,10,0.050000,1000.000000,0.001000,1,3,101;202;303,real_time_memory_aware,0.500000,110.033333,10.904755,550.166667,54.523777,5501.666667,233.333333,69.139151,94.333333,0.353014,0.105255,8.507002,8.507002
9,8,5,10.000000,1000,50,0.100000,10,0.050000,1000.000000,0.001000,1,3,101;202;303,historical_only,1.000000,100.753333,4.884815,503.766667,24.424077,5037.666667,285.666667,12.256518,95.666667,0.347617,0.113381,0.000000,0.000000
9,8,5,10.000000,1000,50,0.100000,10,0.050000,1000.000000,0.001000,1,3,101;202;303,real_time_memory_aware,0.500000,109.506667,12.166241,547.533333,60.831205,5475.333333,201.666667,81.126787,95.666667,0.358009,0.111852,8.687885,8.687885
9,9,5,10.000000,1000,50,0.100000,10,0.050000,1000.000000,0.001000,1,3,101;202;303,historical_only,1.000000,100.913333,6.646309,504.566667,33.231545,5045.666667,253.333333,27.523727,96.000000,0.337339,0.124058,0.000000,0.000000
9,9,5,10.000000,1000,50,0.100000,10,0.050000,1000.000000,0.001000,1,3,101;202;303,real_time_memory_aware,0.500000,108.860000,11.922997,544.300000,59.614987,5443.000000,167.333333,64.339378,95.333333,0.368760,0.110884,7.874744,7.874744
9,10,5,10.000000,1000,50,0.100000,10,0.050000,1000.000000,0.001000,1,3,101;202;303,historical_only,1.000000,100.060000,6.606744,500.300000,33.033720,5003.000000,239.333333,36.114017,95.666667,0.354275,0.126302,0.000000,0.000000
9,10,5,10.000000,1000,50,0.100000,10,0.050000,1000.000000,0.001000,1,3,101;202;303,real_time_memory_aware,0.500000,108.746667,11.694242,543.733333,58.471208,5437.333333,151.666667,56.758749,95.666667,0.365836,0.110687,8.681458,8.681458
10,1,5,10.000000,1000,50,0.100000,10,0.050000,1000.000000,0.001000,1,3,101;202;303,historical_only,1.000000,92.340000,5.935925,461.700000,29.679623,4617.000000,10688.333333,1481.144002,103.000000,0.586368,0.162425,0.000000,0.000000
10,1,5,10.000000,1000,50,0.100000,10,0.050000,1000.000000,0.001000,1,3,101;202;303,real_time_memory_aware,0.500000,92.340000,5.935925,461.700000,29.679623,4617.000000,10688.333333,1481.144002,103.000000,0.586368,0.162425,0.000000,0.000000
10,2,5,10.000000,1000,50,0.100000,10,0.050000,1000.000000,0.001000,1,3,101;202;303,historical_only,1.000000,109.713333,8.068644,548.566667,40.343222,5485.666667,2211.333333,480.529107,101.000000,0.418269,0.061823,0.000000,0.000000
10,2,5,10.000000,1000,50,0.100000,10,0.050000,1000.000000,0.001000,1,3,101;202;303,real_time_memory_aware,0.500000,118.566667,10.599426,592.833333,52.997128,5928.333333,1672.333333,479.802969,105.666667,0.377819,0.038249,8.069514,8.069514
10,3,5,10.000000,1000,50,0.100000,10,0.050000,1000.000000,0.001000,1,3,101;202;303,historical_only,1.000000,108.353333,7.002292,541.766667,35.011458,5417.666667,1139.666667,248.914086,103.333333,0.399710,0.065040,0.000000,0.000000
10,3,5,10.000000,1000,50,0.100000,10,0.050000,1000.000000,0.001000,1,3,101;202;303,real_time_memory_aware,0.500000,118.660000,11.662224,593.300000,58.311120,5933.000000,985.000000,267.268903,105.000000,0.384514,0.055366,9.512090,9.512090
10,4,5,10.000000,1000,50,0.100000,10,0.050000,1000.000000,0.001000,1,3,101;202;303,historical_only,1.000000,108.240000,6.667013,541.200000,33.335067,5412.000000,870.333333,119.402215,105.333333,0.402549,0.084789,0.000000,0.000000
10,4,5,10.000000,1000,50,0.100000,10,0.050000,1000.000000,0.001000,1,3,101;202;303,real_time_memory_aware,0.500000,118.213333,12.500628,591.066667,62.503138,5910.666667,698.666667,213.307811,106.333333,0.402080,0.079943,9.214092,9.214092
10,5,5,10.000000,1000,50,0.100000,10,0.050000,1000.000000,0.001000,1,3,101;202;303,historical_only,1.000000,106.806667,5.712310,534.033333,28.561551,5340.333333,644.333333,99.469705,104.333333,0.407363,0.075118,0.000000,0.000000
10,5,5,10.000000,1000,50,0.100000,10,0.050000,1000.000000,0.001000,1,3,101;202;303,real_time_memory_aware,0.500000,117.193333,12.654868,585.966667,63.274341,5859.666667,535.000000,175.706194,105.000000,0.403716,0.098682,9.724736,9.724736
10,6,5,10.000000,1000,50,0.100000,10,0.050000,1000.000000,0.001000,1,3,101;202;303,historical_only,1.000000,106.486667,7.658552,532.433333,38.292761,5324.333333,525.666667,109.399370,105.000000,0.400852,0.111404,0.000000,0.000000
10,6,5,10.000000,1000,50,0.100000,10,0.050000,1000.000000,0.001000,1,3,101;202;303,real_time_memory_aware,0.500000,115.726667,13.408468,578.633333,67.042342,5786.333333,407.333333,126.185930,105.333333,0.404399,0.091946,8.677143,8.677143
10,7,5,10.000000,1000,50,0.100000,10,0.050000,1000.000000,0.001000,1,3,101;202;303,historical_only,1.000000,105.660000,6.156817,528.300000,30.784087,5283.000000,399.000000,62.870237,106.000000,0.405683,0.105202,0.000000,0.000000
10,7,5,10.000000,1000,50,0.100000,10,0.050000,1000.000000,0.001000,1,3,101;202;303,real_time_memory_aware,0.500000,114.913333,12.827100,574.566667,64.135499,5745.666667,327.333333,105.151742,106.000000,0.416858,0.099603,8.757650,8.757650
10,8,5,10.000000,1000,50,0.100000,10,0.050000,1000.000000,0.001000,1,3,101;202;303,historical_only,1.000000,105.000000,7.026825,525.000000,35.134124,5250.000000,356.666667,83.746973,106.333333,0.403158,0.103866,0.000000,0.000000
10,8,5,10.000000,1000,50,0.100000,10,0.050000,1000.000000,0.001000,1,3,101;202;303,real_time_memory_aware,0.500000,114.333333,12.702129,571.666667,63.510647,5716.666667,266.000000,88.547539,106.000000,0.409783,0.111986,8.888889,8.888889
10,9,5,10.000000,1000,50,0.100000,10,0.050000,1000.000000,0.001000,1,3,101;202;303,historical_only,1.000000,103.366667,7.151715,516.833333,35.758573,5168.333333,315.000000,75.701167,104.666667,0.405860,0.123565,0.000000,0.000000
10,9,5,10.000000,1000,50,0.100000,10,0.050000,1000.000000,0.001000,1,3,101;202;303,real_time_memory_aware,0.500000,113.726667,10.235368,568.633333,51.176839,5686.333333,220.000000,70.370448,106.333333,0.407751,0.097305,10.022573,10.022573
10,10,5,10.000000,1000,50,0.100000,10,0.050000,1000.000000,0.001000,1,3,101;202;303,historical_only,1.000000,105.020000,6.000089,525.100000,30.000444,5251.000000,235.000000,36.083237,106.333333,0.393244,0.103191,0.000000,0.000000
10,10,5,10.000000,1000,50,0.100000,10,0.050000,1000.000000,0.001000,1,3,101;202;303,real_time_memory_aware,0.500000,113.346667,11.928971,566.733333,59.644856,5667.333333,187.333333,51.648384,105.333333,0.404284,0.101579,7.928649,7.928649
11,1,5,10.000000,1000,50,0.100000,10,0.050000,1000.000000,0.001000,1,3,101;202;303,historical_only,1.000000,93.346667,4.533088,466.733333,22.665441,4667.333333,12551.333333,1589.874698,114.000000,0.617406,0.087543,0.000000,0.000000
11,1,5,10.000000,1000,50,0.100000,10,0.050000,1000.000000,0.001000,1,3,101;202;303,real_time_memory_aware,0.500000,93.346667,4.533088,466.733333,22.665441,4667.333333,12551.333333,1589.874698,114.000000,0.617406,0.087543,0.000000,0.000000
11,2,5,10.000000,1000,50,0.100000,10,0.050000,1000.000000,0.001000,1,3,101;202;303,historical_only,1.000000,110.600000,8.086136,553.000000,40.430681,5530.000000,2767.333333,591.360766,113.000000,0.420097,0.064242,0.000000,0.000000
11,2,5,10.000000,1000,50,0.100000,10,0.050000,1000.000000,0.001000,1,3,101;202;303,real_time_memory_aware,0.500000,119.960000,10.983782,599.800000,54.918910,5998.000000,2218.666667,635.279116,114.333333,0.388159,0.038492,8.462929,8.462929
11,3,5,10.000000,1000,50,0.100000,10,0.050000,1000.000000,0.001000,1,3,101;202;303,historical_only,1.000000,109.913333,7.584130,549.566667,37.920648,5495.666667,1476.666667,358.824315,116.000000,0.412149,0.062770,0.000000,0.000000
11,3,5,10.000000,1000,50,0.100000,10,0.050000,1000.000000,0.001000,1,3,101;202;303,real_time_memory_aware,0.500000,120.640000,10.586268,603.200000,52.931339,6032.000000,1241.333333,317.616470,117.000000,0.382825,0.040189,9.759204,9.759204
11,4,5,10.000000,1000,50,0.100000,10,0.050000,1000.000000,0.001000,1,3,101;202;303,historical_only,1.000000,109.693333,7.299467,548.466667,36.497336,5484.666667,1028.000000,188.304718,114.666667,0.386394,0.070559,0.000000,0.000000
11,4,5,10.000000,1000,50,0.100000,10,0.050000,1000.000000,0.001000,1,3,101;202;303,real_time_memory_aware,0.500000,119.873333,10.149684,599.366667,50.748421,5993.666667,875.000000,190.369816,115.666667,0.382367,0.039935,9.280418,9.280418
11,5,5,10.000000,1000,50,0.100000,10,0.050000,1000.000000,0.001000,1,3,101;202;303,historical_only,1.000000,109.706667,6.414345,548.533333,32.071725,5485.333333,719.666667,147.205827,115.666667,0.381701,0.074129,0.000000,0.000000
11,5,5,10.000000,1000,50,0.100000,10,0.050000,1000.000000,0.001000,1,3,101;202;303,real_time_memory_aware,0.500000,118.773333,11.729954,593.866667,58.649770,5938.666667,661.333333,156.755294,116.666667,0.398049,0.062087,8.264463,8.264463
11,6,5,10.000000,1000,50,0.100000,10,0.050000,1000.000000,0.001000,1,3,101;202;303,historical_only,1.000000,109.046667,5.726531,545.233333,28.632654,5452.333333,585.666667,77.572905,116.666667,0.393796,0.079214,0.000000,0.000000
11,6,5,10.000000,1000,50,0.100000,10,0.050000,1000.000000,0.001000,1,3,101;202;303,real_time_memory_aware,0.500000,118.466667,11.558839,592.333333,57.794194,5923.333333,492.666667,90.337638,116.333333,0.396996,0.057305,8.638503,8.638503
11,7,5,10.000000,1000,50,0.100000,10,0.050000,1000.000000,0.001000,1,3,101;202;303,historical_only,1.000000,109.666667,5.521892,548.333333,27.609459,5483.333333,451.333333,44.063086,116.666667,0.376655,0.068805,0.000000,0.000000
11,7,5,10.000000,1000,50,0.100000,10,0.050000,1000.000000,0.001000,1,3,101;202;303,real_time_memory_aware,0.500000,117.466667,11.108391,587.333333,55.541956,5873.333333,391.000000,81.108980,115.333333,0.379234,0.070106,7.112462,7.112462
11,8,5,10.000000,1000,50,0.100000,10,0.050000,1000.000000,0.001000,1,3,101;202;303,historical_only,1.000000,108.060000,5.695776,540.300000,28.478881,5403.000000,374.000000,15.641824,116.000000,0.381839,0.073492,0.000000,0.000000
11,8,5,10.000000,1000,50,0.100000,10,0.050000,1000.000000,0.001000,1,3,101;202;303,real_time_memory_aware,0.500000,116.593333,11.990633,582.966667,59.953167,5829.666667,329.666667,72.706411,117.000000,0.389632,0.077468,7.896847,7.896847
11,9,5,10.000000,1000,50,0.100000,10,0.050000,1000.000000,0.001000,1,3,101;202;303,historical_only,1.000000,107.413333,5.882615,537.066667,29.413073,5370.666667,369.000000,103.124520,116.000000,0.393905,0.080223,0.000000,0.000000
11,9,5,10.000000,1000,50,0.100000,10,0.050000,1000.000000,0.001000,1,3,101;202;303,real_time_memory_aware,0.500000,116.706667,11.813679,583.533333,59.068397,5835.333333,266.000000,50.523922,116.000000,0.390758,0.077544,8.651936,8.651936
11,10,5,10.000000,1000,50,0.100000,10,0.050000,1000.000000,0.001000,1,3,101;202;303,historical_only,1.000000,106.806667,5.186375,534.033333,25.931877,5340.333333,267.333333,30.901276,116.333333,0.378798,0.069761,0.000000,0.000000
11,10,5,10.000000,1000,50,0.100000,10,0.050000,1000.000000,0.001000,1,3,101;202;303,real_time_memory_aware,0.500000,116.666667,11.173974,583.333333,55.869869,5833.333333,220.666667,45.536310,117.333333,0.391227,0.069148,9.231633,9.231633
12,1,5,10.000000,1000,50,0.100000,10,0.050000,1000.000000,0.001000,1,3,101;202;303,historical_only,1.000000,93.113333,4.834662,465.566667,24.173309,4655.666667,14655.666667,1738.768594,120.666667,0.616860,0.100623,0.000000,0.000000
12,1,5,10.000000,1000,50,0.100000,10,0.050000,1000.000000,0.001000,1,3,101;202;303,real_time_memory_aware,0.500000,93.113333,4.834662,465.566667,24.173309,4655.666667,14655.666667,1738.768594,120.666667,0.616860,0.100623,0.000000,0.000000
12,2,5,10.000000,1000,50,0.100000,10,0.050000,1000.000000,0.001000,1,3,101;202;303,historical_only,1.000000,111.906667,7.769519,559.533333,38.847594,5595.333333,3357.666667,699.054759,124.000000,0.379576,0.073668,0.000000,0.000000
12,2,5,10.000000,1000,50,0.100000,10,0.050000,1000.000000,0.001000,1,3,101;202;303,real_time_memory_aware,0.500000,120.346667,9.783664,601.733333,48.918322,6017.333333,2781.000000,801.189532,125.333333,0.363022,0.042590,7.541999,7.541999
12,3,5,10.000000,1000,50,0.100000,10,0.050000,1000.000000,0.001000,1,3,101;202;303,historical_only,1.000000,111.353333,9.131752,556.766667,45.658758,5567.666667,1772.333333,434.055552,126.666667,0.401339,0.072467,0.000000,0.000000
12,3,5,10.000000,1000,50,0.100000,10,0.050000,1000.000000,0.001000,1,3,101;202;303,real_time_memory_aware,0.500000,120.566667,9.483970,602.833333,47.419851,6028.333333,1614.000000,431.676576,124.333333,0.378299,0.037034,8.273963,8.273963
12,4,5,10.000000,1000,50,0.100000,10,0.050000,1000.000000,0.001000,1,3,101;202;303,historical_only,1.000000,110.820000,7.766750,554.100000,38.833748,5541.000000,1210.333333,289.570180,127.000000,0.398078,0.063184,0.000000,0.000000
12,4,5,10.000000,1000,50,0.100000,10,0.050000,1000.000000,0.001000,1,3,101;202;303,real_time_memory_aware,0.500000,119.946667,10.102229,599.733333,50.511143,5997.333333,1088.666667,251.270549,125.666667,0.375483,0.044693,8.235577,8.235577
12,5,5,10.000000,1000,50,0.100000,10,0.050000,1000.000000,0.001000,1,3,101;202;303,historical_only,1.000000,110.820000,7.423710,554.100000,37.118549,5541.000000,899.333333,308.017676,128.000000,0.402835,0.088419,0.000000,0.000000
12,5,5,10.000000,1000,50,0.100000,10,0.050000,1000.000000,0.001000,1,3,101;202;303,real_time_memory_aware,0.500000,119.633333,10.600583,598.166667,53.002914,5981.666667,868.000000,218.862209,126.333333,0.396344,0.051775,7.952836,7.952836
12,6,5,10.000000,1000,50,0.100000,10,0.050000,1000.000000,0.001000,1,3,101;202;303,historical_only,1.000000,110.433333,6.292648,552.166667,31.463241,5521.666667,730.000000,134.320512,128.000000,0.382535,0.071723,0.000000,0.000000
12,6,5,10.000000,1000,50,0.100000,10,0.050000,1000.000000,0.001000,1,3,101;202;303,real_time_memory_aware,0.500000,118.686667,11.122761,593.433333,55.613807,5934.333333,668.666667,169.629662,124.666667,0.393269,0.063079,7.473589,7.473589
12,7,5,10.000000,1000,50,0.100000,10,0.050000,1000.000000,0.001000,1,3,101;202;303,historical_only,1.000000,108.086667,7.765571,540.433333,38.827854,5404.333333,634.333333,160.445906,127.333333,0.414596,0.077951,0.000000,0.000000
12,7,5,10.000000,1000,50,0.100000,10,0.050000,1000.000000,0.001000,1,3,101;202;303,real_time_memory_aware,0.500000,118.360000,10.881336,591.800000,54.406679,5918.000000,509.666667,104.691080,127.666667,0.387841,0.062195,9.504718,9.504718
12,8,5,10.000000,1000,50,0.100000,10,0.050000,1000.000000,0.001000,1,3,101;202;303,historical_only,1.000000,107.713333,6.736613,538.566667,33.683065,5385.666667,531.333333,158.630248,127.333333,0.402041,0.078461,0.000000,0.000000
12,8,5,10.000000,1000,50,0.100000,10,0.050000,1000.000000,0.001000,1,3,101;202;303,real_time_memory_aware,0.500000,117.566667,11.673438,587.833333,58.367190,5878.333333,407.000000,84.864598,128.000000,0.393802,0.062436,9.147738,9.147738
12,9,5,10.000000,1000,50,0.100000,10,0.050000,1000.000000,0.001000,1,3,101;202;303,historical_only,1.000000,108.900000,5.946226,544.500000,29.731128,5445.000000,405.666667,86.534515,126.666667,0.381537,0.094800,0.000000,0.000000
12,9,5,10.000000,1000,50,0.100000,10,0.050000,1000.000000,0.001000,1,3,101;202;303,real_time_memory_aware,0.500000,117.146667,11.644127,585.733333,58.220634,5857.333333,351.666667,79.087856,127.333333,0.396730,0.077410,7.572697,7.572697
12,10,5,10.000000,1000,50,0.100000,10,0.050000,1000.000000,0.001000,1,3,101;202;303,historical_only,1.000000,108.560000,4.540220,542.800000,22.701101,5428.000000,288.000000,33.970576,127.666667,0.365669,0.071754,0.000000,0.000000
12,10,5,10.000000,1000,50,0.100000,10,0.050000,1000.000000,0.001000,1,3,101;202;303,real_time_memory_aware,0.500000,116.366667,12.211059,581.833333,61.055294,5818.333333,302.000000,69.488608,127.666667,0.394889,0.077925,7.191108,7.191108
13,1,5,10.000000,1000,50,0.100000,10,0.050000,1000.000000,0.001000,1,3,101;202;303,historical_only,1.000000,93.460000,4.308998,467.300000,21.544992,4673.000000,16727.333333,1942.700240,131.666667,0.622206,0.080993,0.000000,0.000000
13,1,5,10.000000,1000,50,0.100000,10,0.050000,1000.000000,0.001000,1,3,101;202;303,real_time_memory_aware,0.500000,93.460000,4.308998,467.300000,21.544992,4673.000000,16727.333333,1942.700240,131.666667,0.622206,0.080993,0.000000,0.000000
13,2,5,10.000000,1000,50,0.100000,10,0.050000,1000.000000,0.001000,1,3,101;202;303,historical_only,1.000000,112.713333,8.924339,563.566667,44.621694,5635.666667,4036.000000,909.841012,136.000000,0.381167,0.084128,0.000000,0.000000
13,2,5,10.000000,1000,50,0.100000,10,0.050000,1000.000000,0.001000,1,3,101;202;303,real_time_memory_aware,0.500000,120.140000,9.840772,600.700000,49.203862,6007.000000,3342.000000,1023.115178,135.333333,0.358742,0.051532,6.588987,6.588987
13,3,5,10.000000,1000,50,0.100000,10,0.050000,1000.000000,0.001000,1,3,101;202;303,historical_only,1.000000,113.380000,9.546574,566.900000,47.732868,5669.000000,2096.333333,626.860077,137.000000,0.369768,0.083565,0.000000,0.000000
13,3,5,10.000000,1000,50,0.100000,10,0.050000,1000.000000,0.001000,1,3,101;202;303,real_time_memory_aware,0.500000,120.853333,9.721349,604.266667,48.606744,6042.666667,1924.000000,597.842789,136.000000,0.352966,0.065304,6.591404,6.591404
13,4,5,10.000000,1000,50,0.100000,10,0.050000,1000.000000,0.001000,1,3,101;202;303,historical_only,1.000000,112.780000,7.924107,563.900000,39.620533,5639.000000,1424.000000,403.326997,137.000000,0.364079,0.081449,0.000000,0.000000
13,4,5,10.000000,1000,50,0.100000,10,0.050000,1000.000000,0.001000,1,3,101;202;303,real_time_memory_aware,0.500000,120.406667,9.813315,602.033333,49.066576,6020.333333,1327.333333,376.524752,135.666667,0.364165,0.065480,6.762428,6.762428
13,5,5,10.000000,1000,50,0.100000,10,0.050000,1000.000000,0.001000,1,3,101;202;303,historical_only,1.000000,112.626667,7.864542,563.133333,39.322710,5631.333333,1055.000000,419.238198,135.000000,0.362578,0.097168,0.000000,0.000000
13,5,5,10.000000,1000,50,0.100000,10,0.050000,1000.000000,0.001000,1,3,101;202;303,real_time_memory_aware,0.500000,120.080000,10.630936,600.400000,53.154680,6004.000000,980.666667,293.276131,137.000000,0.373214,0.072937,6.617734,6.617734
13,6,5,10.000000,1000,50,0.100000,10,0.050000,1000.000000,0.001000,1,3,101;202;303,historical_only,1.000000,112.093333,7.671077,560.466667,38.355385,5604.666667,908.333333,361.832681,138.000000,0.366259,0.108102,0.000000,0.000000
13,6,5,10.000000,1000,50,0.100000,10,0.050000,1000.000000,0.001000,1,3,101;202;303,real_time_memory_aware,0.500000,120.253333,11.001046,601.266667,55.005232,6012.666667,744.333333,219.205130,138.000000,0.370595,0.078598,7.279648,7.279648
13,7,5,10.000000,1000,50,0.100000,10,0.050000,1000.000000,0.001000,1,3,101;202;303,historical_only,1.000000,110.206667,6.962477,551.033333,34.812386,5510.333333,666.000000,225.570388,137.666667,0.365364,0.103074,0.000000,0.000000
13,7,5,10.000000,1000,50,0.100000,10,0.050000,1000.000000,0.001000,1,3,101;202;303,real_time_memory_aware,0.500000,119.126667,11.635421,595.633333,58.177105,5956.333333,620.666667,186.533881,138.333333,0.376988,0.090242,8.093884,8.093884
13,8,5,10.000000,1000,50,0.100000,10,0.050000,1000.000000,0.001000,1,3,101;202;303,historical_only,1.000000,109.120000,8.737292,545.600000,43.686459,5456.000000,566.666667,260.197788,137.000000,0.373952,0.111877,0.000000,0.000000
13,8,5,10.000000,1000,50,0.100000,10,0.050000,1000.000000,0.001000,1,3,101;202;303,real_time_memory_aware,0.500000,117.646667,11.972305,588.233333,59.861525,5882.333333,506.666667,155.594202,138.333333,0.378273,0.092184,7.814027,7.814027
13,9,5,10.000000,1000,50,0.100000,10,0.050000,1000.000000,0.001000,1,3,101;202;303,historical_only,1.000000,110.013333,6.834624,550.066667,34.173121,5500.666667,449.333333,193.425840,138.333333,0.362946,0.106999,0.000000,0.000000
13,9,5,10.000000,1000,50,0.100000,10,0.050000,1000.000000,0.001000,1,3,101;202;303,real_time_memory_aware,0.500000,117.713333,11.643257,588.566667,58.216283,5885.666667,423.000000,140.615314,137.666667,0.376351,0.090623,6.999152,6.999152
13,10,5,10.000000,1000,50,0.100000,10,0.050000,1000.000000,0.001000,1,3,101;202;303,historical_only,1.000000,108.780000,7.094392,543.900000,35.471961,5439.000000,350.333333,145.038692,137.000000,0.353547,0.115526,0.000000,0.000000
13,10,5,10.000000,1000,50,0.100000,10,0.050000,1000.000000,0.001000,1,3,101;202;303,real_time_memory_aware,0.500000,116.966667,12.605526,584.833333,63.027631,5848.333333,333.666667,123.299995,138.000000,0.374735,0.096147,7.525893,7.525893
14,1,5,10.000000,1000,50,0.100000,10,0.050000,1000.000000,0.001000,1,3,101;202;303,historical_only,1.000000,92.800000,5.222439,464.000000,26.112194,4640.000000,18817.666667,2188.222465,143.666667,0.640124,0.084918,0.000000,0.000000
14,1,5,10.000000,1000,50,0.100000,10,0.050000,1000.000000,0.001000,1,3,101;202;303,real_time_memory_aware,0.500000,92.800000,5.222439,464.000000,26.112194,4640.000000,18817.666667,2188.222465,143.666667,0.640124,0.084918,0.000000,0.000000
14,2,5,10.000000,1000,50,0.100000,10,0.050000,1000.000000,0.001000,1,3,101;202;303,historical_only,1.000000,114.693333,11.302393,573.466667,56.511965,5734.666667,4621.000000,1058.072146,139.666667,0.392148,0.083554,0.000000,0.000000
14,2,5,10.000000,1000,50,0.100000,10,0.050000,1000.000000,0.001000,1,3,101;202;303,real_time_memory_aware,0.500000,118.673333,10.000604,593.366667,50.003022,5933.666667,4005.000000,1201.118090,139.333333,0.370504,0.069917,3.470123,3.470123
14,3,5,10.000000,1000,50,0.100000,10,0.050000,1000.000000,0.001000,1,3,101;202;303,historical_only,1.000000,113.560000,9.381187,567.800000,46.905934,5678.000000,2580.666667,666.166312,148.666667,0.386343,0.081125,0.000000,0.000000
14,3,5,10.000000,1000,50,0.100000,10,0.050000,1000.000000,0.001000,1,3,101;202;303,real_time_memory_aware,0.500000,120.120000,9.163231,600.600000,45.816154,6006.000000,2342.000000,729.328915,145.333333,0.372405,0.065006,5.776682,5.776682
14,4,5,10.000000,1000,50,0.100000,10,0.050000,1000.000000,0.001000,1,3,101;202;303,historical_only,1.000000,111.786667,10.125984,558.933333,50.629921,5589.333333,1950.000000,850.394418,145.000000,0.395743,0.116423,0.000000,0.000000
14,4,5,10.000000,1000,50,0.100000,10,0.050000,1000.000000,0.001000,1,3,101;202;303,real_time_memory_aware,0.500000,120.673333,9.675431,603.366667,48.377153,6033.666667,1577.000000,497.254462,148.000000,0.364738,0.068214,7.949666,7.949666
14,5,5,10.000000,1000,50,0.100000,10,0.050000,1000.000000,0.001000,1,3,101;202;303,historical_only,1.000000,112.520000,8.600016,562.600000,43.000078,5626.000000,1320.000000,515.795179,149.000000,0.390232,0.119945,0.000000,0.000000
14,5,5,10.000000,1000,50,0.100000,10,0.050000,1000.000000,0.001000,1,3,101;202;303,real_time_memory_aware,0.500000,119.793333,9.866000,598.966667,49.330000,5989.666667,1187.666667,366.651818,148.000000,0.384220,0.070205,6.464036,6.464036
14,6,5,10.000000,1000,50,0.100000,10,0.050000,1000.000000,0.001000,1,3,101;202;303,historical_only,1.000000,111.046667,11.424854,555.233333,57.124270,5552.333333,1092.333333,455.643379,148.000000,0.388910,0.132899,0.000000,0.000000
14,6,5,10.000000,1000,50,0.100000,10,0.050000,1000.000000,0.001000,1,3,101;202;303,real_time_memory_aware,0.500000,119.373333,8.749771,596.866667,43.748854,5968.666667,911.333333,257.672057,148.666667,0.380120,0.055306,7.498349,7.498349
14,7,5,10.000000,1000,50,0.100000,10,0.050000,1000.000000,0.001000,1,3,101;202;303,historical_only,1.000000,111.993333,7.802843,559.966667,39.014214,5599.666667,885.333333,399.881093,148.000000,0.393971,0.109263,0.000000,0.000000
14,7,5,10.000000,1000,50,0.100000,10,0.050000,1000.000000,0.001000,1,3,101;202;303,real_time_memory_aware,0.500000,118.380000,9.483347,591.900000,47.416734,5919.000000,756.000000,218.077968,146.666667,0.378203,0.081410,5.702720,5.702720
14,8,5,10.000000,1000,50,0.100000,10,0.050000,1000.000000,0.001000,1,3,101;202;303,historical_only,1.000000,110.906667,9.279904,554.533333,46.399521,5545.333333,661.000000,280.949580,149.000000,0.369823,0.105145,0.000000,0.000000
14,8,5,10.000000,1000,50,0.100000,10,0.050000,1000.000000,0.001000,1,3,101;202;303,real_time_memory_aware,0.500000,117.506667,11.885659,587.533333,59.428295,5875.333333,620.000000,216.413185,147.666667,0.380049,0.097903,5.950950,5.950950
14,9,5,10.000000,1000,50,0.100000,10,0.050000,1000.000000,0.001000,1,3,101;202;303,historical_only,1.000000,110.780000,7.849399,553.900000,39.246996,5539.000000,583.000000,294.650075,145.000000,0.366996,0.128549,0.000000,0.000000
14,9,5,10.000000,1000,50,0.100000,10,0.050000,1000.000000,0.001000,1,3,101;202;303,real_time_memory_aware,0.500000,117.453333,10.496696,587.266667,52.483479,5872.666667,488.000000,178.935743,148.666667,0.381036,0.086907,6.023951,6.023951
14,10,5,10.000000,1000,50,0.100000,10,0.050000,1000.000000,0.001000,1,3,101;202;303,historical_only,1.000000,110.926667,6.196888,554.633333,30.984441,5546.333333,440.000000,151.122467,148.333333,0.347264,0.107004,0.000000,0.000000
14,10,5,10.000000,1000,50,0.100000,10,0.050000,1000.000000,0.001000,1,3,101;202;303,real_time_memory_aware,0.500000,117.080000,10.216940,585.400000,51.084701,5854.000000,433.000000,151.501375,148.666667,0.383639,0.085263,5.547208,5.547208
15,1,5,10.000000,1000,50,0.100000,10,0.050000,1000.000000,0.001000,1,3,101;202;303,historical_only,1.000000,92.320000,5.937429,461.600000,29.687146,4616.000000,20972.000000,2369.185092,156.333333,0.639290,0.096580,0.000000,0.000000
15,1,5,10.000000,1000,50,0.100000,10,0.050000,1000.000000,0.001000,1,3,101;202;303,real_time_memory_aware,0.500000,92.320000,5.937429,461.600000,29.687146,4616.000000,20972.000000,2369.185092,156.333333,0.639290,0.096580,0.000000,0.000000
15,2,5,10.000000,1000,50,0.100000,10,0.050000,1000.000000,0.001000,1,3,101;202;303,historical_only,1.000000,112.840000,9.895575,564.200000,49.477874,5642.000000,5466.000000,1164.492450,153.333333,0.417921,0.084919,0.000000,0.000000
15,2,5,10.000000,1000,50,0.100000,10,0.050000,1000.000000,0.001000,1,3,101;202;303,real_time_memory_aware,0.500000,118.333333,8.885679,591.666667,44.428394,5916.666667,4728.000000,1354.368488,153.666667,0.382300,0.052109,4.868250,4.868250
15,3,5,10.000000,1000,50,0.100000,10,0.050000,1000.000000,0.001000,1,3,101;202;303,historical_only,1.000000,112.993333,10.026051,564.966667,50.130253,5649.666667,3176.333333,938.612569,157.333333,0.396842,0.091842,0.000000,0.000000
15,3,5,10.000000,1000,50,0.100000,10,0.050000,1000.000000,0.001000,1,3,101;202;303,real_time_memory_aware,0.500000,119.480000,9.812686,597.400000,49.063428,5974.000000,2774.666667,865.311248,159.000000,0.381117,0.065557,5.740752,5.740752
15,4,5,10.000000,1000,50,0.100000,10,0.050000,1000.000000,0.001000,1,3,101;202;303,historical_only,1.000000,112.946667,13.556148,564.733333,67.780741,5647.333333,2237.666667,1043.129053,156.333333,0.416328,0.130392,0.000000,0.000000
15,4,5,10.000000,1000,50,0.100000,10,0.050000,1000.000000,0.001000,1,3,101;202;303,real_time_memory_aware,0.500000,119.333333,9.413428,596.666667,47.067139,5966.666667,1879.333333,608.513672,157.333333,0.382737,0.068888,5.654586,5.654586
15,5,5,10.000000,1000,50,0.100000,10,0.050000,1000.000000,0.001000,1,3,101;202;303,historical_only,1.000000,112.780000,9.958675,563.900000,49.793373,5639.000000,1555.666667,662.182922,158.333333,0.394404,0.105996,0.000000,0.000000
15,5,5,10.000000,1000,50,0.100000,10,0.050000,1000.000000,0.001000,1,3,101;202;303,real_time_memory_aware,0.500000,118.586667,9.864986,592.933333,49.324932,5929.333333,1415.333333,440.938645,159.000000,0.391671,0.066997,5.148667,5.148667
15,6,5,10.000000,1000,50,0.100000,10,0.050000,1000.000000,0.001000,1,3,101;202;303,historical_only,1.000000,113.373333,10.203350,566.866667,51.016751,5668.666667,1256.000000,549.620475,155.333333,0.393298,0.117004,0.000000,0.000000
15,6,5,10.000000,1000,50,0.100000,10,0.050000,1000.000000,0.001000,1,3,101;202;303,real_time_memory_aware,0.500000,118.906667,9.602949,594.533333,48.014743,5945.333333,1074.000000,350.953938,157.333333,0.389053,0.075312,4.880630,4.880630
15,7,5,10.000000,1000,50,0.100000,10,0.050000,1000.000000,0.001000,1,3,101;202;303,historical_only,1.000000,111.893333,8.739952,559.466667,43.699758,5594.666667,989.333333,490.781916,158.333333,0.392250,0.119180,0.000000,0.000000
15,7,5,10.000000,1000,50,0.100000,10,0.050000,1000.000000,0.001000,1,3,101;202;303,real_time_memory_aware,0.500000,118.780000,9.169122,593.900000,45.845610,5939.000000,867.000000,258.844870,160.000000,0.378407,0.077176,6.154671,6.154671
15,8,5,10.000000,1000,50,0.100000,10,0.050000,1000.000000,0.001000,1,3,101;202;303,historical_only,1.000000,110.726667,10.114100,553.633333,50.570501,5536.333333,747.666667,276.998596,159.666667,0.381655,0.103948,0.000000,0.000000
15,8,5,10.000000,1000,50,0.100000,10,0.050000,1000.000000,0.001000,1,3,101;202;303,real_time_memory_aware,0.500000,117.613333,9.629182,588.066667,48.145912,5880.666667,729.333333,238.720664,159.000000,0.387762,0.080134,6.219520,6.219520
15,9,5,10.000000,1000,50,0.100000,10,0.050000,1000.000000,0.001000,1,3,101;202;303,historical_only,1.000000,111.646667,8.780985,558.233333,43.904923,5582.333333,694.666667,407.393613,157.666667,0.390428,0.123132,0.000000,0.000000
15,9,5,10.000000,1000,50,0.100000,10,0.050000,1000.000000,0.001000,1,3,101;202;303,real_time_memory_aware,0.500000,116.353333,10.394336,581.766667,51.971680,5817.666667,616.000000,221.920406,159.333333,0.402516,0.091095,4.215680,4.215680
15,10,5,10.000000,1000,50,0.100000,10,0.050000,1000.000000,0.001000,1,3,101;202;303,historical_only,1.000000,109.273333,10.181373,546.366667,50.906865,5463.666667,509.666667,308.625267,159.666667,0.386722,0.122313,0.000000,0.000000
15,10,5,10.000000,1000,50,0.100000,10,0.050000,1000.000000,0.001000,1,3,101;202;303,real_time_memory_aware,0.500000,116.626667,10.587594,583.133333,52.937972,5831.333333,524.666667,194.741424,158.666667,0.398925,0.098653,6.729303,6.729303
16,1,5,10.000000,1000,50,0.100000,10,0.050000,1000.000000,0.001000,1,3,101;202;303,historical_only,1.000000,92.146667,6.699041,460.733333,33.495207,4607.333333,23091.000000,2488.930024,166.666667,0.602912,0.167476,0.000000,0.000000
16,1,5,10.000000,1000,50,0.100000,10,0.050000,1000.000000,0.001000,1,3,101;202;303,real_time_memory_aware,0.500000,92.146667,6.699041,460.733333,33.495207,4607.333333,23091.000000,2488.930024,166.666667,0.602912,0.167476,0.000000,0.000000
16,2,5,10.000000,1000,50,0.100000,10,0.050000,1000.000000,0.001000,1,3,101;202;303,historical_only,1.000000,113.093333,10.282896,565.466667,51.414481,5654.666667,6319.333333,1218.656182,165.333333,0.411446,0.080380,0.000000,0.000000
16,2,5,10.000000,1000,50,0.100000,10,0.050000,1000.000000,0.001000,1,3,101;202;303,real_time_memory_aware,0.500000,117.160000,8.798970,585.800000,43.994848,5858.000000,5416.666667,1490.354842,164.666667,0.401657,0.043063,3.595850,3.595850
16,3,5,10.000000,1000,50,0.100000,10,0.050000,1000.000000,0.001000,1,3,101;202;303,historical_only,1.000000,111.280000,19.698304,556.400000,98.491522,5564.000000,3921.000000,1752.722073,164.000000,0.462043,0.172991,0.000000,0.000000
16,3,5,10.000000,1000,50,0.100000,10,0.050000,1000.000000,0.001000,1,3,101;202;303,real_time_memory_aware,0.500000,119.786667,9.322293,598.933333,46.611467,5989.333333,3154.333333,950.200096,160.666667,0.391374,0.049355,7.644381,7.644381
16,4,5,10.000000,1000,50,0.100000,10,0.050000,1000.000000,0.001000,1,3,101;202;303,historical_only,1.000000,113.766667,12.718410,568.833333,63.592051,5688.333333,2488.333333,944.249379,166.666667,0.406696,0.108301,0.000000,0.000000
16,4,5,10.000000,1000,50,0.100000,10,0.050000,1000.000000,0.001000,1,3,101;202;303,real_time_memory_aware,0.500000,118.493333,9.558136,592.466667,47.790678,5924.666667,2219.666667,684.390889,165.666667,0.393242,0.063889,4.154703,4.154703
16,5,5,10.000000,1000,50,0.100000,10,0.050000,1000.000000,0.001000,1,3,101;202;303,historical_only,1.000000,108.380000,20.539698,541.900000,102.698491,5419.000000,2181.000000,1199.640780,167.666667,0.468937,0.200714,0.000000,0.000000
16,5,5,10.000000,1000,50,0.100000,10,0.050000,1000.000000,0.001000,1,3,101;202;303,real_time_memory_aware,0.500000,118.346667,9.615894,591.733333,48.079471,5917.333333,1614.666667,502.175489,167.666667,0.400088,0.068823,9.196039,9.196039
16,6,5,10.000000,1000,50,0.100000,10,0.050000,1000.000000,0.001000,1,3,101;202;303,historical_only,1.000000,113.300000,10.590297,566.500000,52.951487,5665.000000,1487.333333,666.541488,169.000000,0.403048,0.134357,0.000000,0.000000
16,6,5,10.000000,1000,50,0.100000,10,0.050000,1000.000000,0.001000,1,3,101;202;303,real_time_memory_aware,0.500000,117.066667,10.607234,585.333333,53.036172,5853.333333,1330.000000,420.159494,168.333333,0.414874,0.075117,3.324507,3.324507
16,7,5,10.000000,1000,50,0.100000,10,0.050000,1000.000000,0.001000,1,3,101;202;303,historical_only,1.000000,113.806667,9.148994,569.033333,45.744969,5690.333333,1108.666667,551.532008,170.000000,0.392646,0.107560,0.000000,0.000000
16,7,5,10.000000,1000,50,0.100000,10,0.050000,1000.000000,0.001000,1,3,101;202;303,real_time_memory_aware,0.500000,117.040000,10.173547,585.200000,50.867737,5852.000000,1058.666667,310.058417,169.333333,0.416066,0.079742,2.841076,2.841076
16,8,5,10.000000,1000,50,0.100000,10,0.050000,1000.000000,0.001000,1,3,101;202;303,historical_only,1.000000,109.446667,12.367876,547.233333,61.839380,5472.333333,992.333333,548.821971,169.000000,0.430188,0.143865,0.000000,0.000000
16,8,5,10.000000,1000,50,0.100000,10,0.050000,1000.000000,0.001000,1,3,101;202;303,real_time_memory_aware,0.500000,115.893333,10.262168,579.466667,51.310839,5794.666667,880.666667,303.561453,169.333333,0.415244,0.086386,5.890236,5.890236
16,9,5,10.000000,1000,50,0.100000,10,0.050000,1000.000000,0.001000,1,3,101;202;303,historical_only,1.000000,111.833333,9.918835,559.166667,49.594175,5591.666667,799.666667,432.794280,168.666667,0.405013,0.128151,0.000000,0.000000
16,9,5,10.000000,1000,50,0.100000,10,0.050000,1000.000000,0.001000,1,3,101;202;303,real_time_memory_aware,0.500000,115.240000,10.880527,576.200000,54.402635,5762.000000,745.000000,275.192054,168.666667,0.421575,0.097625,3.046200,3.046200
16,10,5,10.000000,1000,50,0.100000,10,0.050000,1000.000000,0.001000,1,3,101;202;303,historical_only,1.000000,111.553333,9.298636,557.766667,46.493178,5577.666667,673.666667,412.554912,169.333333,0.411702,0.145845,0.000000,0.000000
16,10,5,10.000000,1000,50,0.100000,10,0.050000,1000.000000,0.001000,1,3,101;202;303,real_time_memory_aware,0.500000,114.926667,9.832359,574.633333,49.161796,5746.333333,612.333333,215.779723,169.000000,0.421684,0.101431,3.023965,3.023965
17,1,5,10.000000,1000,50,0.100000,10,0.050000,1000.000000,0.001000,1,3,101;202;303,historical_only,1.000000,93.306667,4.816232,466.533333,24.081159,4665.333333,25069.000000,2609.795777,178.333333,0.571407,0.152523,0.000000,0.000000
17,1,5,10.000000,1000,50,0.100000,10,0.050000,1000.000000,0.001000,1,3,101;202;303,real_time_memory_aware,0.500000,93.306667,4.816232,466.533333,24.081159,4665.333333,25069.000000,2609.795777,178.333333,0.571407,0.152523,0.000000,0.000000
17,2,5,10.000000,1000,50,0.100000,10,0.050000,1000.000000,0.001000,1,3,101;202;303,historical_only,1.000000,113.973333,12.003303,569.866667,60.016516,5698.666667,7219.333333,1598.426796,177.333333,0.437533,0.078337,0.000000,0.000000
17,2,5,10.000000,1000,50,0.100000,10,0.050000,1000.000000,0.001000,1,3,101;202;303,real_time_memory_aware,0.500000,116.100000,9.135878,580.500000,45.679390,5805.000000,6162.333333,1625.305168,172.333333,0.419401,0.043171,1.865934,1.865934
17,3,5,10.000000,1000,50,0.100000,10,0.050000,1000.000000,0.001000,1,3,101;202;303,historical_only,1.000000,114.640000,11.589317,573.200000,57.946585,5732.000000,4017.000000,1182.324265,179.000000,0.400019,0.082416,0.000000,0.000000
17,3,5,10.000000,1000,50,0.100000,10,0.050000,1000.000000,0.001000,1,3,101;202;303,real_time_memory_aware,0.500000,118.086667,10.529721,590.433333,52.648604,5904.333333,3624.000000,1120.285975,176.666667,0.396581,0.068506,3.006513,3.006513
17,4,5,10.000000,1000,50,0.100000,10,0.050000,1000.000000,0.001000,1,3,101;202;303,historical_only,1.000000,110.853333,17.926147,554.266667,89.630736,5542.666667,3132.666667,1341.460978,176.000000,0.441379,0.154843,0.000000,0.000000
17,4,5,10.000000,1000,50,0.100000,10,0.050000,1000.000000,0.001000,1,3,101;202;303,real_time_memory_aware,0.500000,118.580000,10.266424,592.900000,51.332121,5929.000000,2519.666667,744.737239,178.333333,0.393590,0.064860,6.970171,6.970171
17,5,5,10.000000,1000,50,0.100000,10,0.050000,1000.000000,0.001000,1,3,101;202;303,historical_only,1.000000,113.860000,12.661258,569.300000,63.306292,5693.000000,2146.000000,952.362676,177.000000,0.413894,0.132202,0.000000,0.000000
17,5,5,10.000000,1000,50,0.100000,10,0.050000,1000.000000,0.001000,1,3,101;202;303,real_time_memory_aware,0.500000,117.706667,10.511103,588.533333,52.555516,5885.333333,1894.000000,576.274819,177.333333,0.403487,0.075205,3.378418,3.378418
17,6,5,10.000000,1000,50,0.100000,10,0.050000,1000.000000,0.001000,1,3,101;202;303,historical_only,1.000000,108.266667,18.593550,541.333333,92.967748,5413.333333,1963.333333,1023.918725,180.000000,0.459567,0.188342,0.000000,0.000000
17,6,5,10.000000,1000,50,0.100000,10,0.050000,1000.000000,0.001000,1,3,101;202;303,real_time_memory_aware,0.500000,117.120000,10.971138,585.600000,54.855689,5856.000000,1479.666667,429.076787,178.333333,0.418113,0.082686,8.177340,8.177340
17,7,5,10.000000,1000,50,0.100000,10,0.050000,1000.000000,0.001000,1,3,101;202;303,historical_only,1.000000,111.126667,14.115149,555.633333,70.575743,5556.333333,1350.333333,642.643672,180.000000,0.425328,0.121242,0.000000,0.000000
17,7,5,10.000000,1000,50,0.100000,10,0.050000,1000.000000,0.001000,1,3,101;202;303,real_time_memory_aware,0.500000,116.653333,10.025253,583.266667,50.126263,5832.666667,1219.000000,368.654310,180.333333,0.411712,0.079507,4.973304,4.973304
17,8,5,10.000000,1000,50,0.100000,10,0.050000,1000.000000,0.001000,1,3,101;202;303,historical_only,1.000000,106.573333,15.983636,532.866667,79.918180,5328.666667,1366.666667,713.621904,179.000000,0.448211,0.165395,0.000000,0.000000
17,8,5,10.000000,1000,50,0.100000,10,0.050000,1000.000000,0.001000,1,3,101;202;303,real_time_memory_aware,0.500000,115.940000,10.688923,579.700000,53.444613,5797.000000,1009.333333,335.255458,180.000000,0.418824,0.091752,8.788940,8.788940
17,9,5,10.000000,1000,50,0.100000,10,0.050000,1000.000000,0.001000,1,3,101;202;303,historical_only,1.000000,107.066667,17.499138,535.333333,87.495689,5353.333333,1057.666667,715.201759,179.333333,0.450115,0.183898,0.000000,0.000000
17,9,5,10.000000,1000,50,0.100000,10,0.050000,1000.000000,0.001000,1,3,101;202;303,real_time_memory_aware,0.500000,115.326667,11.508146,576.633333,57.540730,5766.333333,861.666667,307.038905,180.000000,0.426781,0.097765,7.714819,7.714819
17,10,5,10.000000,1000,50,0.100000,10,0.050000,1000.000000,0.001000,1,3,101;202;303,historical_only,1.000000,110.006667,13.307214,550.033333,66.536072,5500.333333,827.666667,496.350906,180.666667,0.412296,0.165773,0.000000,0.000000
17,10,5,10.000000,1000,50,0.100000,10,0.050000,1000.000000,0.001000,1,3,101;202;303,real_time_memory_aware,0.500000,114.533333,9.945590,572.666667,49.727949,5726.666667,757.000000,248.090037,179.333333,0.425997,0.100577,4.114902,4.114902
18,1,5,10.000000,1000,50,0.100000,10,0.050000,1000.000000,0.001000,1,3,101;202;303,historical_only,1.000000,92.060000,6.493217,460.300000,32.466085,4603.000000,27191.666667,2933.808598,188.333333,0.663164,0.097211,0.000000,0.000000
18,1,5,10.000000,1000,50,0.100000,10,0.050000,1000.000000,0.001000,1,3,101;202;303,real_time_memory_aware,0.500000,92.060000,6.493217,460.300000,32.466085,4603.000000,27191.666667,2933.808598,188.333333,0.663164,0.097211,0.000000,0.000000
18,2,5,10.000000,1000,50,0.100000,10,0.050000,1000.000000,0.001000,1,3,101;202;303,historical_only,1.000000,112.146667,10.540972,560.733333,52.704860,5607.333333,8023.666667,1351.599628,185.333333,0.433627,0.074624,0.000000,0.000000
18,2,5,10.000000,1000,50,0.100000,10,0.050000,1000.000000,0.001000,1,3,101;202;303,real_time_memory_aware,0.500000,116.420000,9.526440,582.100000,47.632202,5821.000000,6849.000000,1778.244828,185.666667,0.427830,0.040437,3.810486,3.810486
18,3,5,10.000000,1000,50,0.100000,10,0.050000,1000.000000,0.001000,1,3,101;202;303,historical_only,1.000000,114.900000,13.162685,574.500000,65.813423,5745.000000,4908.666667,1415.305228,188.666667,0.434944,0.082700,0.000000,0.000000
18,3,5,10.000000,1000,50,0.100000,10,0.050000,1000.000000,0.001000,1,3,101;202;303,real_time_memory_aware,0.500000,117.646667,10.602771,588.233333,53.013856,5882.333333,4091.666667,1177.848415,189.333333,0.414084,0.064803,2.390484,2.390484
18,4,5,10.000000,1000,50,0.100000,10,0.050000,1000.000000,0.001000,1,3,101;202;303,historical_only,1.000000,112.033333,16.434901,560.166667,82.174503,5601.666667,3350.000000,1297.966358,187.333333,0.440552,0.122837,0.000000,0.000000
18,4,5,10.000000,1000,50,0.100000,10,0.050000,1000.000000,0.001000,1,3,101;202;303,real_time_memory_aware,0.500000,117.420000,11.363990,587.100000,56.819950,5871.000000,2883.000000,831.100876,187.333333,0.420921,0.070168,4.808093,4.808093
18,5,5,10.000000,1000,50,0.100000,10,0.050000,1000.000000,0.001000,1,3,101;202;303,historical_only,1.000000,112.266667,12.539690,561.333333,62.698449,5613.333333,2514.000000,953.251628,187.666667,0.427038,0.131687,0.000000,0.000000
18,5,5,10.000000,1000,50,0.100000,10,0.050000,1000.000000,0.001000,1,3,101;202;303,real_time_memory_aware,0.500000,116.526667,11.525847,582.633333,57.629236,5826.333333,2143.000000,645.250856,189.333333,0.416648,0.086799,3.794537,3.794537
18,6,5,10.000000,1000,50,0.100000,10,0.050000,1000.000000,0.001000,1,3,101;202;303,historical_only,1.000000,109.966667,19.749446,549.833333,98.747231,5498.333333,2063.666667,1126.534904,190.333333,0.462213,0.189655,0.000000,0.000000
18,6,5,10.000000,1000,50,0.100000,10,0.050000,1000.000000,0.001000,1,3,101;202;303,real_time_memory_aware,0.500000,116.066667,10.483884,580.333333,52.419420,5803.333333,1706.000000,505.856370,190.000000,0.420381,0.085028,5.547135,5.547135
18,7,5,10.000000,1000,50,0.100000,10,0.050000,1000.000000,0.001000,1,3,101;202;303,historical_only,1.000000,107.826667,20.238553,539.133333,101.192764,5391.333333,1743.000000,1006.395548,190.333333,0.475604,0.202051,0.000000,0.000000
18,7,5,10.000000,1000,50,0.100000,10,0.050000,1000.000000,0.001000,1,3,101;202;303,real_time_memory_aware,0.500000,116.686667,10.738955,583.433333,53.694775,5834.333333,1423.000000,386.611778,190.000000,0.417504,0.077212,8.216891,8.216891
18,8,5,10.000000,1000,50,0.100000,10,0.050000,1000.000000,0.001000,1,3,101;202;303,historical_only,1.000000,111.186667,13.744762,555.933333,68.723811,5559.333333,1304.666667,713.372429,188.666667,0.422103,0.143649,0.000000,0.000000
18,8,5,10.000000,1000,50,0.100000,10,0.050000,1000.000000,0.001000,1,3,101;202;303,real_time_memory_aware,0.500000,114.720000,11.469345,573.600000,57.346723,5736.000000,1165.666667,380.890477,191.000000,0.432988,0.101934,3.177839,3.177839
18,9,5,10.000000,1000,50,0.100000,10,0.050000,1000.000000,0.001000,1,3,101;202;303,historical_only,1.000000,109.813333,14.863112,549.066667,74.315558,5490.666667,1208.666667,589.943688,188.000000,0.424727,0.168011,0.000000,0.000000
18,9,5,10.000000,1000,50,0.100000,10,0.050000,1000.000000,0.001000,1,3,101;202;303,real_time_memory_aware,0.500000,114.240000,11.212897,571.200000,56.064487,5712.000000,997.666667,313.867630,191.000000,0.443184,0.104883,4.031083,4.031083
18,10,5,10.000000,1000,50,0.100000,10,0.050000,1000.000000,0.001000,1,3,101;202;303,historical_only,1.000000,108.133333,20.205190,540.666667,101.025948,5406.666667,1056.666667,628.421479,189.000000,0.470422,0.210678,0.000000,0.000000
18,10,5,10.000000,1000,50,0.100000,10,0.050000,1000.000000,0.001000,1,3,101;202;303,real_time_memory_aware,0.500000,114.406667,10.683537,572.033333,53.417683,5720.333333,819.333333,266.336045,190.666667,0.429314,0.105642,5.801480,5.801480
19,1,5,10.000000,1000,50,0.100000,10,0.050000,1000.000000,0.001000,1,3,101;202;303,historical_only,1.000000,93.866667,3.816607,469.333333,19.083035,4693.333333,29199.666667,3032.843147,198.000000,0.607047,0.089975,0.000000,0.000000
19,1,5,10.000000,1000,50,0.100000,10,0.050000,1000.000000,0.001000,1,3,101;202;303,real_time_memory_aware,0.500000,93.866667,3.816607,469.333333,19.083035,4693.333333,29199.666667,3032.843147,198.000000,0.607047,0.089975,0.000000,0.000000
19,2,5,10.000000,1000,50,0.100000,10,0.050000,1000.000000,0.001000,1,3,101;202;303,historical_only,1.000000,114.573333,12.863202,572.866667,64.316008,5728.666667,8980.000000,1888.709612,192.000000,0.433624,0.079766,0.000000,0.000000
19,2,5,10.000000,1000,50,0.100000,10,0.050000,1000.000000,0.001000,1,3,101;202;303,real_time_memory_aware,0.500000,116.140000,10.629468,580.700000,53.147342,5807.000000,7691.000000,1901.054620,196.333333,0.444779,0.053572,1.367392,1.367392
19,3,5,10.000000,1000,50,0.100000,10,0.050000,1000.000000,0.001000,1,3,101;202;303,historical_only,1.000000,111.980000,17.889818,559.900000,89.449092,5599.000000,5687.000000,2052.229194,198.333333,0.477187,0.135488,0.000000,0.000000
19,3,5,10.000000,1000,50,0.100000,10,0.050000,1000.000000,0.001000,1,3,101;202;303,real_time_memory_aware,0.500000,117.880000,10.038287,589.400000,50.191434,5894.000000,4581.333333,1205.928780,195.000000,0.419216,0.041538,5.268798,5.268798
19,4,5,10.000000,1000,50,0.100000,10,0.050000,1000.000000,0.001000,1,3,101;202;303,historical_only,1.000000,110.706667,17.917755,553.533333,89.588777,5535.333333,3928.000000,1531.475324,198.333333,0.468195,0.144643,0.000000,0.000000
19,4,5,10.000000,1000,50,0.100000,10,0.050000,1000.000000,0.001000,1,3,101;202;303,real_time_memory_aware,0.500000,116.773333,10.176264,583.866667,50.881322,5838.666667,3156.333333,918.339201,201.666667,0.423642,0.046622,5.479947,5.479947
19,5,5,10.000000,1000,50,0.100000,10,0.050000,1000.000000,0.001000,1,3,101;202;303,historical_only,1.000000,106.226667,19.200009,531.133333,96.000046,5311.333333,3275.666667,1204.613723,196.666667,0.492520,0.167154,0.000000,0.000000
19,5,5,10.000000,1000,50,0.100000,10,0.050000,1000.000000,0.001000,1,3,101;202;303,real_time_memory_aware,0.500000,116.213333,10.888151,581.066667,54.440753,5810.666667,2445.333333,668.966533,197.000000,0.429314,0.061445,9.401280,9.401280
19,6,5,10.000000,1000,50,0.100000,10,0.050000,1000.000000,0.001000,1,3,101;202;303,historical_only,1.000000,112.333333,15.525569,561.666667,77.627844,5616.666667,2187.000000,829.459262,197.333333,0.438814,0.121931,0.000000,0.000000
19,6,5,10.000000,1000,50,0.100000,10,0.050000,1000.000000,0.001000,1,3,101;202;303,real_time_memory_aware,0.500000,115.180000,12.230661,575.900000,61.153305,5759.000000,1953.000000,542.955492,198.666667,0.444488,0.083155,2.534125,2.534125
19,7,5,10.000000,1000,50,0.100000,10,0.050000,1000.000000,0.001000,1,3,101;202;303,historical_only,1.000000,108.773333,19.926869,543.866667,99.634343,5438.666667,2063.333333,999.443957,197.000000,0.482338,0.179723,0.000000,0.000000
19,7,5,10.000000,1000,50,0.100000,10,0.050000,1000.000000,0.001000,1,3,101;202;303,real_time_memory_aware,0.500000,115.080000,11.650144,575.400000,58.250722,5754.000000,1604.666667,396.505009,202.333333,0.444206,0.084549,5.797990,5.797990
19,8,5,10.000000,1000,50,0.100000,10,0.050000,1000.000000,0.001000,1,3,101;202;303,historical_only,1.000000,107.686667,18.914251,538.433333,94.571255,5384.333333,1644.333333,931.757598,200.333333,0.472595,0.183966,0.000000,0.000000
19,8,5,10.000000,1000,50,0.100000,10,0.050000,1000.000000,0.001000,1,3,101;202;303,real_time_memory_aware,0.500000,114.526667,12.267261,572.633333,61.336304,5726.333333,1328.000000,344.212144,200.000000,0.456314,0.087031,6.351761,6.351761
19,9,5,10.000000,1000,50,0.100000,10,0.050000,1000.000000,0.001000,1,3,101;202;303,historical_only,1.000000,108.893333,17.437479,544.466667,87.187397,5444.666667,1583.666667,598.884704,198.000000,0.466287,0.169318,0.000000,0.000000
19,9,5,10.000000,1000,50,0.100000,10,0.050000,1000.000000,0.001000,1,3,101;202;303,real_time_memory_aware,0.500000,113.100000,13.519615,565.500000,67.598077,5655.000000,1199.666667,345.818192,201.333333,0.468901,0.098210,3.863108,3.863108
19,10,5,10.000000,1000,50,0.100000,10,0.050000,1000.000000,0.001000,1,3,101;202;303,historical_only,1.000000,107.213333,17.478378,536.066667,87.391889,5360.666667,1214.666667,653.491307,201.666667,0.439387,0.186788,0.000000,0.000000
19,10,5,10.000000,1000,50,0.100000,10,0.050000,1000.000000,0.001000,1,3,101;202;303,real_time_memory_aware,0.500000,113.613333,12.403229,568.066667,62.016145,5680.666667,964.666667,302.467996,201.666667,0.451596,0.101425,5.969407,5.969407
20,1,5,10.000000,1000,50,0.100000,10,0.050000,1000.000000,0.001000,1,3,101;202;303,historical_only,1.000000,92.193333,6.117305,460.966667,30.586526,4609.666667,31393.000000,3318.658464,210.333333,0.654089,0.097855,0.000000,0.000000
20,1,5,10.000000,1000,50,0.100000,10,0.050000,1000.000000,0.001000,1,3,101;202;303,real_time_memory_aware,0.500000,92.193333,6.117305,460.966667,30.586526,4609.666667,31393.000000,3318.658464,210.333333,0.654089,0.097855,0.000000,0.000000
20,2,5,10.000000,1000,50,0.100000,10,0.050000,1000.000000,0.001000,1,3,101;202;303,historical_only,1.000000,111.786667,17.385238,558.933333,86.926188,5589.333333,10352.333333,2675.629812,202.666667,0.460330,0.135052,0.000000,0.000000
20,2,5,10.000000,1000,50,0.100000,10,0.050000,1000.000000,0.001000,1,3,101;202;303,real_time_memory_aware,0.500000,114.220000,12.099620,571.100000,60.498099,5711.000000,8478.000000,2079.200327,209.333333,0.458177,0.075599,2.176765,2.176765
20,3,5,10.000000,1000,50,0.100000,10,0.050000,1000.000000,0.001000,1,3,101;202;303,historical_only,1.000000,108.760000,17.892710,543.800000,89.463549,5438.000000,6603.333333,1966.515079,206.000000,0.474284,0.151725,0.000000,0.000000
20,3,5,10.000000,1000,50,0.100000,10,0.050000,1000.000000,0.001000,1,3,101;202;303,real_time_memory_aware,0.500000,116.386667,9.203193,581.933333,46.015963,5819.333333,5046.333333,1363.388996,209.333333,0.430372,0.038067,7.012382,7.012382
20,4,5,10.000000,1000,50,0.100000,10,0.050000,1000.000000,0.001000,1,3,101;202;303,historical_only,1.000000,108.026667,18.518354,540.133333,92.591768,5401.333333,4749.666667,1457.781496,210.333333,0.468906,0.156407,0.000000,0.000000
20,4,5,10.000000,1000,50,0.100000,10,0.050000,1000.000000,0.001000,1,3,101;202;303,real_time_memory_aware,0.500000,116.086667,11.163588,580.433333,55.817938,5804.333333,3550.666667,976.281835,207.000000,0.427852,0.064292,7.461121,7.461121
20,5,5,10.000000,1000,50,0.100000,10,0.050000,1000.000000,0.001000,1,3,101;202;303,historical_only,1.000000,108.533333,19.514687,542.666667,97.573437,5426.666667,3447.000000,1242.650662,206.666667,0.486464,0.177069,0.000000,0.000000
20,5,5,10.000000,1000,50,0.100000,10,0.050000,1000.000000,0.001000,1,3,101;202;303,real_time_memory_aware,0.500000,114.893333,10.606996,574.466667,53.034978,5744.666667,2713.666667,720.465744,207.333333,0.445876,0.058136,5.859951,5.859951
20,6,5,10.000000,1000,50,0.100000,10,0.050000,1000.000000,0.001000,1,3,101;202;303,historical_only,1.000000,108.073333,19.391093,540.366667,96.955465,5403.666667,2888.000000,1059.448913,209.000000,0.479820,0.171472,0.000000,0.000000
20,6,5,10.000000,1000,50,0.100000,10,0.050000,1000.000000,0.001000,1,3,101;202;303,real_time_memory_aware,0.500000,115.220000,11.210007,576.100000,56.050037,5761.000000,2164.333333,565.851767,211.000000,0.431937,0.071348,6.612794,6.612794
20,7,5,10.000000,1000,50,0.100000,10,0.050000,1000.000000,0.001000,1,3,101;202;303,historical_only,1.000000,106.906667,19.902759,534.533333,99.513796,5345.333333,2420.000000,973.526579,206.333333,0.488862,0.191735,0.000000,0.000000
20,7,5,10.000000,1000,50,0.100000,10,0.050000,1000.000000,0.001000,1,3,101;202;303,real_time_memory_aware,0.500000,114.400000,12.164089,572.000000,60.820446,5720.000000,1834.666667,462.357966,210.333333,0.454526,0.075274,7.009229,7.009229
20,8,5,10.000000,1000,50,0.100000,10,0.050000,1000.000000,0.001000,1,3,101;202;303,historical_only,1.000000,105.033333,20.524199,525.166667,102.620996,5251.666667,2094.666667,866.510371,209.666667,0.498656,0.199994,0.000000,0.000000
20,8,5,10.000000,1000,50,0.100000,10,0.050000,1000.000000,0.001000,1,3,101;202;303,real_time_memory_aware,0.500000,113.906667,12.048351,569.533333,60.241754,5695.333333,1512.333333,375.343694,211.333333,0.457973,0.081914,8.448112,8.448112
20,9,5,10.000000,1000,50,0.100000,10,0.050000,1000.000000,0.001000,1,3,101;202;303,historical_only,1.000000,106.200000,20.382273,531.000000,101.911367,5310.000000,1713.333333,790.221207,209.000000,0.494147,0.198663,0.000000,0.000000
20,9,5,10.000000,1000,50,0.100000,10,0.050000,1000.000000,0.001000,1,3,101;202;303,real_time_memory_aware,0.500000,113.360000,13.775060,566.800000,68.875298,5668.000000,1285.000000,360.422900,210.666667,0.463988,0.106855,6.741996,6.741996
20,10,5,10.000000,1000,50,0.100000,10,0.050000,1000.000000,0.001000,1,3,101;202;303,historical_only,1.000000,104.226667,20.334026,521.133333,101.670131,5211.333333,1580.333333,605.926472,210.333333,0.487352,0.206544,0.000000,0.000000
20,10,5,10.000000,1000,50,0.100000,10,0.050000,1000.000000,0.001000,1,3,101;202;303,real_time_memory_aware,0.500000,112.306667,13.577946,561.533333,67.889731,5615.333333,1113.666667,365.285581,211.000000,0.472607,0.112192,7.752335,7.752335
21,1,5,10.000000,1000,50,0.100000,10,0.050000,1000.000000,0.001000,1,3,101;202;303,historical_only,1.000000,92.166667,6.206864,460.833333,31.034318,4608.333333,33516.666667,3477.049164,220.333333,0.659021,0.096063,0.000000,0.000000
21,1,5,10.000000,1000,50,0.100000,10,0.050000,1000.000000,0.001000,1,3,101;202;303,real_time_memory_aware,0.500000,92.166667,6.206864,460.833333,31.034318,4608.333333,33516.666667,3477.049164,220.333333,0.659021,0.096063,0.000000,0.000000
21,2,5,10.000000,1000,50,0.100000,10,0.050000,1000.000000,0.001000,1,3,101;202;303,historical_only,1.000000,112.313333,15.575385,561.566667,77.876926,5615.666667,11308.333333,2262.562903,214.666667,0.443244,0.121073,0.000000,0.000000
21,2,5,10.000000,1000,50,0.100000,10,0.050000,1000.000000,0.001000,1,3,101;202;303,real_time_memory_aware,0.500000,115.226667,10.735242,576.133333,53.676210,5761.333333,9233.000000,2153.479200,216.000000,0.429874,0.054680,2.593934,2.593934
21,3,5,10.000000,1000,50,0.100000,10,0.050000,1000.000000,0.001000,1,3,101;202;303,historical_only,1.000000,102.726667,19.226165,513.633333,96.130825,5136.333333,7951.666667,1519.742595,221.666667,0.486930,0.196644,0.000000,0.000000
21,3,5,10.000000,1000,50,0.100000,10,0.050000,1000.000000,0.001000,1,3,101;202;303,real_time_memory_aware,0.500000,114.280000,10.249410,571.400000,51.247049,5714.000000,5621.333333,1480.416683,222.333333,0.441490,0.055243,11.246674,11.246674
21,4,5,10.000000,1000,50,0.100000,10,0.050000,1000.000000,0.001000,1,3,101;202;303,historical_only,1.000000,108.900000,20.347665,544.500000,101.738324,5445.000000,5016.666667,1735.890230,216.666667,0.490420,0.175245,0.000000,0.000000
21,4,5,10.000000,1000,50,0.100000,10,0.050000,1000.000000,0.001000,1,3,101;202;303,real_time_memory_aware,0.500000,116.173333,11.162345,580.866667,55.811727,5808.666667,3896.333333,1037.034661,221.666667,0.437445,0.048869,6.678910,6.678910
21,5,5,10.000000,1000,50,0.100000,10,0.050000,1000.000000,0.001000,1,3,101;202;303,historical_only,1.000000,107.760000,19.616055,538.800000,98.080273,5388.000000,3962.666667,1408.119865,219.666667,0.482071,0.180930,0.000000,0.000000
21,5,5,10.000000,1000,50,0.100000,10,0.050000,1000.000000,0.001000,1,3,101;202;303,real_time_memory_aware,0.500000,115.426667,11.062807,577.133333,55.314033,5771.333333,2981.000000,758.189071,222.333333,0.435416,0.055660,7.114576,7.114576
21,6,5,10.000000,1000,50,0.100000,10,0.050000,1000.000000,0.001000,1,3,101;202;303,historical_only,1.000000,102.893333,19.442883,514.466667,97.214414,5144.666667,3332.666667,974.457912,223.333333,0.472989,0.198053,0.000000,0.000000
21,6,5,10.000000,1000,50,0.100000,10,0.050000,1000.000000,0.001000,1,3,101;202;303,real_time_memory_aware,0.500000,114.680000,12.143772,573.400000,60.718860,5734.000000,2363.000000,631.560501,220.000000,0.439414,0.080228,11.455229,11.455229
21,7,5,10.000000,1000,50,0.100000,10,0.050000,1000.000000,0.001000,1,3,101;202;303,historical_only,1.000000,102.880000,15.620354,514.400000,78.101771,5144.000000,2721.666667,764.068205,220.666667,0.451811,0.169616,0.000000,0.000000
21,7,5,10.000000,1000,50,0.100000,10,0.050000,1000.000000,0.001000,1,3,101;202;303,real_time_memory_aware,0.500000,113.406667,13.340668,567.033333,66.703340,5670.333333,1993.000000,531.810116,221.333333,0.459743,0.085248,10.231985,10.231985
21,8,5,10.000000,1000,50,0.100000,10,0.050000,1000.000000,0.001000,1,3,101;202;303,historical_only,1.000000,101.713333,20.145248,508.566667,100.726241,5085.666667,2570.000000,699.750432,220.666667,0.463508,0.209178,0.000000,0.000000
21,8,5,10.000000,1000,50,0.100000,10,0.050000,1000.000000,0.001000,1,3,101;202;303,real_time_memory_aware,0.500000,113.853333,12.842578,569.266667,64.212892,5692.666667,1663.666667,414.784549,222.333333,0.454582,0.089268,11.935505,11.935505
21,9,5,10.000000,1000,50,0.100000,10,0.050000,1000.000000,0.001000,1,3,101;202;303,historical_only,1.000000,104.213333,20.131894,521.066667,100.659470,5210.666667,1921.000000,697.197724,222.333333,0.508967,0.202049,0.000000,0.000000
21,9,5,10.000000,1000,50,0.100000,10,0.050000,1000.000000,0.001000,1,3,101;202;303,real_time_memory_aware,0.500000,113.480000,13.097369,567.400000,65.486843,5674.000000,1429.666667,397.221461,221.666667,0.456094,0.088918,8.892016,8.892016
21,10,5,10.000000,1000,50,0.100000,10,0.050000,1000.000000,0.001000,1,3,101;202;303,historical_only,1.000000,103.446667,17.618674,517.233333,88.093372,5172.333333,1762.333333,604.723812,223.333333,0.495577,0.199435,0.000000,0.000000
21,10,5,10.000000,1000,50,0.100000,10,0.050000,1000.000000,0.001000,1,3,101;202;303,real_time_memory_aware,0.500000,113.106667,12.635034,565.533333,63.175171,5655.333333,1172.666667,301.355088,222.666667,0.455019,0.093955,9.338145,9.338145
22,1,5,10.000000,1000,50,0.100000,10,0.050000,1000.000000,0.001000,1,3,101;202;303,historical_only,1.000000,91.673333,6.739937,458.366667,33.699687,4583.666667,35622.666667,3627.367855,231.666667,0.687378,0.089651,0.000000,0.000000
22,1,5,10.000000,1000,50,0.100000,10,0.050000,1000.000000,0.001000,1,3,101;202;303,real_time_memory_aware,0.500000,91.673333,6.739937,458.366667,33.699687,4583.666667,35622.666667,3627.367855,231.666667,0.687378,0.089651,0.000000,0.000000
22,2,5,10.000000,1000,50,0.100000,10,0.050000,1000.000000,0.001000,1,3,101;202;303,historical_only,1.000000,112.400000,19.721954,562.000000,98.609770,5620.000000,12107.000000,2847.839298,229.000000,0.454896,0.159317,0.000000,0.000000
22,2,5,10.000000,1000,50,0.100000,10,0.050000,1000.000000,0.001000,1,3,101;202;303,real_time_memory_aware,0.500000,113.706667,12.424259,568.533333,62.121297,5685.333333,10109.000000,2339.738874,228.000000,0.430189,0.099299,1.162515,1.162515
22,3,5,10.000000,1000,50,0.100000,10,0.050000,1000.000000,0.001000,1,3,101;202;303,historical_only,1.000000,108.033333,19.383927,540.166667,96.919635,5401.666667,7992.666667,1933.515164,230.000000,0.487207,0.171304,0.000000,0.000000
22,3,5,10.000000,1000,50,0.100000,10,0.050000,1000.000000,0.001000,1,3,101;202;303,real_time_memory_aware,0.500000,115.086667,11.975133,575.433333,59.875667,5754.333333,6053.000000,1564.340330,222.333333,0.434864,0.060509,6.528849,6.528849
22,4,5,10.000000,1000,50,0.100000,10,0.050000,1000.000000,0.001000,1,3,101;202;303,historical_only,1.000000,101.226667,17.888039,506.133333,89.440197,5061.333333,6274.666667,1238.400671,228.333333,0.479585,0.209043,0.000000,0.000000
22,4,5,10.000000,1000,50,0.100000,10,0.050000,1000.000000,0.001000,1,3,101;202;303,real_time_memory_aware,0.500000,114.093333,12.140613,570.466667,60.703066,5704.666667,4293.333333,1121.720207,230.333333,0.446787,0.066487,12.710748,12.710748
22,5,5,10.000000,1000,50,0.100000,10,0.050000,1000.000000,0.001000,1,3,101;202;303,historical_only,1.000000,103.426667,19.882725,517.133333,99.413625,5171.333333,4574.333333,1299.282965,227.000000,0.518360,0.184964,0.000000,0.000000
22,5,5,10.000000,1000,50,0.100000,10,0.050000,1000.000000,0.001000,1,3,101;202;303,real_time_memory_aware,0.500000,113.046667,12.213275,565.233333,61.066376,5652.333333,3296.666667,903.755990,228.000000,0.464475,0.071294,9.301276,9.301276
22,6,5,10.000000,1000,50,0.100000,10,0.050000,1000.000000,0.001000,1,3,101;202;303,historical_only,1.000000,103.880000,20.070217,519.400000,100.351084,5194.000000,3807.666667,964.441923,230.333333,0.498205,0.207887,0.000000,0.000000
22,6,5,10.000000,1000,50,0.100000,10,0.050000,1000.000000,0.001000,1,3,101;202;303,real_time_memory_aware,0.500000,113.233333,12.254592,566.166667,61.272959,5661.666667,2640.666667,702.227567,230.666667,0.461171,0.072955,9.003979,9.003979
22,7,5,10.000000,1000,50,0.100000,10,0.050000,1000.000000,0.001000,1,3,101;202;303,historical_only,1.000000,107.640000,19.384248,538.200000,96.921240,5382.000000,2893.000000,1015.031362,228.333333,0.483902,0.177518,0.000000,0.000000
22,7,5,10.000000,1000,50,0.100000,10,0.050000,1000.000000,0.001000,1,3,101;202;303,real_time_memory_aware,0.500000,113.433333,13.444705,567.166667,67.223524,5671.666667,2207.000000,550.304158,232.666667,0.462212,0.087669,5.382138,5.382138
22,8,5,10.000000,1000,50,0.100000,10,0.050000,1000.000000,0.001000,1,3,101;202;303,historical_only,1.000000,102.266667,19.898491,511.333333,99.492456,5113.333333,2701.333333,709.663927,232.000000,0.495183,0.214419,0.000000,0.000000
22,8,5,10.000000,1000,50,0.100000,10,0.050000,1000.000000,0.001000,1,3,101;202;303,real_time_memory_aware,0.500000,113.473333,12.731131,567.366667,63.655653,5673.666667,1820.666667,484.197159,232.666667,0.450768,0.080892,10.958279,10.958279
22,9,5,10.000000,1000,50,0.100000,10,0.050000,1000.000000,0.001000,1,3,101;202;303,historical_only,1.000000,103.466667,19.293525,517.333333,96.467623,5173.333333,2303.000000,604.295182,230.666667,0.483788,0.201510,0.000000,0.000000
22,9,5,10.000000,1000,50,0.100000,10,0.050000,1000.000000,0.001000,1,3,101;202;303,real_time_memory_aware,0.500000,112.726667,13.274480,563.633333,66.372401,5636.333333,1554.000000,439.721124,231.000000,0.463572,0.091414,8.949742,8.949742
22,10,5,10.000000,1000,50,0.100000,10,0.050000,1000.000000,0.001000,1,3,101;202;303,historical_only,1.000000,99.960000,20.921976,499.800000,104.609878,4998.000000,2063.333333,620.612780,232.333333,0.521551,0.268611,0.000000,0.000000
22,10,5,10.000000,1000,50,0.100000,10,0.050000,1000.000000,0.001000,1,3,101;202;303,real_time_memory_aware,0.500000,112.560000,13.384538,562.800000,66.922692,5628.000000,1270.666667,333.732761,232.333333,0.460759,0.100994,12.605042,12.605042
23,1,5,10.000000,1000,50,0.100000,10,0.050000,1000.000000,0.001000,1,3,101;202;303,historical_only,1.000000,91.926667,6.437998,459.633333,32.189992,4596.333333,37712.000000,3837.930258,241.000000,0.672933,0.090968,0.000000,0.000000
23,1,5,10.000000,1000,50,0.100000,10,0.050000,1000.000000,0.001000,1,3,101;202;303,real_time_memory_aware,0.500000,91.926667,6.437998,459.633333,32.189992,4596.333333,37712.000000,3837.930258,241.000000,0.672933,0.090968,0.000000,0.000000
23,2,5,10.000000,1000,50,0.100000,10,0.050000,1000.000000,0.001000,1,3,101;202;303,historical_only,1.000000,108.926667,17.685778,544.633333,88.428892,5446.333333,13891.333333,2549.579355,238.666667,0.469360,0.159426,0.000000,0.000000
23,2,5,10.000000,1000,50,0.100000,10,0.050000,1000.000000,0.001000,1,3,101;202;303,real_time_memory_aware,0.500000,113.286667,11.058949,566.433333,55.294746,5664.333333,10931.333333,2423.354470,236.666667,0.431964,0.081540,4.002693,4.002693
23,3,5,10.000000,1000,50,0.100000,10,0.050000,1000.000000,0.001000,1,3,101;202;303,historical_only,1.000000,107.633333,17.567556,538.166667,87.837780,5381.666667,8480.666667,2042.977294,240.666667,0.469702,0.153184,0.000000,0.000000
23,3,5,10.000000,1000,50,0.100000,10,0.050000,1000.000000,0.001000,1,3,101;202;303,real_time_memory_aware,0.500000,113.566667,12.308440,567.833333,61.542199,5678.333333,6622.333333,1756.361074,235.666667,0.434014,0.075005,5.512543,5.512543
23,4,5,10.000000,1000,50,0.100000,10,0.050000,1000.000000,0.001000,1,3,101;202;303,historical_only,1.000000,102.706667,19.370970,513.533333,96.854851,5135.333333,6760.000000,1191.518639,238.666667,0.460900,0.226384,0.000000,0.000000
23,4,5,10.000000,1000,50,0.100000,10,0.050000,1000.000000,0.001000,1,3,101;202;303,real_time_memory_aware,0.500000,113.853333,12.287602,569.266667,61.438009,5692.666667,4633.666667,1252.093802,244.000000,0.435792,0.075152,10.852914,10.852914
23,5,5,10.000000,1000,50,0.100000,10,0.050000,1000.000000,0.001000,1,3,101;202;303,historical_only,1.000000,101.606667,21.004840,508.033333,105.024198,5080.333333,5247.666667,1063.651990,234.333333,0.496278,0.237829,0.000000,0.000000
23,5,5,10.000000,1000,50,0.100000,10,0.050000,1000.000000,0.001000,1,3,101;202;303,real_time_memory_aware,0.500000,113.173333,12.466599,565.866667,62.332995,5658.666667,3566.333333,912.746892,240.666667,0.469463,0.070999,11.383767,11.383767
23,6,5,10.000000,1000,50,0.100000,10,0.050000,1000.000000,0.001000,1,3,101;202;303,historical_only,1.000000,101.800000,20.522112,509.000000,102.610558,5090.000000,4193.666667,924.732874,238.333333,0.481468,0.229001,0.000000,0.000000
23,6,5,10.000000,1000,50,0.100000,10,0.050000,1000.000000,0.001000,1,3,101;202;303,real_time_memory_aware,0.500000,113.040000,13.536095,565.200000,67.680475,5652.000000,2849.000000,725.645000,242.333333,0.467084,0.086826,11.041257,11.041257
23,7,5,10.000000,1000,50,0.100000,10,0.050000,1000.000000,0.001000,1,3,101;202;303,historical_only,1.000000,99.886667,20.154241,499.433333,100.771204,4994.333333,3625.000000,682.354746,242.000000,0.486113,0.225957,0.000000,0.000000
23,7,5,10.000000,1000,50,0.100000,10,0.050000,1000.000000,0.001000,1,3,101;202;303,real_time_memory_aware,0.500000,112.566667,15.056041,562.833333,75.280203,5628.333333,2385.333333,557.502965,242.333333,0.478535,0.096756,12.694387,12.694387
23,8,5,10.000000,1000,50,0.100000,10,0.050000,1000.000000,0.001000,1,3,101;202;303,historical_only,1.000000,99.580000,21.140110,497.900000,105.700552,4979.000000,3080.333333,685.333171,243.333333,0.508079,0.228822,0.000000,0.000000
23,8,5,10.000000,1000,50,0.100000,10,0.050000,1000.000000,0.001000,1,3,101;202;303,real_time_memory_aware,0.500000,111.880000,14.744906,559.400000,73.724532,5594.000000,2036.333333,591.152735,240.666667,0.473134,0.105719,12.351878,12.351878
23,9,5,10.000000,1000,50,0.100000,10,0.050000,1000.000000,0.001000,1,3,101;202;303,historical_only,1.000000,100.000000,23.235220,500.000000,116.176102,5000.000000,2667.000000,649.890760,238.666667,0.512326,0.266023,0.000000,0.000000
23,9,5,10.000000,1000,50,0.100000,10,0.050000,1000.000000,0.001000,1,3,101;202;303,real_time_memory_aware,0.500000,111.700000,14.472816,558.500000,72.364079,5585.000000,1712.666667,502.324154,241.666667,0.479819,0.114264,11.700000,11.700000
23,10,5,10.000000,1000,50,0.100000,10,0.050000,1000.000000,0.001000,1,3,101;202;303,historical_only,1.000000,101.506667,19.419889,507.533333,97.099445,5075.333333,2287.666667,518.010510,236.666667,0.488344,0.241100,0.000000,0.000000
23,10,5,10.000000,1000,50,0.100000,10,0.050000,1000.000000,0.001000,1,3,101;202;303,real_time_memory_aware,0.500000,111.353333,13.944665,556.766667,69.723326,5567.666667,1438.000000,422.569126,242.333333,0.471688,0.111121,9.700512,9.700512
24,1,5,10.000000,1000,50,0.100000,10,0.050000,1000.000000,0.001000,1,3,101;202;303,historical_only,1.000000,92.726667,5.312359,463.633333,26.561794,4636.333333,39722.000000,3980.065410,252.000000,0.663548,0.070400,0.000000,0.000000
24,1,5,10.000000,1000,50,0.100000,10,0.050000,1000.000000,0.001000,1,3,101;202;303,real_time_memory_aware,0.500000,92.726667,5.312359,463.633333,26.561794,4636.333333,39722.000000,3980.065410,252.000000,0.663548,0.070400,0.000000,0.000000
24,2,5,10.000000,1000,50,0.100000,10,0.050000,1000.000000,0.001000,1,3,101;202;303,historical_only,1.000000,105.186667,18.382052,525.933333,91.910258,5259.333333,15414.666667,2336.582452,252.333333,0.490740,0.166083,0.000000,0.000000
24,2,5,10.000000,1000,50,0.100000,10,0.050000,1000.000000,0.001000,1,3,101;202;303,real_time_memory_aware,0.500000,112.013333,13.288113,560.066667,66.440567,5600.666667,11822.000000,2513.060816,248.666667,0.445263,0.094115,6.490049,6.490049
24,3,5,10.000000,1000,50,0.100000,10,0.050000,1000.000000,0.001000,1,3,101;202;303,historical_only,1.000000,101.966667,20.095945,509.833333,100.479727,5098.333333,9825.000000,1656.918224,248.666667,0.465029,0.228694,0.000000,0.000000
24,3,5,10.000000,1000,50,0.100000,10,0.050000,1000.000000,0.001000,1,3,101;202;303,real_time_memory_aware,0.500000,113.033333,13.203084,565.166667,66.015419,5651.666667,7122.000000,1802.252480,249.000000,0.430169,0.113372,10.853220,10.853220
24,4,5,10.000000,1000,50,0.100000,10,0.050000,1000.000000,0.001000,1,3,101;202;303,historical_only,1.000000,99.266667,19.175862,496.333333,95.879311,4963.333333,7318.000000,1052.816223,251.666667,0.452633,0.255367,0.000000,0.000000
24,4,5,10.000000,1000,50,0.100000,10,0.050000,1000.000000,0.001000,1,3,101;202;303,real_time_memory_aware,0.500000,113.573333,14.430212,567.866667,72.151061,5678.666667,4986.333333,1363.743948,253.333333,0.431455,0.107222,14.412357,14.412357
24,5,5,10.000000,1000,50,0.100000,10,0.050000,1000.000000,0.001000,1,3,101;202;303,historical_only,1.000000,100.906667,20.788775,504.533333,103.943874,5045.333333,5578.000000,1010.672383,252.000000,0.467905,0.251770,0.000000,0.000000
24,5,5,10.000000,1000,50,0.100000,10,0.050000,1000.000000,0.001000,1,3,101;202;303,real_time_memory_aware,0.500000,111.326667,13.634919,556.633333,68.174596,5566.333333,3869.666667,1127.413658,250.333333,0.457185,0.104374,10.326374,10.326374
24,6,5,10.000000,1000,50,0.100000,10,0.050000,1000.000000,0.001000,1,3,101;202;303,historical_only,1.000000,100.213333,22.290221,501.066667,111.451105,5010.666667,4478.000000,954.778857,252.000000,0.489363,0.265559,0.000000,0.000000
24,6,5,10.000000,1000,50,0.100000,10,0.050000,1000.000000,0.001000,1,3,101;202;303,real_time_memory_aware,0.500000,112.153333,13.988846,560.766667,69.944232,5607.666667,3074.333333,839.059924,254.333333,0.455029,0.110654,11.914582,11.914582
24,7,5,10.000000,1000,50,0.100000,10,0.050000,1000.000000,0.001000,1,3,101;202;303,historical_only,1.000000,101.026667,20.377271,505.133333,101.886353,5051.333333,3729.666667,817.241430,247.666667,0.466139,0.240912,0.000000,0.000000
24,7,5,10.000000,1000,50,0.100000,10,0.050000,1000.000000,0.001000,1,3,101;202;303,real_time_memory_aware,0.500000,112.320000,15.429072,561.600000,77.145361,5616.000000,2579.000000,721.038140,252.333333,0.478393,0.109020,11.178567,11.178567
24,8,5,10.000000,1000,50,0.100000,10,0.050000,1000.000000,0.001000,1,3,101;202;303,historical_only,1.000000,100.040000,23.674025,500.200000,118.370126,5002.000000,3180.000000,825.369008,251.333333,0.495692,0.289344,0.000000,0.000000
24,8,5,10.000000,1000,50,0.100000,10,0.050000,1000.000000,0.001000,1,3,101;202;303,real_time_memory_aware,0.500000,111.086667,15.368577,555.433333,76.842884,5554.333333,2188.666667,620.228094,254.666667,0.484915,0.113605,11.042250,11.042250
24,9,5,10.000000,1000,50,0.100000,10,0.050000,1000.000000,0.001000,1,3,101;202;303,historical_only,1.000000,98.373333,21.756546,491.866667,108.782729,4918.666667,2873.333333,540.530809,252.333333,0.500388,0.283426,0.000000,0.000000
24,9,5,10.000000,1000,50,0.100000,10,0.050000,1000.000000,0.001000,1,3,101;202;303,real_time_memory_aware,0.500000,111.946667,15.060733,559.733333,75.303667,5597.333333,1837.000000,511.974609,253.333333,0.472574,0.116441,13.797777,13.797777
24,10,5,10.000000,1000,50,0.100000,10,0.050000,1000.000000,0.001000,1,3,101;202;303,historical_only,1.000000,97.426667,20.870907,487.133333,104.354535,4871.333333,2576.333333,467.405843,252.333333,0.491245,0.286912,0.000000,0.000000
24,10,5,10.000000,1000,50,0.100000,10,0.050000,1000.000000,0.001000,1,3,101;202;303,real_time_memory_aware,0.500000,110.153333,15.882941,550.766667,79.414706,5507.666667,1601.666667,444.732379,253.333333,0.491185,0.133088,13.062816,13.062816
25,1,5,10.000000,1000,50,0.100000,10,0.050000,1000.000000,0.001000,1,3,101;202;303,historical_only,1.000000,92.026667,6.257291,460.133333,31.286454,4601.333333,41790.666667,4144.661975,263.666667,0.678892,0.082707,0.000000,0.000000
25,1,5,10.000000,1000,50,0.100000,10,0.050000,1000.000000,0.001000,1,3,101;202;303,real_time_memory_aware,0.500000,92.026667,6.257291,460.133333,31.286454,4601.333333,41790.666667,4144.661975,263.666667,0.678892,0.082707,0.000000,0.000000
25,2,5,10.000000,1000,50,0.100000,10,0.050000,1000.000000,0.001000,1,3,101;202;303,historical_only,1.000000,100.826667,15.944925,504.133333,79.724623,5041.333333,16898.666667,2196.704400,256.333333,0.519816,0.181840,0.000000,0.000000
25,2,5,10.000000,1000,50,0.100000,10,0.050000,1000.000000,0.001000,1,3,101;202;303,real_time_memory_aware,0.500000,110.700000,12.629658,553.500000,63.148291,5535.000000,12784.000000,2642.690044,258.666667,0.459761,0.094781,9.792383,9.792383
25,3,5,10.000000,1000,50,0.100000,10,0.050000,1000.000000,0.001000,1,3,101;202;303,historical_only,1.000000,104.493333,20.382851,522.466667,101.914256,5224.666667,10433.333333,1762.020116,261.666667,0.472633,0.210615,0.000000,0.000000
25,3,5,10.000000,1000,50,0.100000,10,0.050000,1000.000000,0.001000,1,3,101;202;303,real_time_memory_aware,0.500000,111.586667,13.179604,557.933333,65.898019,5579.333333,7733.000000,1920.947856,261.333333,0.437874,0.110963,6.788312,6.788312
25,4,5,10.000000,1000,50,0.100000,10,0.050000,1000.000000,0.001000,1,3,101;202;303,historical_only,1.000000,98.473333,15.069690,492.366667,75.348450,4923.666667,7862.666667,861.930521,258.666667,0.444950,0.227124,0.000000,0.000000
25,4,5,10.000000,1000,50,0.100000,10,0.050000,1000.000000,0.001000,1,3,101;202;303,real_time_memory_aware,0.500000,113.100000,13.750850,565.500000,68.754248,5655.000000,5382.333333,1440.475462,264.333333,0.436361,0.114572,14.853429,14.853429
25,5,5,10.000000,1000,50,0.100000,10,0.050000,1000.000000,0.001000,1,3,101;202;303,historical_only,1.000000,101.100000,21.581053,505.500000,107.905267,5055.000000,5760.000000,1238.406503,264.000000,0.459381,0.270745,0.000000,0.000000
25,5,5,10.000000,1000,50,0.100000,10,0.050000,1000.000000,0.001000,1,3,101;202;303,real_time_memory_aware,0.500000,111.566667,15.590633,557.833333,77.953163,5578.333333,4080.333333,1238.751612,264.000000,0.450657,0.144929,10.352786,10.352786
25,6,5,10.000000,1000,50,0.100000,10,0.050000,1000.000000,0.001000,1,3,101;202;303,historical_only,1.000000,100.253333,22.321794,501.266667,111.608970,5012.666667,4734.333333,1020.065466,263.000000,0.461618,0.283333,0.000000,0.000000
25,6,5,10.000000,1000,50,0.100000,10,0.050000,1000.000000,0.001000,1,3,101;202;303,real_time_memory_aware,0.500000,112.220000,15.442461,561.100000,77.212305,5611.000000,3258.666667,972.461596,264.666667,0.454792,0.130998,11.936428,11.936428
25,7,5,10.000000,1000,50,0.100000,10,0.050000,1000.000000,0.001000,1,3,101;202;303,historical_only,1.000000,100.146667,21.584132,500.733333,107.920660,5007.333333,3961.000000,932.322190,261.666667,0.449782,0.286708,0.000000,0.000000
25,7,5,10.000000,1000,50,0.100000,10,0.050000,1000.000000,0.001000,1,3,101;202;303,real_time_memory_aware,0.500000,112.880000,16.122241,564.400000,80.611207,5644.000000,2660.333333,766.520421,264.333333,0.452826,0.134883,12.714685,12.714685
25,8,5,10.000000,1000,50,0.100000,10,0.050000,1000.000000,0.001000,1,3,101;202;303,historical_only,1.000000,98.886667,22.208613,494.433333,111.043065,4944.333333,3424.333333,757.119688,263.333333,0.463507,0.306512,0.000000,0.000000
25,8,5,10.000000,1000,50,0.100000,10,0.050000,1000.000000,0.001000,1,3,101;202;303,real_time_memory_aware,0.500000,112.113333,15.824052,560.566667,79.120260,5605.666667,2241.666667,645.951667,263.333333,0.463872,0.136757,13.375581,13.375581
25,9,5,10.000000,1000,50,0.100000,10,0.050000,1000.000000,0.001000,1,3,101;202;303,historical_only,1.000000,98.773333,19.785532,493.866667,98.927662,4938.666667,3057.666667,760.321131,263.000000,0.469220,0.301213,0.000000,0.000000
25,9,5,10.000000,1000,50,0.100000,10,0.050000,1000.000000,0.001000,1,3,101;202;303,real_time_memory_aware,0.500000,110.586667,15.842511,552.933333,79.212555,5529.333333,1950.666667,620.868388,264.666667,0.476402,0.144269,11.960043,11.960043
25,10,5,10.000000,1000,50,0.100000,10,0.050000,1000.000000,0.001000,1,3,101;202;303,historical_only,1.000000,96.806667,20.078926,484.033333,100.394632,4840.333333,2590.666667,641.670909,264.000000,0.477988,0.318323,0.000000,0.000000
25,10,5,10.000000,1000,50,0.100000,10,0.050000,1000.000000,0.001000,1,3,101;202;303,real_time_memory_aware,0.500000,110.186667,16.675206,550.933333,83.376029,5509.333333,1695.000000,516.736554,264.666667,0.485352,0.146556,13.821362,13.821362
26,1,5,10.000000,1000,50,0.100000,10,0.050000,1000.000000,0.001000,1,3,101;202;303,historical_only,1.000000,91.893333,6.484943,459.466667,32.424716,4594.666667,43860.000000,4357.468378,270.333333,0.684167,0.083456,0.000000,0.000000
26,1,5,10.000000,1000,50,0.100000,10,0.050000,1000.000000,0.001000,1,3,101;202;303,real_time_memory_aware,0.500000,91.893333,6.484943,459.466667,32.424716,4594.666667,43860.000000,4357.468378,270.333333,0.684167,0.083456,0.000000,0.000000
26,2,5,10.000000,1000,50,0.100000,10,0.050000,1000.000000,0.001000,1,3,101;202;303,historical_only,1.000000,100.880000,17.476750,504.400000,87.383751,5044.000000,17912.666667,2172.619975,274.333333,0.552764,0.157794,0.000000,0.000000
26,2,5,10.000000,1000,50,0.100000,10,0.050000,1000.000000,0.001000,1,3,101;202;303,real_time_memory_aware,0.500000,110.100000,12.546181,550.500000,62.730907,5505.000000,13739.333333,2657.872625,273.666667,0.462173,0.099005,9.139572,9.139572
26,3,5,10.000000,1000,50,0.100000,10,0.050000,1000.000000,0.001000,1,3,101;202;303,historical_only,1.000000,98.713333,16.386127,493.566667,81.930635,4935.666667,11743.666667,1581.315135,264.666667,0.472061,0.240382,0.000000,0.000000
26,3,5,10.000000,1000,50,0.100000,10,0.050000,1000.000000,0.001000,1,3,101;202;303,real_time_memory_aware,0.500000,110.213333,12.622534,551.066667,63.112668,5510.666667,8343.333333,1959.525169,273.333333,0.463577,0.105403,11.649895,11.649895
26,4,5,10.000000,1000,50,0.100000,10,0.050000,1000.000000,0.001000,1,3,101;202;303,historical_only,1.000000,96.733333,16.935583,483.666667,84.677913,4836.666667,8454.666667,1193.219827,271.666667,0.472536,0.257022,0.000000,0.000000
26,4,5,10.000000,1000,50,0.100000,10,0.050000,1000.000000,0.001000,1,3,101;202;303,real_time_memory_aware,0.500000,109.906667,13.848132,549.533333,69.240659,5495.333333,5830.333333,1532.299434,272.333333,0.461321,0.121747,13.618194,13.618194
26,5,5,10.000000,1000,50,0.100000,10,0.050000,1000.000000,0.001000,1,3,101;202;303,historical_only,1.000000,99.200000,22.507196,496.000000,112.535979,4960.000000,6372.000000,1136.370831,271.000000,0.490982,0.297431,0.000000,0.000000
26,5,5,10.000000,1000,50,0.100000,10,0.050000,1000.000000,0.001000,1,3,101;202;303,real_time_memory_aware,0.500000,111.106667,16.202793,555.533333,81.013963,5555.333333,4376.333333,1303.733698,273.000000,0.458224,0.143276,12.002688,12.002688
26,6,5,10.000000,1000,50,0.100000,10,0.050000,1000.000000,0.001000,1,3,101;202;303,historical_only,1.000000,95.440000,17.299649,477.200000,86.498247,4772.000000,5468.333333,801.660499,270.333333,0.463022,0.295951,0.000000,0.000000
26,6,5,10.000000,1000,50,0.100000,10,0.050000,1000.000000,0.001000,1,3,101;202;303,real_time_memory_aware,0.500000,110.586667,15.977504,552.933333,79.887518,5529.333333,3536.666667,1052.086604,268.666667,0.461079,0.147424,15.870355,15.870355
26,7,5,10.000000,1000,50,0.100000,10,0.050000,1000.000000,0.001000,1,3,101;202;303,historical_only,1.000000,97.486667,22.123829,487.433333,110.619146,4874.333333,4345.666667,927.901695,272.666667,0.471058,0.339251,0.000000,0.000000
26,7,5,10.000000,1000,50,0.100000,10,0.050000,1000.000000,0.001000,1,3,101;202;303,real_time_memory_aware,0.500000,111.266667,15.595088,556.333333,77.975438,5563.333333,2857.000000,885.919861,274.666667,0.461948,0.151343,14.135266,14.135266
26,8,5,10.000000,1000,50,0.100000,10,0.050000,1000.000000,0.001000,1,3,101;202;303,historical_only,1.000000,94.606667,18.527359,473.033333,92.636794,4730.333333,3891.333333,705.079349,273.333333,0.469534,0.332244,0.000000,0.000000
26,8,5,10.000000,1000,50,0.100000,10,0.050000,1000.000000,0.001000,1,3,101;202;303,real_time_memory_aware,0.500000,110.993333,15.652547,554.966667,78.262734,5549.666667,2415.666667,783.513596,274.000000,0.469358,0.146877,17.320837,17.320837
26,9,5,10.000000,1000,50,0.100000,10,0.050000,1000.000000,0.001000,1,3,101;202;303,historical_only,1.000000,99.500000,22.841033,497.500000,114.205166,4975.000000,3195.666667,769.467493,273.000000,0.457803,0.348650,0.000000,0.000000
26,9,5,10.000000,1000,50,0.100000,10,0.050000,1000.000000,0.001000,1,3,101;202;303,real_time_memory_aware,0.500000,109.926667,17.519926,549.633333,87.599632,5496.333333,2096.333333,711.828319,274.666667,0.487815,0.168816,10.479062,10.479062
26,10,5,10.000000,1000,50,0.100000,10,0.050000,1000.000000,0.001000,1,3,101;202;303,historical_only,1.000000,98.060000,22.618087,490.300000,113.090436,4903.000000,2768.666667,661.278728,273.000000,0.470469,0.341388,0.000000,0.000000
26,10,5,10.000000,1000,50,0.100000,10,0.050000,1000.000000,0.001000,1,3,101;202;303,real_time_memory_aware,0.500000,109.720000,18.400051,548.600000,92.000254,5486.000000,1803.666667,596.984831,275.000000,0.480710,0.184029,11.890679,11.890679
27,1,5,10.000000,1000,50,0.100000,10,0.050000,1000.000000,0.001000,1,3,101;202;303,historical_only,1.000000,92.493333,5.855171,462.466667,29.275853,4624.666667,45924.000000,4517.287977,285.000000,0.660203,0.083447,0.000000,0.000000
27,1,5,10.000000,1000,50,0.100000,10,0.050000,1000.000000,0.001000,1,3,101;202;303,real_time_memory_aware,0.500000,92.493333,5.855171,462.466667,29.275853,4624.666667,45924.000000,4517.287977,285.000000,0.660203,0.083447,0.000000,0.000000
27,2,5,10.000000,1000,50,0.100000,10,0.050000,1000.000000,0.001000,1,3,101;202;303,historical_only,1.000000,100.833333,17.566797,504.166667,87.833985,5041.666667,19163.000000,2231.708016,283.333333,0.537169,0.170285,0.000000,0.000000
27,2,5,10.000000,1000,50,0.100000,10,0.050000,1000.000000,0.001000,1,3,101;202;303,real_time_memory_aware,0.500000,108.153333,12.671820,540.766667,63.359100,5407.666667,14677.333333,2721.697060,275.333333,0.497151,0.090085,7.259504,7.259504
27,3,5,10.000000,1000,50,0.100000,10,0.050000,1000.000000,0.001000,1,3,101;202;303,historical_only,1.000000,97.446667,16.254323,487.233333,81.271616,4872.333333,12484.000000,1335.747232,280.666667,0.478967,0.230042,0.000000,0.000000
27,3,5,10.000000,1000,50,0.100000,10,0.050000,1000.000000,0.001000,1,3,101;202;303,real_time_memory_aware,0.500000,109.160000,13.642668,545.800000,68.213342,5458.000000,8994.666667,2015.129497,281.666667,0.471885,0.121393,12.020250,12.020250
27,4,5,10.000000,1000,50,0.100000,10,0.050000,1000.000000,0.001000,1,3,101;202;303,historical_only,1.000000,99.760000,21.477008,498.800000,107.385039,4988.000000,8746.333333,1259.121475,281.666667,0.481315,0.277086,0.000000,0.000000
27,4,5,10.000000,1000,50,0.100000,10,0.050000,1000.000000,0.001000,1,3,101;202;303,real_time_memory_aware,0.500000,109.286667,14.138329,546.433333,70.691647,5464.333333,6271.333333,1610.628518,284.000000,0.466503,0.126550,9.549586,9.549586
27,5,5,10.000000,1000,50,0.100000,10,0.050000,1000.000000,0.001000,1,3,101;202;303,historical_only,1.000000,95.646667,17.866500,478.233333,89.332500,4782.333333,7179.666667,891.699626,279.666667,0.475928,0.290290,0.000000,0.000000
27,5,5,10.000000,1000,50,0.100000,10,0.050000,1000.000000,0.001000,1,3,101;202;303,real_time_memory_aware,0.500000,109.393333,15.076660,546.966667,75.383302,5469.666667,4755.000000,1345.698579,281.666667,0.478586,0.141637,14.372343,14.372343
27,6,5,10.000000,1000,50,0.100000,10,0.050000,1000.000000,0.001000,1,3,101;202;303,historical_only,1.000000,99.260000,22.383428,496.300000,111.917142,4963.000000,5348.666667,1120.296489,281.000000,0.473181,0.305763,0.000000,0.000000
27,6,5,10.000000,1000,50,0.100000,10,0.050000,1000.000000,0.001000,1,3,101;202;303,real_time_memory_aware,0.500000,109.320000,15.593751,546.600000,77.968754,5466.000000,3774.333333,1145.400173,282.666667,0.469611,0.149263,10.134999,10.134999
27,7,5,10.000000,1000,50,0.100000,10,0.050000,1000.000000,0.001000,1,3,101;202;303,historical_only,1.000000,96.060000,20.510219,480.300000,102.551093,4803.000000,4839.666667,782.296761,280.666667,0.482179,0.324226,0.000000,0.000000
27,7,5,10.000000,1000,50,0.100000,10,0.050000,1000.000000,0.001000,1,3,101;202;303,real_time_memory_aware,0.500000,108.046667,16.211110,540.233333,81.055550,5402.333333,3064.333333,1018.412272,284.666667,0.488883,0.165620,12.478312,12.478312
27,8,5,10.000000,1000,50,0.100000,10,0.050000,1000.000000,0.001000,1,3,101;202;303,historical_only,1.000000,96.086667,17.416914,480.433333,87.084569,4804.333333,4176.333333,561.209606,282.666667,0.447950,0.316146,0.000000,0.000000
27,8,5,10.000000,1000,50,0.100000,10,0.050000,1000.000000,0.001000,1,3,101;202;303,real_time_memory_aware,0.500000,108.493333,18.429443,542.466667,92.147213,5424.666667,2610.000000,930.678605,284.333333,0.485156,0.180802,12.911954,12.911954
27,9,5,10.000000,1000,50,0.100000,10,0.050000,1000.000000,0.001000,1,3,101;202;303,historical_only,1.000000,97.460000,19.742908,487.300000,98.714538,4873.000000,3463.666667,668.335910,284.000000,0.443722,0.337166,0.000000,0.000000
27,9,5,10.000000,1000,50,0.100000,10,0.050000,1000.000000,0.001000,1,3,101;202;303,real_time_memory_aware,0.500000,108.340000,16.845898,541.700000,84.229488,5417.000000,2279.000000,767.786429,284.333333,0.492192,0.168156,11.163554,11.163554
27,10,5,10.000000,1000,50,0.100000,10,0.050000,1000.000000,0.001000,1,3,101;202;303,historical_only,1.000000,95.213333,18.268664,476.066667,91.343321,4760.666667,3124.000000,584.808231,283.000000,0.455871,0.338972,0.000000,0.000000
27,10,5,10.000000,1000,50,0.100000,10,0.050000,1000.000000,0.001000,1,3,101;202;303,real_time_memory_aware,0.500000,108.846667,17.420573,544.233333,87.102864,5442.333333,1906.666667,616.214429,285.000000,0.491949,0.173918,14.318723,14.318723
28,1,5,10.000000,1000,50,0.100000,10,0.050000,1000.000000,0.001000,1,3,101;202;303,historical_only,1.000000,92.273333,6.368052,461.366667,31.840261,4613.666667,48048.333333,4615.882605,295.666667,0.662471,0.092819,0.000000,0.000000
28,1,5,10.000000,1000,50,0.100000,10,0.050000,1000.000000,0.001000,1,3,101;202;303,real_time_memory_aware,0.500000,92.273333,6.368052,461.366667,31.840261,4613.666667,48048.333333,4615.882605,295.666667,0.662471,0.092819,0.000000,0.000000
28,2,5,10.000000,1000,50,0.100000,10,0.050000,1000.000000,0.001000,1,3,101;202;303,historical_only,1.000000,102.366667,18.725963,511.833333,93.629815,5118.333333,20312.666667,2647.436664,287.333333,0.516870,0.161829,0.000000,0.000000
28,2,5,10.000000,1000,50,0.100000,10,0.050000,1000.000000,0.001000,1,3,101;202;303,real_time_memory_aware,0.500000,107.040000,13.140025,535.200000,65.700127,5352.000000,15654.666667,2736.987679,291.000000,0.512607,0.108868,4.565288,4.565288
28,3,5,10.000000,1000,50,0.100000,10,0.050000,1000.000000,0.001000,1,3,101;202;303,historical_only,1.000000,96.540000,15.646938,482.700000,78.234690,4827.000000,12989.000000,1554.433873,293.000000,0.559521,0.204519,0.000000,0.000000
28,3,5,10.000000,1000,50,0.100000,10,0.050000,1000.000000,0.001000,1,3,101;202;303,real_time_memory_aware,0.500000,108.260000,13.048964,541.300000,65.244821,5413.000000,9629.666667,2117.366971,289.333333,0.489763,0.093108,12.140046,12.140046
28,4,5,10.000000,1000,50,0.100000,10,0.050000,1000.000000,0.001000,1,3,101;202;303,historical_only,1.000000,99.506667,20.024228,497.533333,100.121138,4975.333333,9377.666667,1207.289342,289.000000,0.478472,0.260553,0.000000,0.000000
28,4,5,10.000000,1000,50,0.100000,10,0.050000,1000.000000,0.001000,1,3,101;202;303,real_time_memory_aware,0.500000,109.053333,15.100996,545.266667,75.504981,5452.666667,6696.000000,1756.878102,292.666667,0.481474,0.133411,9.593997,9.593997
28,5,5,10.000000,1000,50,0.100000,10,0.050000,1000.000000,0.001000,1,3,101;202;303,historical_only,1.000000,95.546667,17.385644,477.733333,86.928221,4777.333333,7588.666667,872.834972,292.000000,0.481143,0.281429,0.000000,0.000000
28,5,5,10.000000,1000,50,0.100000,10,0.050000,1000.000000,0.001000,1,3,101;202;303,real_time_memory_aware,0.500000,108.553333,15.647367,542.766667,78.236834,5427.666667,5037.000000,1405.739900,296.333333,0.483681,0.134002,13.612894,13.612894
28,6,5,10.000000,1000,50,0.100000,10,0.050000,1000.000000,0.001000,1,3,101;202;303,historical_only,1.000000,98.946667,22.454085,494.733333,112.270427,4947.333333,5829.000000,1011.189399,293.333333,0.491587,0.289798,0.000000,0.000000
28,6,5,10.000000,1000,50,0.100000,10,0.050000,1000.000000,0.001000,1,3,101;202;303,real_time_memory_aware,0.500000,107.940000,14.052767,539.700000,70.263836,5397.000000,3978.000000,1201.499896,295.666667,0.482151,0.142865,9.089072,9.089072
28,7,5,10.000000,1000,50,0.100000,10,0.050000,1000.000000,0.001000,1,3,101;202;303,historical_only,1.000000,99.166667,22.519688,495.833333,112.598441,4958.333333,4896.333333,891.244947,292.000000,0.475430,0.317002,0.000000,0.000000
28,7,5,10.000000,1000,50,0.100000,10,0.050000,1000.000000,0.001000,1,3,101;202;303,real_time_memory_aware,0.500000,108.000000,14.147820,540.000000,70.739098,5400.000000,3267.333333,1028.563507,294.666667,0.478348,0.139547,8.907563,8.907563
28,8,5,10.000000,1000,50,0.100000,10,0.050000,1000.000000,0.001000,1,3,101;202;303,historical_only,1.000000,97.680000,22.862762,488.400000,114.313808,4884.000000,4220.666667,804.614331,295.000000,0.469181,0.340256,0.000000,0.000000
28,8,5,10.000000,1000,50,0.100000,10,0.050000,1000.000000,0.001000,1,3,101;202;303,real_time_memory_aware,0.500000,107.366667,17.054965,536.833333,85.274824,5368.333333,2815.333333,911.937254,295.666667,0.502075,0.174942,9.916735,9.916735
28,9,5,10.000000,1000,50,0.100000,10,0.050000,1000.000000,0.001000,1,3,101;202;303,historical_only,1.000000,97.720000,20.647983,488.600000,103.239915,4886.000000,3681.000000,834.938720,293.000000,0.482540,0.331787,0.000000,0.000000
28,9,5,10.000000,1000,50,0.100000,10,0.050000,1000.000000,0.001000,1,3,101;202;303,real_time_memory_aware,0.500000,106.433333,16.471084,532.166667,82.355422,5321.666667,2422.333333,818.985280,294.666667,0.500492,0.174745,8.916633,8.916633
28,10,5,10.000000,1000,50,0.100000,10,0.050000,1000.000000,0.001000,1,3,101;202;303,historical_only,1.000000,94.906667,19.224709,474.533333,96.123543,4745.333333,3275.666667,584.977113,294.333333,0.477286,0.360729,0.000000,0.000000
28,10,5,10.000000,1000,50,0.100000,10,0.050000,1000.000000,0.001000,1,3,101;202;303,real_time_memory_aware,0.500000,106.580000,18.757654,532.900000,93.788272,5329.000000,2103.000000,720.983125,295.333333,0.514689,0.200532,12.299803,12.299803
29,1,5,10.000000,1000,50,0.100000,10,0.050000,1000.000000,0.001000,1,3,101;202;303,historical_only,1.000000,93.466667,4.657849,467.333333,23.289244,4673.333333,49983.666667,4860.447259,306.000000,0.629728,0.074384,0.000000,0.000000
29,1,5,10.000000,1000,50,0.100000,10,0.050000,1000.000000,0.001000,1,3,101;202;303,real_time_memory_aware,0.500000,93.466667,4.657849,467.333333,23.289244,4673.333333,49983.666667,4860.447259,306.000000,0.629728,0.074384,0.000000,0.000000
29,2,5,10.000000,1000,50,0.100000,10,0.050000,1000.000000,0.001000,1,3,101;202;303,historical_only,1.000000,102.293333,19.072817,511.466667,95.364086,5114.666667,21281.666667,2621.878377,301.000000,0.538445,0.165706,0.000000,0.000000
29,2,5,10.000000,1000,50,0.100000,10,0.050000,1000.000000,0.001000,1,3,101;202;303,real_time_memory_aware,0.500000,107.486667,13.579714,537.433333,67.898568,5374.333333,16632.000000,2886.638299,297.333333,0.525850,0.090342,5.076903,5.076903
29,3,5,10.000000,1000,50,0.100000,10,0.050000,1000.000000,0.001000,1,3,101;202;303,historical_only,1.000000,97.993333,17.806376,489.966667,89.031879,4899.666667,13747.333333,1372.619475,299.000000,0.479079,0.246623,0.000000,0.000000
29,3,5,10.000000,1000,50,0.100000,10,0.050000,1000.000000,0.001000,1,3,101;202;303,real_time_memory_aware,0.500000,106.786667,13.866423,533.933333,69.332115,5339.333333,10244.333333,2145.667469,306.000000,0.511852,0.115331,8.973400,8.973400
29,4,5,10.000000,1000,50,0.100000,10,0.050000,1000.000000,0.001000,1,3,101;202;303,historical_only,1.000000,99.046667,21.133104,495.233333,105.665520,4952.333333,9786.666667,1301.989845,303.333333,0.486904,0.264546,0.000000,0.000000
29,4,5,10.000000,1000,50,0.100000,10,0.050000,1000.000000,0.001000,1,3,101;202;303,real_time_memory_aware,0.500000,107.346667,13.844097,536.733333,69.220485,5367.333333,7192.000000,1729.988632,302.000000,0.490002,0.127961,8.379888,8.379888
29,5,5,10.000000,1000,50,0.100000,10,0.050000,1000.000000,0.001000,1,3,101;202;303,historical_only,1.000000,94.220000,17.220693,471.100000,86.103465,4711.000000,8029.333333,918.882050,301.666667,0.503290,0.279422,0.000000,0.000000
29,5,5,10.000000,1000,50,0.100000,10,0.050000,1000.000000,0.001000,1,3,101;202;303,real_time_memory_aware,0.500000,107.760000,15.737454,538.800000,78.687271,5388.000000,5427.333333,1555.003180,304.666667,0.488206,0.158209,14.370622,14.370622
29,6,5,10.000000,1000,50,0.100000,10,0.050000,1000.000000,0.001000,1,3,101;202;303,historical_only,1.000000,96.493333,20.681923,482.466667,103.409617,4824.666667,6379.000000,888.604899,304.000000,0.486449,0.306551,0.000000,0.000000
29,6,5,10.000000,1000,50,0.100000,10,0.050000,1000.000000,0.001000,1,3,101;202;303,real_time_memory_aware,0.500000,107.300000,15.183992,536.500000,75.919958,5365.000000,4270.000000,1256.461699,302.666667,0.491505,0.150026,11.199392,11.199392
29,7,5,10.000000,1000,50,0.100000,10,0.050000,1000.000000,0.001000,1,3,101;202;303,historical_only,1.000000,98.533333,21.546454,492.666667,107.732271,4926.666667,5205.666667,858.328738,306.000000,0.468671,0.315819,0.000000,0.000000
29,7,5,10.000000,1000,50,0.100000,10,0.050000,1000.000000,0.001000,1,3,101;202;303,real_time_memory_aware,0.500000,107.326667,15.595985,536.633333,77.979926,5366.333333,3535.000000,1093.160860,307.000000,0.491198,0.159539,8.924222,8.924222
29,8,5,10.000000,1000,50,0.100000,10,0.050000,1000.000000,0.001000,1,3,101;202;303,historical_only,1.000000,96.973333,23.254197,484.866667,116.270986,4848.666667,4449.333333,837.509138,308.333333,0.489393,0.346791,0.000000,0.000000
29,8,5,10.000000,1000,50,0.100000,10,0.050000,1000.000000,0.001000,1,3,101;202;303,real_time_memory_aware,0.500000,105.513333,16.986538,527.566667,84.932692,5275.666667,3005.666667,1004.301858,304.000000,0.511440,0.176890,8.806545,8.806545
29,9,5,10.000000,1000,50,0.100000,10,0.050000,1000.000000,0.001000,1,3,101;202;303,historical_only,1.000000,92.880000,20.190948,464.400000,100.954742,4644.000000,4070.000000,696.635247,305.000000,0.481650,0.380564,0.000000,0.000000
29,9,5,10.000000,1000,50,0.100000,10,0.050000,1000.000000,0.001000,1,3,101;202;303,real_time_memory_aware,0.500000,104.206667,17.825602,521.033333,89.128010,5210.333333,2602.333333,894.095570,305.333333,0.528769,0.204913,12.194947,12.194947
29,10,5,10.000000,1000,50,0.100000,10,0.050000,1000.000000,0.001000,1,3,101;202;303,historical_only,1.000000,93.660000,19.726639,468.300000,98.633193,4683.000000,3517.666667,670.921920,307.000000,0.482183,0.354088,0.000000,0.000000
29,10,5,10.000000,1000,50,0.100000,10,0.050000,1000.000000,0.001000,1,3,101;202;303,real_time_memory_aware,0.500000,104.906667,17.358044,524.533333,86.790220,5245.333333,2204.666667,767.175049,304.333333,0.518488,0.197708,12.007972,12.007972
30,1,5,10.000000,1000,50,0.100000,10,0.050000,1000.000000,0.001000,1,3,101;202;303,historical_only,1.000000,91.866667,6.833922,459.333333,34.169610,4593.333333,52131.333333,5172.994512,310.666667,0.658728,0.110954,0.000000,0.000000
30,1,5,10.000000,1000,50,0.100000,10,0.050000,1000.000000,0.001000,1,3,101;202;303,real_time_memory_aware,0.500000,91.866667,6.833922,459.333333,34.169610,4593.333333,52131.333333,5172.994512,310.666667,0.658728,0.110954,0.000000,0.000000
30,2,5,10.000000,1000,50,0.100000,10,0.050000,1000.000000,0.001000,1,3,101;202;303,historical_only,1.000000,100.513333,13.064653,502.566667,65.323265,5025.666667,22719.000000,2646.965180,311.333333,0.526997,0.137354,0.000000,0.000000
30,2,5,10.000000,1000,50,0.100000,10,0.050000,1000.000000,0.001000,1,3,101;202;303,real_time_memory_aware,0.500000,105.946667,13.391961,529.733333,66.959806,5297.333333,17673.666667,2937.484676,311.333333,0.524075,0.102285,5.405585,5.405585
30,3,5,10.000000,1000,50,0.100000,10,0.050000,1000.000000,0.001000,1,3,101;202;303,historical_only,1.000000,101.953333,18.506794,509.766667,92.533970,5097.666667,14479.000000,2092.191355,309.666667,0.466826,0.199991,0.000000,0.000000
30,3,5,10.000000,1000,50,0.100000,10,0.050000,1000.000000,0.001000,1,3,101;202;303,real_time_memory_aware,0.500000,105.700000,12.829134,528.500000,64.145668,5285.000000,10833.666667,2143.306065,317.666667,0.519201,0.102368,3.674884,3.674884
30,4,5,10.000000,1000,50,0.100000,10,0.050000,1000.000000,0.001000,1,3,101;202;303,historical_only,1.000000,95.886667,17.685175,479.433333,88.425876,4794.333333,10602.666667,1071.802946,313.333333,0.495403,0.266406,0.000000,0.000000
30,4,5,10.000000,1000,50,0.100000,10,0.050000,1000.000000,0.001000,1,3,101;202;303,real_time_memory_aware,0.500000,106.820000,15.104180,534.100000,75.520902,5341.000000,7677.333333,1744.735765,314.666667,0.510458,0.130125,11.402350,11.402350
30,5,5,10.000000,1000,50,0.100000,10,0.050000,1000.000000,0.001000,1,3,101;202;303,historical_only,1.000000,97.146667,20.285458,485.733333,101.427292,4857.333333,8160.000000,971.577068,314.333333,0.495948,0.282559,0.000000,0.000000
30,5,5,10.000000,1000,50,0.100000,10,0.050000,1000.000000,0.001000,1,3,101;202;303,real_time_memory_aware,0.500000,107.153333,14.914086,535.766667,74.570429,5357.666667,5770.000000,1469.977551,308.333333,0.510635,0.134845,10.300576,10.300576
30,6,5,10.000000,1000,50,0.100000,10,0.050000,1000.000000,0.001000,1,3,101;202;303,historical_only,1.000000,97.586667,23.232783,487.933333,116.163917,4879.333333,6460.333333,1037.545287,310.666667,0.510945,0.321669,0.000000,0.000000
30,6,5,10.000000,1000,50,0.100000,10,0.050000,1000.000000,0.001000,1,3,101;202;303,real_time_memory_aware,0.500000,105.406667,15.993702,527.033333,79.968508,5270.333333,4616.666667,1341.836138,317.000000,0.517543,0.164486,8.013390,8.013390
30,7,5,10.000000,1000,50,0.100000,10,0.050000,1000.000000,0.001000,1,3,101;202;303,historical_only,1.000000,93.366667,18.221923,466.833333,91.109617,4668.333333,5743.666667,766.780861,313.000000,0.498311,0.329734,0.000000,0.000000
30,7,5,10.000000,1000,50,0.100000,10,0.050000,1000.000000,0.001000,1,3,101;202;303,real_time_memory_aware,0.500000,106.246667,16.411007,531.233333,82.055036,5312.333333,3835.333333,1196.192385,313.000000,0.510028,0.175491,13.795073,13.795073
30,8,5,10.000000,1000,50,0.100000,10,0.050000,1000.000000,0.001000,1,3,101;202;303,historical_only,1.000000,97.560000,16.227557,487.800000,81.137784,4878.000000,4940.666667,788.972468,318.666667,0.441543,0.264520,0.000000,0.000000
30,8,5,10.000000,1000,50,0.100000,10,0.050000,1000.000000,0.001000,1,3,101;202;303,real_time_memory_aware,0.500000,104.293333,17.046621,521.466667,85.233105,5214.666667,3242.666667,1041.289372,317.333333,0.525985,0.184771,6.901736,6.901736
30,9,5,10.000000,1000,50,0.100000,10,0.050000,1000.000000,0.001000,1,3,101;202;303,historical_only,1.000000,97.900000,22.919779,489.500000,114.598895,4895.000000,4048.666667,753.202201,313.333333,0.486127,0.334253,0.000000,0.000000
30,9,5,10.000000,1000,50,0.100000,10,0.050000,1000.000000,0.001000,1,3,101;202;303,real_time_memory_aware,0.500000,105.206667,16.291612,526.033333,81.458060,5260.333333,2770.333333,907.621923,318.000000,0.515391,0.181060,7.463398,7.463398
30,10,5,10.000000,1000,50,0.100000,10,0.050000,1000.000000,0.001000,1,3,101;202;303,historical_only,1.000000,92.993333,20.928936,464.966667,104.644679,4649.666667,3751.333333,704.391148,317.000000,0.489651,0.389398,0.000000,0.000000
30,10,5,10.000000,1000,50,0.100000,10,0.050000,1000.000000,0.001000,1,3,101;202;303,real_time_memory_aware,0.500000,104.073333,18.271919,520.366667,91.359595,5203.666667,2383.333333,841.116058,318.333333,0.528260,0.208266,11.914833,11.914833
